"Vuln ID","Severity","Group Title","Rule ID","STIG ID","Rule Title","Discussion","IA Controls","Check Content","Fix Text","False Positives","False Negatives","Documentable","Mitigations","Potential Impact","Third Party Tools","Mitigation Control","Responsibility","Severity Override Guidance","Check Content Reference","Classification","STIG","VMS Asset Posture","CCI",
"V-756","medium","GEN000020","SV-36753r1_rule","GEN000020","The system must require authentication upon booting into single-user and maintenance modes.","If the system does not require valid root authentication before it boots into single-user or maintenance mode, anyone who invokes single-user or maintenance mode is granted privileged access to all files on the system.","IAIA-1, IAIA-2","This can be checked in the /etc/default/sulogin file (on Solaris 5.X systems) to check if the system runs sulogin, or an equivalent, when booting into single-user mode.","Edit /etc/default/sulogin and set PASSREQ=YES or remove /etc/default/sulogin entirely.  NOTE: This is a default on Solaris 5.5.1 and later. ","","","false","","","","","System Administrator","","M","Unclass","Solaris 10 SPARC Security Technical Implementation Guide :: Version 1, Release: 24 Benchmark Date: 25 Jan 2019","24","CCI-000213
The information system enforces approved authorizations for logical access to information and system resources in accordance with applicable access control policies.
NIST SP 800-53 :: AC-3
NIST SP 800-53A :: AC-3.1
NIST SP 800-53 Revision 4 :: AC-3

",
"V-760","medium","GEN000280","SV-41504r1_rule","GEN000280","Direct logins must not be permitted to shared, default, application, or utility accounts.","Shared accounts (accounts where two or more people log in with the same user identification) do not provide identification and authentication.  There is no way to provide for non-repudiation or individual accountability.","IAIA-1","Use the last command to check for multiple accesses to an account from different workstations/IP addresses. If users log directly onto accounts, rather than using the su command from their own named account to access them, this is a finding (such as logging directly on to Oracle). Also, ask the SA or the IAO if shared accounts are logged into directly or if users log on to an individual account and switch user to the shared account.

","Use the switch user (su) command from a named account login to access shared accounts. Maintain audit trails that identify the actual user of the account name. Document requirements and procedures for users/administrators to log into their own accounts first and then switch user (su) to the shared account.  ","","","false","","","","","System Administrator","","M","Unclass","Solaris 10 SPARC Security Technical Implementation Guide :: Version 1, Release: 24 Benchmark Date: 25 Jan 2019","24","CCI-000770
The organization requires individuals to be authenticated with an individual authenticator when a group authenticator is employed.
NIST SP 800-53 :: IA-2 (5) (b)
NIST SP 800-53A :: IA-2 (5).2 (ii)
NIST SP 800-53 Revision 4 :: IA-2 (5)

",
"V-761","medium","GEN000300","SV-27061r2_rule","GEN000300","All accounts on the system must have unique user or account names.","A unique user name is the first part of the identification and authentication process.  If user names are not unique, there can be no accountability on the system for auditing purposes.  Multiple accounts sharing the same name could result in the Denial of Service to one or both of the accounts or unauthorized access to files or privileges.","","Check the system for duplicate account names.

Example:
# passwd -sa | sort | uniq -c | awk '$1 > 1 {print $2}'

If any duplicate account names are found, this is a finding.","Change user account names, or delete accounts, so each account has a unique name. ","","","false","","","","","System Administrator","","M","Unclass","Solaris 10 SPARC Security Technical Implementation Guide :: Version 1, Release: 24 Benchmark Date: 25 Jan 2019","24","CCI-000764
The information system uniquely identifies and authenticates organizational users (or processes acting on behalf of organizational users).
NIST SP 800-53 :: IA-2
NIST SP 800-53A :: IA-2.1
NIST SP 800-53 Revision 4 :: IA-2

",
"V-762","medium","GEN000320","SV-27065r1_rule","GEN000320","All accounts must be assigned unique User Identification Numbers (UIDs).","Accounts sharing a UID have full access to each others' files.  This has the same effect as sharing a login.  There is no way to assure identification, authentication, and accountability because the system sees them as the same user. If the duplicate UID is 0, this gives potential intruders another privileged account to attack.","IAIA-1, IAIA-2","Perform the following to ensure there are no duplicate UIDs.
# logins -d
If any duplicate UIDs are found, this is a finding.","Edit user accounts to provide unique UIDs for each account.","","","false","","","","","System Administrator","","M","Unclass","Solaris 10 SPARC Security Technical Implementation Guide :: Version 1, Release: 24 Benchmark Date: 25 Jan 2019","24","CCI-000764
The information system uniquely identifies and authenticates organizational users (or processes acting on behalf of organizational users).
NIST SP 800-53 :: IA-2
NIST SP 800-53A :: IA-2.1
NIST SP 800-53 Revision 4 :: IA-2

",
"V-763","medium","GEN000400","SV-28596r1_rule","GEN000400","The Department of Defense (DoD) login banner must be displayed immediately prior to, or as part of, console login prompts.","Failure to display the login banner prior to a logon attempt will negate legal proceedings resulting from unauthorized access to system resources.","ECWM-1","Access the system console and make a logon attempt. Check for either of the following login banners based on the character limitations imposed by the system. An exact match is required. If one of these banners is not displayed, this is a finding.

""You are accessing a U.S. Government (USG) Information System (IS) that is provided for USG-authorized use only.

By using this IS (which includes any device attached to this IS), you consent to the following conditions:

-The USG routinely intercepts and monitors communications on this IS for purposes including, but not limited to, penetration testing, COMSEC monitoring, network operations and defense, personnel misconduct (PM), law enforcement (LE), and counterintelligence (CI) investigations.

-At any time, the USG may inspect and seize data stored on this IS.

-Communications using, or data stored on, this IS are not private, are subject to routine monitoring, interception, and search, and may be disclosed or used for any USG-authorized purpose.

-This IS includes security measures (e.g., authentication and access controls) to protect USG interests--not for your personal benefit or privacy.

-Notwithstanding the above, using this IS does not constitute consent to PM, LE or CI investigative searching or monitoring of the content of privileged communications, or work product, related to personal representation or services by attorneys, psychotherapists, or clergy, and their assistants. Such communications and work product are private and confidential. See User Agreement for details. ""

OR

""I've read & consent to terms in IS user agreem't.""","Edit /etc/issue and add one of the DoD login banners (based on the character limitations imposed by the system).

DoD Login Banners:

""You are accessing a U.S. Government (USG) Information System (IS) that is provided for USG-authorized use only.

By using this IS (which includes any device attached to this IS), you consent to the following conditions:

-The USG routinely intercepts and monitors communications on this IS for purposes including, but not limited to, penetration testing, COMSEC monitoring, network operations and defense, personnel misconduct (PM), law enforcement (LE), and counterintelligence (CI) investigations.

-At any time, the USG may inspect and seize data stored on this IS.

-Communications using, or data stored on, this IS are not private, are subject to routine monitoring, interception, and search, and may be disclosed or used for any USG-authorized purpose.

-This IS includes security measures (e.g., authentication and access controls) to protect USG interests--not for your personal benefit or privacy.

-Notwithstanding the above, using this IS does not constitute consent to PM, LE or CI investigative searching or monitoring of the content of privileged communications, or work product, related to personal representation or services by attorneys, psychotherapists, or clergy, and their assistants. Such communications and work product are private and confidential. See User Agreement for details.""

OR

""I've read & consent to terms in IS user agreem't.""","","","false","","","","","System Administrator","","M","Unclass","Solaris 10 SPARC Security Technical Implementation Guide :: Version 1, Release: 24 Benchmark Date: 25 Jan 2019","24","CCI-000048
The information system displays an organization-defined system use notification message or banner before granting access to the system that provides privacy and security notices consistent with applicable federal laws, Executive Orders, directives, policies, regulations, standards, and guidance.
NIST SP 800-53 :: AC-8 a
NIST SP 800-53A :: AC-8.1 (ii)
NIST SP 800-53 Revision 4 :: AC-8 a

",
"V-765","medium","GEN000440","SV-27080r1_rule","GEN000440","Successful and unsuccessful logins and logouts must be logged.","Monitoring and recording successful and unsuccessful logins assist in tracking unauthorized access to the system.  Without this logging, the ability to track unauthorized activity to specific user accounts may be diminished.","ECAR-1, ECAR-2, ECAR-3","Determine if successful logons are being logged.
# last | more

Determine if unsuccessful logons are being logged.
# more /var/adm/loginlog

If the commands do not return successful and unsuccessful logins, this is a finding.

Check the syslog daemon configuration for authentication logging.
# egrep ""auth\.(info|debug)"" /etc/syslog.conf
If there are no entries in syslog for the auth service,  this is a finding.","Verify that login logs are handled correctly in the /etc/syslog.conf file.   Edit the /etc/syslog.conf file and add one of the entries below.

auth.debug    /var/log/authlog
OR 
auth.*    /var/log/authlog

Verify that service startup scripts for syslog and utmp (if present) are enabled. 
","","","false","","","","","System Administrator","","M","Unclass","Solaris 10 SPARC Security Technical Implementation Guide :: Version 1, Release: 24 Benchmark Date: 25 Jan 2019","24","CCI-000126
The organization determines that the organization-defined subset of the auditable events defined in AU-2 are to be audited within the information system.
NIST SP 800-53 :: AU-2 d
NIST SP 800-53A :: AU-2.1 (v)
NIST SP 800-53 Revision 4 :: AU-2 d

",
"V-766","medium","GEN000460","SV-39815r1_rule","GEN000460","The system must disable accounts after three consecutive unsuccessful login attempts.","Disabling accounts after a limited number of unsuccessful login attempts improves protection against password guessing attacks.","ECLO-1, ECLO-2","Verify RETRIES is set in the login file.

# grep RETRIES /etc/default/login 
If RETRIES is not set or is more than 3, this is a finding.

Verify the account locks after invalid login attempts.
# grep LOCK_AFTER_RETRIES /etc/security/policy.conf  
If LOCK_AFTER_RETRIES is not set to YES,  this is a finding.","Set RETRIES to 3 in the /etc/default/login file.
#vi /etc/default/login

Set LOCK_AFTER_RETRIES to YES in the /etc/security/policy.conf file.
#vi /etc/security/policy.conf","","","false","","","","","System Administrator","","M","Unclass","Solaris 10 SPARC Security Technical Implementation Guide :: Version 1, Release: 24 Benchmark Date: 25 Jan 2019","24","CCI-000044
The information system enforces the organization-defined limit of consecutive invalid logon attempts by a user during the organization-defined time period.
NIST SP 800-53 :: AC-7 a
NIST SP 800-53A :: AC-7.1 (ii)
NIST SP 800-53 Revision 4 :: AC-7 a

",
"V-768","medium","GEN000480","SV-27094r1_rule","GEN000480","The delay between login prompts following a failed login attempt must be at least 4 seconds.","Enforcing a delay between successive failed login attempts increases protection against automated password guessing attacks.
","ECLO-1, ECLO-2","Check the SLEEPTIME parameter in the /etc/default/login file.

# grep SLEEPTIME /etc/default/login

If SLEEPTIME is not listed, commented out, or less than 4, this is a finding.","Edit the /etc/default/login file and set SLEEPTIME to 4. ","","","false","","","","","System Administrator","","M","Unclass","Solaris 10 SPARC Security Technical Implementation Guide :: Version 1, Release: 24 Benchmark Date: 25 Jan 2019","24","CCI-002238
The information system automatically locks the account or node for either an organization-defined time period, until the locked account or node is released by an administrator, or delays the next login prompt according to the organization-defined delay algorithm when the maximum number of unsuccessful attempts is exceeded.
NIST SP 800-53 Revision 4 :: AC-7 b

",
"V-769","medium","GEN000520","SV-769r2_rule","GEN000520","The root user must not own the logon session for an application requiring a continuous display.","If an application is providing a continuous display and is running with root privileges, unauthorized users could interrupt the process and gain root access to the system.","PESL-1","If there is an application running on the system continuously in use (such as a network monitoring application), ask the SA what the name of the application is. Execute the following to determine which user owns the process(es) associated with the application. If the owner is root, this is a finding.

# ps -ef | more","Configure the system so the owner of a session requiring a continuous screen display, such as a network management display, is not root. Ensure the display is also located in a secure, controlled access area. Document and justify this requirement. Ensure the terminal and keyboard for the display (or workstation) are secure from all but authorized personnel by maintaining them in a secure area, in a locked cabinet where a swipe card, or other positive forms of identification, must be used to gain entry.  ","","","false","","","","","System Administrator","","M","Unclass","Solaris 10 SPARC Security Technical Implementation Guide :: Version 1, Release: 24 Benchmark Date: 25 Jan 2019","24","CCI-000225
The organization employs the concept of least privilege, allowing only authorized accesses for users (and processes acting on behalf of users) which are necessary to accomplish assigned tasks in accordance with organizational missions and business functions.
NIST SP 800-53 :: AC-6
NIST SP 800-53A :: AC-6.1
NIST SP 800-53 Revision 4 :: AC-6

",
"V-770","high","GEN000560","SV-27105r1_rule","GEN000560","The system must not have accounts configured with blank or null passwords.","If an account is configured for password authentication but does not have an assigned password, it may be possible to log into the account without authentication.  If the root user is configured without a password, the entire system may be compromised.  For user accounts not using password authentication, the account must be configured with a password lock value instead of a blank or null value.  ","IAIA-1, IAIA-2","Verify no accounts have blank passwords.

# logins -p

If any account with a blank password is found, this is a finding.","Remove, lock, or configure a password for any account with a blank password.   ","","","false","","","","","System Administrator","","M","Unclass","Solaris 10 SPARC Security Technical Implementation Guide :: Version 1, Release: 24 Benchmark Date: 25 Jan 2019","24","CCI-000366
The organization implements the security configuration settings.
NIST SP 800-53 :: CM-6 b
NIST SP 800-53A :: CM-6.1 (iv)
NIST SP 800-53 Revision 4 :: CM-6 b

",
"V-773","medium","GEN000880","SV-39820r1_rule","GEN000880","The root account must be the only account having an UID of 0.","If an account has an UID of 0, it has root authority. Multiple accounts with an UID of 0 afford more opportunity for potential intruders to guess a password for a privileged account.","ECLP-1","Check the system for duplicate UID 0 assignments by listing all accounts assigned UID 0.

Procedure:
# awk -F: '$3 == 0' /etc/passwd

If any accounts other than root are assigned UID 0, this is a finding.","Remove or change the UID of accounts other than root that have UID 0.   ","","","false","","","","","System Administrator","","M","Unclass","Solaris 10 SPARC Security Technical Implementation Guide :: Version 1, Release: 24 Benchmark Date: 25 Jan 2019","24","CCI-000366
The organization implements the security configuration settings.
NIST SP 800-53 :: CM-6 b
NIST SP 800-53A :: CM-6.1 (iv)
NIST SP 800-53 Revision 4 :: CM-6 b

",
"V-774","low","GEN000900","SV-774r2_rule","GEN000900","The root user's home directory must not be the root directory (/).","Changing the root home directory to something other than / and assigning it a 0700 protection makes it more difficult for intruders to manipulate the system by reading the files that root places in its default directory. It also gives root the same discretionary access control for root's home directory as for the other plain user home directories.","ECCD-1, ECCD-2","Determine if root is assigned a home directory other than / by listing its home directory.

Procedure:
# grep ""^root"" /etc/passwd | awk -F"":"" '{print $6}'

If the root user home directory is /, this is a finding.","The root home directory should be something other than / (such as /rootdir).

Procedure:
# mkdir /rootdir
# chown root /rootdir
# chgrp root /rootdir
# chmod 700 /rootdir
# cp -r /.??* /rootdir

Edit the passwd file and change the root home directory to /rootdir. The cp -r /.??* command copies all files and subdirectories of file names beginning with ""."" into the new root directory, which preserves the previous root environment. The cp command must be executed from the / directory.","","","false","","","","","System Administrator","","M","Unclass","Solaris 10 SPARC Security Technical Implementation Guide :: Version 1, Release: 24 Benchmark Date: 25 Jan 2019","24","CCI-000366
The organization implements the security configuration settings.
NIST SP 800-53 :: CM-6 b
NIST SP 800-53A :: CM-6.1 (iv)
NIST SP 800-53 Revision 4 :: CM-6 b

",
"V-775","medium","GEN000920","SV-775r2_rule","GEN000920","The root account's home directory (other than /) must have mode 0700.","Permissions greater than 0700 could allow unauthorized users access to the root home directory.","ECCD-1, ECCD-2","Check the mode of the root home directory.

Procedure:
# grep ""^root"" /etc/passwd | awk -F"":"" '{print $6}'
# ls -ld <root home directory>

If the mode of the directory is not equal to 0700, this is a finding. If the home directory is /, this is not applicable.","The root home directory will have permissions of 0700. Do not change the protections of the / directory. Use the following command to change protections for the root home directory.
# chmod 0700 /rootdir.   ","","","false","","","","","System Administrator","","M","Unclass","Solaris 10 SPARC Security Technical Implementation Guide :: Version 1, Release: 24 Benchmark Date: 25 Jan 2019","24","CCI-000225
The organization employs the concept of least privilege, allowing only authorized accesses for users (and processes acting on behalf of users) which are necessary to accomplish assigned tasks in accordance with organizational missions and business functions.
NIST SP 800-53 :: AC-6
NIST SP 800-53A :: AC-6.1
NIST SP 800-53 Revision 4 :: AC-6

",
"V-776","medium","GEN000940","SV-776r4_rule","GEN000940","The root accounts executable search path must contain only authorized paths.","The executable search path (typically the PATH environment variable) contains a list of directories for the shell to search to find executables. If this path includes the current working directory or other relative paths, executables in these directories may be executed instead of system commands. This variable is formatted as a colon-separated list of directories. If there is an empty entry, such as a leading or trailing colon, two consecutive colons, or a single period, this is interpreted as the current working directory. Entries starting with a slash (/) are absolute paths.","","To view the root user's PATH, log in as the root user, and execute the following.
# env | grep PATH

This variable is formatted as a colon-separated list of directories. 

If there is an empty entry, such as a leading or trailing colon or two consecutive colons, this is a finding. 

If an entry begins with a character other than a slash (/), or has not been documented with the ISSO, this is a finding.
","Edit the root user's local initialization files. Remove any empty path entries. Remove any relative path entries that have not been documented with the ISSO.

Edit the root user’s local initialization files and remove any empty entry that is defined.
","","","false","","","","","System Administrator","","M","Unclass","Solaris 10 SPARC Security Technical Implementation Guide :: Version 1, Release: 24 Benchmark Date: 25 Jan 2019","24","CCI-000366
The organization implements the security configuration settings.
NIST SP 800-53 :: CM-6 b
NIST SP 800-53A :: CM-6.1 (iv)
NIST SP 800-53 Revision 4 :: CM-6 b

",
"V-777","medium","GEN000960","SV-37075r1_rule","GEN000960","The root account must not have world-writable directories in its executable search path.","If the root search path contains a world-writable directory, malicious software could be placed in the path by intruders and/or malicious users and inadvertently run by root with all of root's privileges.
","ECCD-1, ECCD-2","Check for world-writable permissions on all directories in the root user's executable search path. Procedure (on multiple lines): 

# echo $PATH | sed 's/ /\\ /g; s/:/
/g' | xargs ls -ld

If any of the directories in the PATH variable are world-writable, this is a finding.","For each world-writable path in root's executable search path, perform one of the following.

1. Remove the world-writable permission on the directory.
Procedure:
# chmod o-w <path>

2. Remove the world-writable directory from the executable search path.

Procedure:
Identify and edit the initialization file referencing the world-writable directory and remove it from the PATH variable.   ","","","false","","","","","System Administrator","","M","Unclass","Solaris 10 SPARC Security Technical Implementation Guide :: Version 1, Release: 24 Benchmark Date: 25 Jan 2019","24","CCI-000366
The organization implements the security configuration settings.
NIST SP 800-53 :: CM-6 b
NIST SP 800-53A :: CM-6.1 (iv)
NIST SP 800-53 Revision 4 :: CM-6 b

",
"V-778","medium","GEN000980","SV-27143r1_rule","GEN000980","The system must prevent the root account from directly logging in except from the system console.","Limiting the root account direct logins to only system consoles protects the root account from direct unauthorized access from a non-console device.
","ECPA-1","Check the CONSOLE setting in /etc/default/login
# grep CONSOLE /etc/default/login
If CONSOLE is set to a value other than /dev/console, this is a finding.","Edit the /etc/default/login file and uncomment the line containing /dev/console if it is commented out.","","","false","","","","","System Administrator","","M","Unclass","Solaris 10 SPARC Security Technical Implementation Guide :: Version 1, Release: 24 Benchmark Date: 25 Jan 2019","24","CCI-000770
The organization requires individuals to be authenticated with an individual authenticator when a group authenticator is employed.
NIST SP 800-53 :: IA-2 (5) (b)
NIST SP 800-53A :: IA-2 (5).2 (ii)
NIST SP 800-53 Revision 4 :: IA-2 (5)

",
"V-780","medium","GEN000360","SV-28658r1_rule","GEN000360","GIDs reserved for system accounts must not be assigned to non-system groups.","Reserved GIDs are typically used by system software packages.  If non-system groups have GIDs in this range, they may conflict with system software, possibly leading to the group having permissions to modify system files.","ECSC-1","# more /etc/passwd 
Confirm all accounts with a GID of 99 and below are used by a system account. If a GID reserved for system accounts (0 - 99)  is used by a non-system account, this is a finding. ","Change the primary group GID numbers for non-system accounts with reserved primary group GIDs (those less or equal to 99).

# usermod -g <new_group> <user>","","","true","","","","","System Administrator","","M","Unclass","Solaris 10 SPARC Security Technical Implementation Guide :: Version 1, Release: 24 Benchmark Date: 25 Jan 2019","24","CCI-000366
The organization implements the security configuration settings.
NIST SP 800-53 :: CM-6 b
NIST SP 800-53A :: CM-6.1 (iv)
NIST SP 800-53 Revision 4 :: CM-6 b

",
"V-781","low","GEN000380","SV-27069r1_rule","GEN000380","All GIDs referenced in the /etc/passwd file must be defined in the /etc/group file.","If a user is assigned the GID of a group not existing on the system, and a group with the same GID is subsequently created, the user may have unintended rights to the group.
","ECSC-1","Perform the following to ensure there are no GIDs referenced in /etc/passwd not defined in /etc/group.
# logins -o | awk -F: '$3 == """"'
If any lines are returned, there are GIDs referenced in /etc/passwd that are not defined in /etc/group, this is a finding.","Add a group to the system for each GID referenced that does not have a corresponding group. 

#/usr/sbin/groupadd < group >","","","false","","","","","System Administrator","","M","Unclass","Solaris 10 SPARC Security Technical Implementation Guide :: Version 1, Release: 24 Benchmark Date: 25 Jan 2019","24","CCI-000366
The organization implements the security configuration settings.
NIST SP 800-53 :: CM-6 b
NIST SP 800-53A :: CM-6.1 (iv)
NIST SP 800-53 Revision 4 :: CM-6 b

",
"V-782","medium","GEN006480","SV-41526r2_rule","GEN006480","The system must have a host-based intrusion detection tool installed.","Without a host-based intrusion detection tool, there is no system-level defense when an intruder gains access to a system or network.  Additionally, a host-based intrusion detection tool can provide methods to immediately lock out detected intrusion attempts.","ECID-1","Ask the SA or IAO if a host-based intrusion detection application is loaded on the system.

Determine if the application is loaded on the system.

Procedure:
# find / -name <daemon name> -print 

 

Determine if the application is active on the system.

Procedure:
# ps -ef | grep <daemon name> 

If no host-based intrusion detection system is installed on the system, this is a finding.
","Install a host-based intrusion detection tool.
","","","false","","","","","System Administrator","","M","Unclass","Solaris 10 SPARC Security Technical Implementation Guide :: Version 1, Release: 24 Benchmark Date: 25 Jan 2019","24","CCI-001259
The organization interconnects and configures individual intrusion detection tools into a systemwide intrusion detection system using common protocols.
NIST SP 800-53 :: SI-4 (1)
NIST SP 800-53A :: SI-4 (1).1

",
"V-783","medium","GEN000120","SV-40813r2_rule","GEN000120","System security patches and updates must be installed and up-to-date.","Timely patching is critical for maintaining the operational availability, confidentiality, and integrity of Information Technology (IT) systems. However, failure to keep operating system and application software patched is a common mistake made by IT professionals. New patches are released daily, and it is often difficult for even experienced system administrators to keep abreast of all the new patches. When new weaknesses in an operating system exist, patches are usually made available by the vendor to resolve the problems. If the most recent security patches and updates are not installed, unauthorized users may take advantage of weaknesses present in the unpatched software. The lack of prompt attention to patching could result in a system compromise.","","Use the smpatch(1m) utility to check for available security updates from Oracle.
# smpatch analyze
If there are security updates available, this is a finding.","Apply available security updates from Oracle.
# smpatch update","","","false","","","","","System Administrator","","M","Unclass","Solaris 10 SPARC Security Technical Implementation Guide :: Version 1, Release: 24 Benchmark Date: 25 Jan 2019","24","CCI-001227
The organization corrects information system flaws.
NIST SP 800-53 :: SI-2 a
NIST SP 800-53A :: SI-2.1 (i)
NIST SP 800-53 Revision 4 :: SI-2 a

",
"V-784","medium","GEN001140","SV-39833r1_rule","GEN001140","System files and directories must not have uneven access permissions.","Discretionary access control is undermined if users, other than a file owner, have greater access permissions to system files and directories than the owner.","ECCD-1, ECCD-2","Check system directories for uneven file permissions. 
Procedure:
 # ls -lL /etc /bin /usr/bin /usr/ucb /sbin /usr/sbin 

Uneven file permissions exist if the file owner has less permissions than the group or other user classes. If any of the files in the above listed directories contain uneven file permissions, this is a finding. ","Change the mode of files with uneven permissions so owners do not have less permission than group or world users. ","","","false","","","","","System Administrator","","M","Unclass","Solaris 10 SPARC Security Technical Implementation Guide :: Version 1, Release: 24 Benchmark Date: 25 Jan 2019","24","CCI-000225
The organization employs the concept of least privilege, allowing only authorized accesses for users (and processes acting on behalf of users) which are necessary to accomplish assigned tasks in accordance with organizational missions and business functions.
NIST SP 800-53 :: AC-6
NIST SP 800-53A :: AC-6.1
NIST SP 800-53 Revision 4 :: AC-6

",
"V-785","medium","GEN001160","SV-785r2_rule","GEN001160","All files and directories must have a valid owner.","Unowned files and directories may be unintentionally inherited if a user is assigned the same UID as the UID of the unowned files.","ECCD-1, ECCD-2","Check the system for files with no assigned owner.

Procedure:
# find / -nouser -print

If any files have no assigned owner, this is a finding.","All directories and files (executable and data) will have an identifiable owner and group name. Either trace files to an authorized user, change the file's owner to root, or delete them. Determine the legitimate owner of the files and use the chown command to set the owner and group to the correct value. If the legitimate owner cannot be determined, change the owner to root (but make sure none of the changed files remain executable because they could be Trojan horses or other malicious code). Examine the files to determine their origin and the reason for their lack of an owner/group.","","","false","","","","","System Administrator","","M","Unclass","Solaris 10 SPARC Security Technical Implementation Guide :: Version 1, Release: 24 Benchmark Date: 25 Jan 2019","24","CCI-000366
The organization implements the security configuration settings.
NIST SP 800-53 :: CM-6 b
NIST SP 800-53A :: CM-6.1 (iv)
NIST SP 800-53 Revision 4 :: CM-6 b

",
"V-786","medium","GEN001180","SV-27161r1_rule","GEN001180","All network services daemon files must have mode 0755 or less permissive.","Restricting permission on daemons will protect them from unauthorized modification and possible system compromise.
","ECLP-1","Check the mode of network services daemons.
# ls -la /usr/bin /usr/sbin
If the mode of a network services daemon is more permissive than 0755, this is a finding.
NOTE: Network daemons not residing in these directories (such as httpd or sshd) must also be checked for the correct permissions.

A way to locate network daemons, such as httpd and sshd, is with the ps command.
# ps -ef | egrep '(sshd|httpd)'","Change the mode of the network services daemon.
# chmod 0755 <path>","","","false","","","","","System Administrator","","M","Unclass","Solaris 10 SPARC Security Technical Implementation Guide :: Version 1, Release: 24 Benchmark Date: 25 Jan 2019","24","CCI-000225
The organization employs the concept of least privilege, allowing only authorized accesses for users (and processes acting on behalf of users) which are necessary to accomplish assigned tasks in accordance with organizational missions and business functions.
NIST SP 800-53 :: AC-6
NIST SP 800-53A :: AC-6.1
NIST SP 800-53 Revision 4 :: AC-6

",
"V-787","medium","GEN001260","SV-39832r2_rule","GEN001260","System log files must have mode 0640 or less permissive.","If the system log files are not protected, unauthorized users could change the logged data, eliminating its forensic value.","","Check the mode of log file hierarchies.

Procedure:
# ls -lLRa /var/log /var/adm

If any of the log files or their directories have modes more permissive than ""0640"", and these are not documented, this is a finding.","Change the mode of the system log file(s) to 0640 or less permissive.

Procedure:
# chmod ""0640"" /path/to/system-log-file

NOTE: Do not confuse system log files with audit logs.   Any subsystems that require less stringent permissions must be documented.","","","false","","","","","System Administrator","","M","Unclass","Solaris 10 SPARC Security Technical Implementation Guide :: Version 1, Release: 24 Benchmark Date: 25 Jan 2019","24","CCI-001314
The information system reveals error messages only to organization-defined personnel or roles.
NIST SP 800-53 :: SI-11 c
NIST SP 800-53A :: SI-11.1 (iv)
NIST SP 800-53 Revision 4 :: SI-11 b

",
"V-788","medium","GEN001800","SV-788r2_rule","GEN001800","All skeleton files (typically those in /etc/skel) must have mode 0644 or less permissive.","If the skeleton files are not protected, unauthorized personnel could change user startup parameters and possibly jeopardize user files.

","ECLP-1","Check skeleton files permissions.
# ls -alL /etc/skel
If a skeleton file has a mode more permissive than 0644, this is a finding.","Change the mode of skeleton files with incorrect mode.
# chmod 0644 <skeleton file>","","","false","","","","","System Administrator","","M","Unclass","Solaris 10 SPARC Security Technical Implementation Guide :: Version 1, Release: 24 Benchmark Date: 25 Jan 2019","24","CCI-000225
The organization employs the concept of least privilege, allowing only authorized accesses for users (and processes acting on behalf of users) which are necessary to accomplish assigned tasks in accordance with organizational missions and business functions.
NIST SP 800-53 :: AC-6
NIST SP 800-53A :: AC-6.1
NIST SP 800-53 Revision 4 :: AC-6

",
"V-789","medium","GEN001320","SV-27166r1_rule","GEN001320","NIS/NIS+/yp files must be owned by root, sys, or bin.","NIS/NIS+/yp files are part of the system's identification and authentication processes and are, therefore, critical to system security.  Failure to give ownership of sensitive files or utilities to root or bin provides the designated owner and unauthorized users with the potential to access sensitive information or change the system configuration which could weaken the system's security posture.
","ECLP-1","Perform the following to check NIS file ownership.
# ls -lRa /usr/lib/netsvc/yp /var/yp
If the file ownership is not root, sys, or bin, this is a finding.","Change the ownership of NIS/NIS+/yp files to root, bin, or sys.

Procedure:
# chown -R root /usr/lib/netsvc/yp /var/yp","","","false","","","","","System Administrator","","M","Unclass","Solaris 10 SPARC Security Technical Implementation Guide :: Version 1, Release: 24 Benchmark Date: 25 Jan 2019","24","CCI-000225
The organization employs the concept of least privilege, allowing only authorized accesses for users (and processes acting on behalf of users) which are necessary to accomplish assigned tasks in accordance with organizational missions and business functions.
NIST SP 800-53 :: AC-6
NIST SP 800-53A :: AC-6.1
NIST SP 800-53 Revision 4 :: AC-6

",
"V-790","medium","GEN001340","SV-27171r1_rule","GEN001340","NIS/NIS+/yp files must be group-owned by root, sys, or bin.","NIS/NIS+/yp files are part of the system's identification and authentication processes and are, therefore, critical to system security.  Failure to give ownership of sensitive files or utilities to root or bin provides the designated owner and unauthorized users with the potential to access sensitive information or change the system configuration which could weaken the system's security posture.
","ECLP-1","Perform the following to check NIS file ownership.
# ls -lRa /usr/lib/netsvc/yp /var/yp
If the file group owner is not root, sys, or bin, this is a finding.","Change the group owner of the NIS files to root, bin, or sys.

Procedure:
# chgrp -R root /usr/lib/netsvc/yp /var/yp","","","false","","","","","System Administrator","","M","Unclass","Solaris 10 SPARC Security Technical Implementation Guide :: Version 1, Release: 24 Benchmark Date: 25 Jan 2019","24","CCI-000225
The organization employs the concept of least privilege, allowing only authorized accesses for users (and processes acting on behalf of users) which are necessary to accomplish assigned tasks in accordance with organizational missions and business functions.
NIST SP 800-53 :: AC-6
NIST SP 800-53A :: AC-6.1
NIST SP 800-53 Revision 4 :: AC-6

",
"V-791","medium","GEN001360","SV-27175r1_rule","GEN001360","The NIS/NIS+/yp command files must have mode 0755 or less permissive.","NIS/NIS+/yp files are part of the system's identification and authentication processes and are, therefore, critical to system security.  Unauthorized modification of these files could compromise these processes and the system.","ECLP-1","Perform the following to check NIS file mode.
# ls -lRa /usr/lib/netsvc/yp /var/yp
If the file's mode is more permissive than 0755, this is a finding.","Change the mode of NIS/NIS+/yp command files to 0755 or less permissive.

Procedure:
# chmod -R 0755 /usr/lib/netsvc/yp /var/yp","","","false","","","","","System Administrator","","M","Unclass","Solaris 10 SPARC Security Technical Implementation Guide :: Version 1, Release: 24 Benchmark Date: 25 Jan 2019","24","CCI-000225
The organization employs the concept of least privilege, allowing only authorized accesses for users (and processes acting on behalf of users) which are necessary to accomplish assigned tasks in accordance with organizational missions and business functions.
NIST SP 800-53 :: AC-6
NIST SP 800-53A :: AC-6.1
NIST SP 800-53 Revision 4 :: AC-6

",
"V-792","low","GEN001280","SV-39835r1_rule","GEN001280","Manual page files must have mode 0644 or less permissive.","If manual pages are compromised, misleading information could be inserted, causing actions that may compromise the system.","ECCD-1, ECCD-2","Check the mode of the manual page files.
Procedure: 
# ls -lLR /usr/share/man /usr/sfw/share/man /usr/sfw/man

If any of the manual page files have a mode more permissive than 0644, this is a finding.","Change the mode of manual page files to 0644 or less permissive.

Procedure (example):
# chmod 0644 <path>/<manpage>","","","false","","","","","System Administrator","","M","Unclass","Solaris 10 SPARC Security Technical Implementation Guide :: Version 1, Release: 24 Benchmark Date: 25 Jan 2019","24","CCI-000225
The organization employs the concept of least privilege, allowing only authorized accesses for users (and processes acting on behalf of users) which are necessary to accomplish assigned tasks in accordance with organizational missions and business functions.
NIST SP 800-53 :: AC-6
NIST SP 800-53A :: AC-6.1
NIST SP 800-53 Revision 4 :: AC-6

",
"V-793","medium","GEN001300","SV-39821r1_rule","GEN001300","Library files must have mode 0755 or less permissive.","Unauthorized access could destroy the integrity of the library files.","DCSL-1","Check the mode of library files.

Procedure:
# ls -lLR /usr/lib /lib /usr/sfw/lib

If any of the library files have a mode more permissive than 0755, this is a finding.
","Change the mode of library files to 0755 or less permissive.

Procedure (example):
# chmod 0755 /path/to/library-file

NOTE: Library files should have an extension of .a or .so, possibly followed by a version number.   ","","","false","","","","","System Administrator","","M","Unclass","Solaris 10 SPARC Security Technical Implementation Guide :: Version 1, Release: 24 Benchmark Date: 25 Jan 2019","24","CCI-001499
The organization limits privileges to change software resident within software libraries.
NIST SP 800-53 :: CM-5 (6)
NIST SP 800-53A :: CM-5 (6).1
NIST SP 800-53 Revision 4 :: CM-5 (6)

",
"V-794","medium","GEN001200","SV-794r4_rule","GEN001200","All system command files must have mode 755 or less permissive.","Restricting permissions will protect system command files from unauthorized modification. System command files include files present in directories used by the operating system for storing default system executables and files present in directories included in the system's default executable search paths.","","Check the permissions for files in /etc, /bin, /usr/bin, /usr/lbin, /usr/ucb, /sbin, and /usr/sbin.

Procedure:
# ls -lL /etc /bin /usr/bin /usr/lbin /usr/ucb /sbin /usr/sbin

If any command file is listed and has a mode more permissive than 755, this is a finding.

Note: Elevate to Severity Code I if any command file listed is world-writable.","Change the mode for system command files to 755 or less permissive.

Procedure:
# chmod 755 <filename>   ","","","false","","","","","System Administrator","Elevate to Severity Code I if any file listed is world-writable.","M","Unclass","Solaris 10 SPARC Security Technical Implementation Guide :: Version 1, Release: 24 Benchmark Date: 25 Jan 2019","24","CCI-001499
The organization limits privileges to change software resident within software libraries.
NIST SP 800-53 :: CM-5 (6)
NIST SP 800-53A :: CM-5 (6).1
NIST SP 800-53 Revision 4 :: CM-5 (6)

",
"V-795","medium","GEN001220","SV-795r2_rule","GEN001220","All system files, programs, and directories must be owned by a system account.","Restricting permissions will protect the files from unauthorized modification.","ECLP-1","Check the ownership of system files, programs, and directories.

Procedure:
# ls -lLa /etc /bin /usr/bin /usr/lbin /usr/ucb /sbin /usr/sbin

If any of the system files, programs, or directories are not owned by a system account, this is a finding.","Change the owner of system files, programs, and directories to a system account.

Procedure:
# chown root /some/system/file

(A different system user may be used in place of root.)   ","","","false","","","","","System Administrator","","M","Unclass","Solaris 10 SPARC Security Technical Implementation Guide :: Version 1, Release: 24 Benchmark Date: 25 Jan 2019","24","CCI-001499
The organization limits privileges to change software resident within software libraries.
NIST SP 800-53 :: CM-5 (6)
NIST SP 800-53A :: CM-5 (6).1
NIST SP 800-53 Revision 4 :: CM-5 (6)

",
"V-796","medium","GEN001240","SV-796r2_rule","GEN001240","System files, programs, and directories must be group-owned by a system group.","Restricting permissions will protect the files from unauthorized modification.","ECLP-1","Check the group ownership of system files, programs, and directories.

Procedure:
# ls -lLa /etc /bin /usr/bin /usr/lbin /usr/ucb /sbin /usr/sbin

If any system file, program, or directory is not group-owned by a system group, this is a finding.","Change the group owner of system files to a system group.

Procedure:
# chgrp root /path/to/system/file

(System groups other than root may be used.)   ","","","false","","","","","System Administrator","","M","Unclass","Solaris 10 SPARC Security Technical Implementation Guide :: Version 1, Release: 24 Benchmark Date: 25 Jan 2019","24","CCI-001499
The organization limits privileges to change software resident within software libraries.
NIST SP 800-53 :: CM-5 (6)
NIST SP 800-53A :: CM-5 (6).1
NIST SP 800-53 Revision 4 :: CM-5 (6)

",
"V-797","medium","GEN001400","SV-39826r1_rule","GEN001400","The /etc/shadow (or equivalent) file must be owned by root.","The /etc/shadow file contains the list of local system accounts.  It is vital to system security and must be protected from unauthorized modification.  Failure to give ownership of sensitive files or utilities to root provides the designated owner and unauthorized users with the potential to access sensitive information or change the system configuration which could weaken the system's security posture.","ECLP-1","Check the ownership of the /etc/shadow file.
# ls -lL /etc/shadow
If the /etc/shadow file is not owned by root, this is a finding.
","Change the ownership of the /etc/shadow file.
# chown root /etc/shadow","","","false","","","","","System Administrator","","M","Unclass","Solaris 10 SPARC Security Technical Implementation Guide :: Version 1, Release: 24 Benchmark Date: 25 Jan 2019","24","CCI-000225
The organization employs the concept of least privilege, allowing only authorized accesses for users (and processes acting on behalf of users) which are necessary to accomplish assigned tasks in accordance with organizational missions and business functions.
NIST SP 800-53 :: AC-6
NIST SP 800-53A :: AC-6.1
NIST SP 800-53 Revision 4 :: AC-6

",
"V-798","medium","GEN001380","SV-798r2_rule","GEN001380","The /etc/passwd file must have mode 0644 or less permissive.","If the password file is writable by a group owner or the world, the risk of password file compromise is increased.  The password file contains the list of accounts on the system and associated information.","ECLP-1","Check the mode of the /etc/passwd file.

Procedure:
# ls -lL /etc/passwd

If /etc/passwd has a mode more permissive than 0644, this is a finding.","Change the mode of the passwd file to 0644.

Procedure:
# chmod 0644 /etc/passwd

Document all changes.","","","false","","","","","System Administrator","","M","Unclass","Solaris 10 SPARC Security Technical Implementation Guide :: Version 1, Release: 24 Benchmark Date: 25 Jan 2019","24","CCI-000225
The organization employs the concept of least privilege, allowing only authorized accesses for users (and processes acting on behalf of users) which are necessary to accomplish assigned tasks in accordance with organizational missions and business functions.
NIST SP 800-53 :: AC-6
NIST SP 800-53A :: AC-6.1
NIST SP 800-53 Revision 4 :: AC-6

",
"V-800","medium","GEN001420","SV-800r2_rule","GEN001420","The /etc/shadow (or equivalent) file must have mode 0400.","The /etc/shadow file contains the list of local system accounts.  It is vital to system security and must be protected from unauthorized modification.  The file also contains password hashes which must not be accessible to users other than root.","ECLP-1","Check the mode of the /etc/shadow file.
# ls -lL /etc/shadow
If the /etc/shadow file has a mode more permissive than 0400, this is a finding.","Change the mode of the /etc/shadow (or equivalent) file.
# chmod <mode> <file>","","","false","","","","","System Administrator","","M","Unclass","Solaris 10 SPARC Security Technical Implementation Guide :: Version 1, Release: 24 Benchmark Date: 25 Jan 2019","24","CCI-000225
The organization employs the concept of least privilege, allowing only authorized accesses for users (and processes acting on behalf of users) which are necessary to accomplish assigned tasks in accordance with organizational missions and business functions.
NIST SP 800-53 :: AC-6
NIST SP 800-53A :: AC-6.1
NIST SP 800-53 Revision 4 :: AC-6

",
"V-801","medium","GEN002380","SV-801r2_rule","GEN002380","The owner, group owner, mode, ACL, and location of files with the setuid bit set must be documented using site-defined procedures.","All files with the setuid bit set will allow anyone running these files to be temporarily assigned the UID of the file. While many system files depend on these attributes for proper operation, security problems can result if setuid is assigned to programs that allow reading and writing of files, or shell escapes.  Only default vendor-supplied executables should have the setuid bit set.","ECPA-1","Files with the setuid bit set will allow anyone running these files to be temporarily assigned the user or group ID of the file.  If an executable with setuid allows shell escapes, the user can operate on the system with the effective permission rights of the user or group owner.

List all setuid files on the system.
Procedure:
# find /  -perm -4000 -exec ls -l {} \; | more 

NOTE:  Executing these commands may result in large listings of files; the output may be redirected to a file for easier analysis.

Ask the SA or IAO if files with the setuid bit set have been documented.  If any undocumented file has its setuid bit set, this is a finding.","Document the files with the setuid bit set or unset the setuid bit on the executable.","","","true","","","","","System Administrator","","M","Unclass","Solaris 10 SPARC Security Technical Implementation Guide :: Version 1, Release: 24 Benchmark Date: 25 Jan 2019","24","CCI-000368
The organization documents any deviations from the established configuration settings for organization-defined information system components based on organization-defined operational requirements.
NIST SP 800-53 :: CM-6 c
NIST SP 800-53A :: CM-6.1 (v)
NIST SP 800-53 Revision 4 :: CM-6 c

",
"V-802","medium","GEN002440","SV-802r2_rule","GEN002440","The owner, group-owner, mode, ACL, and location of files with the setgid bit set must be documented using site-defined procedures.","All files with the setgid bit set will allow anyone running these files to be temporarily assigned the GID of the file. While many system files depend on these attributes for proper operation, security problems can result if setgid is assigned to programs that allow reading and writing of files, or shell escapes.","ECPA-1","Locate all setgid files on the system.

Procedure:
# find /  -perm -2000

If the ownership, permissions, location, and ACLs of all files with the setgid bit set are not documented, this is a finding.","All files with the setgid bit set will be documented in the system baseline and authorized by the Information Systems Security Officer. Locate all setgid files with the following command.

find / -perm -2000 -exec ls -lLd {} \;

Ensure setgid files are part of the operating system software, documented application software, documented utility software, or documented locally developed software. Ensure none are text files or shell programs.","","","true","","","","","System Administrator","","M","Unclass","Solaris 10 SPARC Security Technical Implementation Guide :: Version 1, Release: 24 Benchmark Date: 25 Jan 2019","24","CCI-000368
The organization documents any deviations from the established configuration settings for organization-defined information system components based on organization-defined operational requirements.
NIST SP 800-53 :: CM-6 c
NIST SP 800-53A :: CM-6.1 (v)
NIST SP 800-53 Revision 4 :: CM-6 c

",
"V-803","medium","GEN002400","SV-803r2_rule","GEN002400","The system must be checked weekly for unauthorized setuid files, as well as, unauthorized modification to authorized setuid files.","Files with the setuid bit set will allow anyone running these files to be temporarily assigned the UID of the file. While many system files depend on these attributes for proper operation, security problems can result if setuid is assigned to programs that allow reading and writing of files, or shell escapes.","DCSL-1","Determine if a weekly automated or manual process is used to generate a list of setuid files on the system and compare it with the prior list.  If no such process is in place, this is a finding.","Establish a weekly automated or manual process to generate a list of setuid files on the system and compare it with the prior list.  To create a list of setuid files use the following command.
# find / -perm -4000 > setuid-file-list","","","false","","","","","System Administrator","","M","Unclass","Solaris 10 SPARC Security Technical Implementation Guide :: Version 1, Release: 24 Benchmark Date: 25 Jan 2019","24","CCI-000318
The organization audits and reviews activities associated with configuration controlled changes to the system.
NIST SP 800-53 :: CM-3 e
NIST SP 800-53A :: CM-3.1 (v)
NIST SP 800-53 Revision 4 :: CM-3 f

",
"V-804","medium","GEN002460","SV-804r2_rule","GEN002460","The system must be checked weekly for unauthorized setgid files, as well as, unauthorized modification to authorized setgid files.","Files with the setgid bit set will allow anyone running these files to be temporarily assigned the group id of the file. While many system files depend on these attributes for proper operation, security problems can result if setgid is assigned to programs that allow reading and writing of files, or shell escapes.","DCSL-1","Determine if a weekly automated or manual process is used to generate a list of setgid files on the system and compare it with the prior list.  If no such process is in place, this is a finding.","Establish a weekly automated or manual process to generate a list of setgid files on the system and compare it with the prior list.  To create a list of setgid files use the following command.
# find / -perm -2000 > setgid-file-list","","","false","","","","","System Administrator","","M","Unclass","Solaris 10 SPARC Security Technical Implementation Guide :: Version 1, Release: 24 Benchmark Date: 25 Jan 2019","24","CCI-000318
The organization audits and reviews activities associated with configuration controlled changes to the system.
NIST SP 800-53 :: CM-3 e
NIST SP 800-53A :: CM-3.1 (v)
NIST SP 800-53 Revision 4 :: CM-3 f

",
"V-805","medium","GEN002420","SV-39813r2_rule","GEN002420","Removable media, remote file systems, and any file system that does not contain approved setuid files must be mounted with the ""nosuid"" option.","The ""nosuid"" mount option causes the system to not execute setuid files with owner privileges.  This option must be used for mounting any file system that does not contain approved setuid files.  Executing setuid files from untrusted file systems, or file systems that do not contain approved setuid files, increases the opportunity for unprivileged users to attain unauthorized administrative access.","","Check /etc/vfstab and verify the ""nosuid"" mount option is used on any user filesystem (such as /export/home) or filesystems mounted from removable media or network shares.
# cat /etc/vfstab

Check zfs filesystems for setuid mounts.
#zfs get setuid","Use the following procedure for UFS filesystems.
Edit /etc/vfstab and add the ""nosuid"" mount option to any user filesystem (such as /export/home) or filesystems mounted from removable media or network shares. 

Use the following procedure for ZFS filesystems.
# zfs setuid = off < file system >","","","false","","","","","System Administrator","","M","Unclass","Solaris 10 SPARC Security Technical Implementation Guide :: Version 1, Release: 24 Benchmark Date: 25 Jan 2019","24","CCI-000225
The organization employs the concept of least privilege, allowing only authorized accesses for users (and processes acting on behalf of users) which are necessary to accomplish assigned tasks in accordance with organizational missions and business functions.
NIST SP 800-53 :: AC-6
NIST SP 800-53A :: AC-6.1
NIST SP 800-53 Revision 4 :: AC-6

",
"V-806","low","GEN002500","SV-806r2_rule","GEN002500","The sticky bit must be set on all public directories.","Failing to set the sticky bit on the public directories allows unauthorized users to delete files in the directory structure.

The only authorized public directories are those temporary directories supplied with the system or those designed to be temporary file repositories. The setting is normally reserved for directories used by the system and by users for temporary file storage (e.g., /tmp) and for directories requiring global read/write access.","ECCD-1, ECCD-2","Verify all world-writable directories have the sticky bit set.

Procedure:
# find / -type d -perm -002 ! -perm -1000 > wwlist

If the sticky bit is not set on a world-writable directory, this is a finding.","Set the sticky bit on all public directories.  

Procedure:
# chmod 1777 /tmp

(Replace /tmp with the public directory missing the sticky bit, if necessary.)","","","false","","","","","System Administrator","","M","Unclass","Solaris 10 SPARC Security Technical Implementation Guide :: Version 1, Release: 24 Benchmark Date: 25 Jan 2019","24","CCI-000366
The organization implements the security configuration settings.
NIST SP 800-53 :: CM-6 b
NIST SP 800-53A :: CM-6.1 (iv)
NIST SP 800-53 Revision 4 :: CM-6 b

",
"V-807","medium","GEN002520","SV-807r2_rule","GEN002520","All public directories must be owned by root or an application account.","If a public directory has the sticky bit set and is not owned by a privileged UID, unauthorized users may be able to modify files created by others.

The only authorized public directories are those temporary directories supplied with the system or those designed to be temporary file repositories. The setting is normally reserved for directories used by the system and by users for temporary file storage (e.g., /tmp) and for directories requiring global read/write access.","ECLP-1","Check the ownership of all public directories.

Procedure:
# find / -type d -perm -1002 -exec ls -ld {} \;

If any public directory is not owned by root or an application user, this is a finding.","Change the owner of public directories to root or an application account.

Procedure:
# chown root /tmp

(Replace root with an application user and/or /tmp with another public directory as necessary.)   ","","","false","","","","","System Administrator","","M","Unclass","Solaris 10 SPARC Security Technical Implementation Guide :: Version 1, Release: 24 Benchmark Date: 25 Jan 2019","24","CCI-000225
The organization employs the concept of least privilege, allowing only authorized accesses for users (and processes acting on behalf of users) which are necessary to accomplish assigned tasks in accordance with organizational missions and business functions.
NIST SP 800-53 :: AC-6
NIST SP 800-53A :: AC-6.1
NIST SP 800-53 Revision 4 :: AC-6

",
"V-808","medium","GEN002560","SV-28641r3_rule","GEN002560","The system and user default umask must be 077.","The umask controls the default access mode assigned to newly created files.  An umask of 077 limits new files to mode 700 or less permissive.  Although umask can be represented as a 4-digit number, the first digit representing special access modes is typically ignored or required to be 0.  This requirement applies to the globally configured system defaults and the user defaults for each account on the system.","","NOTE: The following commands must be run in the BASH shell.

Check global configuration:
# find /etc -type f | xargs grep -i umask		

Check local initialization files:
# cut -d: -f6 /etc/passwd | xargs -n1 -iHOMEDIR sh -c ""grep umask HOMEDIR/.*""

If the system and user default umask is not 077, this a finding.

Note: If the default umask is 000 or allows for the creation of world writable files this becomes a CAT I finding..","Edit the /etc/default/login file for Solaris. Set the variable UMASK=077.

Edit local and global initialization files containing ""umask"" and change them to use ""077"".","","","true","","","","","System Administrator","If the default umask is 000 or does not restrict the world-writable permission, this becomes a CAT I finding.","M","Unclass","Solaris 10 SPARC Security Technical Implementation Guide :: Version 1, Release: 24 Benchmark Date: 25 Jan 2019","24","CCI-000366
The organization implements the security configuration settings.
NIST SP 800-53 :: CM-6 b
NIST SP 800-53A :: CM-6.1 (iv)
NIST SP 800-53 Revision 4 :: CM-6 b

",
"V-810","medium","GEN002640","SV-39834r2_rule","GEN002640","Default system accounts must be disabled or removed.","Vendor accounts and software may contain backdoors allowing unauthorized access to the system.  These backdoors are common knowledge and present a threat to system security if the account is not disabled.","","Determine if default system accounts (such as, those for sys, bin, uucp, nuucp, daemon, smtp, gdm, lp, nobody) have been disabled. 

# cat /etc/shadow 

If an account's password field is ""*"", ""*LK*"", ""NP"", or is prefixed with a ""!"", the account is locked or disabled. 

If any default system account is not locked and its use is not justified and documented with the ISSO, this is a finding.","Lock the default system account(s).
# passwd -l <user>
  ","","","false","","","","","System Administrator","","M","Unclass","Solaris 10 SPARC Security Technical Implementation Guide :: Version 1, Release: 24 Benchmark Date: 25 Jan 2019","24","CCI-000178
The organization manages information system authenticators for users and devices by changing default content of authenticators upon information system installation.
NIST SP 800-53 :: IA-5 e
NIST SP 800-53A :: IA-5.1 (ii)

",
"V-811","medium","GEN002660","SV-27266r2_rule","GEN002660","Auditing must be implemented.","Without auditing, individual system accesses cannot be tracked and malicious activity cannot be detected and traced back to an individual account. ","","Determine the type of zone that you are currently securing.

# zonename

If the output of ""zonename"" is ""global"", then auditing must be enabled.

Determine if auditing is enabled.

# ps -ef |grep auditd

If the auditd process is not found, this is a finding.
If the output of ""zonename"" is not ""global"", then the ""perzone"" policy must be determined.

# auditconfig –getpolicy 
audit policies = cnt,perzone

If ""perzone"" is not listed then this requirement is not applicable.  If ""perzone"" is listed then determine if auditing is enabled.

# ps -ef |grep auditd

If the auditd process is not found, this is a finding.","Use /etc/security/bsmconv to enable auditing on the system.","","","false","","","","","System Administrator","","M","Unclass","Solaris 10 SPARC Security Technical Implementation Guide :: Version 1, Release: 24 Benchmark Date: 25 Jan 2019","24","CCI-000169
The information system provides audit record generation capability for the auditable events defined in AU-2 a at organization-defined information system components.
NIST SP 800-53 :: AU-12 a
NIST SP 800-53A :: AU-12.1 (ii)
NIST SP 800-53 Revision 4 :: AU-12 a

",
"V-812","medium","GEN002680","SV-27271r1_rule","GEN002680","System audit logs must be owned by root.","Failure to give ownership of system audit log files to root provides the designated owner and unauthorized users with the potential to access sensitive information.","ECTP-1","Perform the following to determine the location of audit logs and then check the ownership.
# more /etc/security/audit_control
# ls -lLa <audit log dir>
If any audit log file is not owned by root, this is a finding.","Change the ownership of the audit log file(s).

Procedure:
# chown root <audit log file>","","","false","","","","","System Administrator","","M","Unclass","Solaris 10 SPARC Security Technical Implementation Guide :: Version 1, Release: 24 Benchmark Date: 25 Jan 2019","24","CCI-000162
The information system protects audit information from unauthorized access.
NIST SP 800-53 :: AU-9
NIST SP 800-53A :: AU-9.1
NIST SP 800-53 Revision 4 :: AU-9

",
"V-813","medium","GEN002700","SV-27282r1_rule","GEN002700","System audit logs must have mode 0640 or less permissive.","If a user can write to the audit logs, audit trails can be modified or destroyed and system intrusion may not be detected.  System audit logs are those files generated from the audit system and do not include activity, error, or other log files created by application software.","ECTP-1","Perform the following to determine the location of audit logs and then check the mode of the files.
# more /etc/security/audit_control
# ls -lLa <audit log dir>
If the audit log directory has a mode more permissive than 0750 or any audit log file has a mode more permissive than 0640, this is a finding.","Change the mode of the audit log directories/files.
# chmod 0750 <audit directory>
# chmod 0640 <audit file>
","","","false","","","","","System Administrator","","M","Unclass","Solaris 10 SPARC Security Technical Implementation Guide :: Version 1, Release: 24 Benchmark Date: 25 Jan 2019","24","CCI-000163
The information system protects audit information from unauthorized modification.
NIST SP 800-53 :: AU-9
NIST SP 800-53A :: AU-9.1
NIST SP 800-53 Revision 4 :: AU-9

",
"V-814","medium","GEN002720","SV-27287r1_rule","GEN002720","The audit system must be configured to audit failed attempts to access files and programs.","If the system is not configured to audit certain activities and write them to an audit log, it is more difficult to detect and track system compromises and damages incurred during a system compromise.
","ECAR-1, ECAR-2, ECAR-3","Check the system audit configuration to determine if failed attempts to access files and programs are audited.
# more /etc/security/audit_control
If flags -fr or fr are not configured, this is a finding.","Edit /etc/security/audit_control and add the fr or -fr flags to the flags list.
Load the new audit configuration.
# auditconfig -conf","","","false","","","","","System Administrator","","M","Unclass","Solaris 10 SPARC Security Technical Implementation Guide :: Version 1, Release: 24 Benchmark Date: 25 Jan 2019","24","CCI-000126
The organization determines that the organization-defined subset of the auditable events defined in AU-2 are to be audited within the information system.
NIST SP 800-53 :: AU-2 d
NIST SP 800-53A :: AU-2.1 (v)
NIST SP 800-53 Revision 4 :: AU-2 d

",
"V-815","medium","GEN002740","SV-27292r1_rule","GEN002740","The audit system must be configured to audit file deletions.","If the system is not configured to audit certain activities and write them to an audit log, it is more difficult to detect and track system compromises and damages incurred during a system compromise.
","ECAR-1, ECAR-2, ECAR-3","# grep flags /etc/security/audit_control 
Confirm flags fd or +fd and -fd are configured.","Edit /etc/security/audit_control and add the fd to the flags list.
Load the new audit configuration.
# auditconfig -conf","","","false","","","","","System Administrator","","M","Unclass","Solaris 10 SPARC Security Technical Implementation Guide :: Version 1, Release: 24 Benchmark Date: 25 Jan 2019","24","CCI-000126
The organization determines that the organization-defined subset of the auditable events defined in AU-2 are to be audited within the information system.
NIST SP 800-53 :: AU-2 d
NIST SP 800-53A :: AU-2.1 (v)
NIST SP 800-53 Revision 4 :: AU-2 d

",
"V-816","medium","GEN002760","SV-27298r1_rule","GEN002760","The audit system must be configured to audit all administrative, privileged, and security actions.","If the system is not configured to audit certain activities and write them to an audit log, it is more difficult to detect and track system compromises and damages incurred during a system compromise.
","ECAR-1, ECAR-2, ECAR-3","Check the auditing configuration of the system.
# grep flags /etc/security/audit_control
If the am flag is not present, and either of the -am or +am flags is not present, this is a finding.
","Edit /etc/security/audit_control and add am to the flags list.
Load the new audit configuration.
# auditconfig -conf","","","false","","","","","System Administrator","","M","Unclass","Solaris 10 SPARC Security Technical Implementation Guide :: Version 1, Release: 24 Benchmark Date: 25 Jan 2019","24","CCI-000347
The organization employs automated mechanisms to support auditing of the enforcement actions.
NIST SP 800-53 :: CM-5 (1)
NIST SP 800-53A :: CM-5 (1).1

",
"V-818","medium","GEN002800","SV-27303r1_rule","GEN002800","The audit system must be configured to audit login, logout, and session initiation.","If the system is not configured to audit certain activities and write them to an audit log, it is more difficult to detect and track system compromises and damages incurred during a system compromise.
","ECAR-1, ECAR-2, ECAR-3","Check the system's audit configuration.

# grep lo /etc/security/audit_control

If the lo flag is not set, and both the +lo and -lo flags are not set, this is a finding.
If the lo naflag is not set, and both the +lo and -lo naflags are not set, this is a finding.","Edit /etc/security/audit_control and add lo to the flags list and naflags list.
Load the new audit configuration.
# auditconfig -conf","","","false","","","","","System Administrator","","M","Unclass","Solaris 10 SPARC Security Technical Implementation Guide :: Version 1, Release: 24 Benchmark Date: 25 Jan 2019","24","CCI-000126
The organization determines that the organization-defined subset of the auditable events defined in AU-2 are to be audited within the information system.
NIST SP 800-53 :: AU-2 d
NIST SP 800-53A :: AU-2.1 (v)
NIST SP 800-53 Revision 4 :: AU-2 d

",
"V-819","medium","GEN002820","SV-27309r1_rule","GEN002820","The audit system must be configured to audit all discretionary access control permission modifications.","If the system is not configured to audit certain activities and write them to an audit log, it is more difficult to detect and track system compromises and damages incurred during a system compromise.
","ECAR-1, ECAR-2, ECAR-3","Check the system's audit configuration.
# grep flags /etc/security/audit_control
Confirm flags fm or +fm and -fm are configured.
","Edit /etc/security/audit_control and add fm to the flags list.
Load the new audit configuration.
# auditconfig -conf","","","false","","","","","System Administrator","","M","Unclass","Solaris 10 SPARC Security Technical Implementation Guide :: Version 1, Release: 24 Benchmark Date: 25 Jan 2019","24","CCI-000126
The organization determines that the organization-defined subset of the auditable events defined in AU-2 are to be audited within the information system.
NIST SP 800-53 :: AU-2 d
NIST SP 800-53A :: AU-2.1 (v)
NIST SP 800-53 Revision 4 :: AU-2 d

",
"V-821","medium","GEN003720","SV-39883r1_rule","GEN003720","The inetd.conf file must be owned by root or bin.","Failure to give ownership of sensitive files or utilities to root provides the designated owner and unauthorized users with the potential to access sensitive information or change the system configuration which could weaken the system's security posture.","ECLP-1","Check the ownership of inetd.conf file.

Procedure:
# ls -lL /etc/inet/inetd.conf

This is a finding if any of the above files or directories are not owned by root or bin.","Change the ownership of the inetd.conf file to root or bin.

Procedure:
# chown root /etc/inet/inetd.conf","","","false","","","","","System Administrator","","M","Unclass","Solaris 10 SPARC Security Technical Implementation Guide :: Version 1, Release: 24 Benchmark Date: 25 Jan 2019","24","CCI-000225
The organization employs the concept of least privilege, allowing only authorized accesses for users (and processes acting on behalf of users) which are necessary to accomplish assigned tasks in accordance with organizational missions and business functions.
NIST SP 800-53 :: AC-6
NIST SP 800-53A :: AC-6.1
NIST SP 800-53 Revision 4 :: AC-6

",
"V-822","medium","GEN003740","SV-39885r1_rule","GEN003740","The inetd.conf file must have mode 0440 or less permissive.","The Internet service daemon configuration files must be protected as malicious modification could cause Denial of Service or increase the attack surface of the system.","ECLP-1","Check the mode of inetd.conf file.
# ls -lL /etc/inet/inetd.conf
If the mode of the file is more permissive than 0440, this is a finding.","Change the mode of the inetd.conf file.
# chmod 0440 /etc/inet/inetd.conf","","","false","","","","","System Administrator","","M","Unclass","Solaris 10 SPARC Security Technical Implementation Guide :: Version 1, Release: 24 Benchmark Date: 25 Jan 2019","24","CCI-000225
The organization employs the concept of least privilege, allowing only authorized accesses for users (and processes acting on behalf of users) which are necessary to accomplish assigned tasks in accordance with organizational missions and business functions.
NIST SP 800-53 :: AC-6
NIST SP 800-53A :: AC-6.1
NIST SP 800-53 Revision 4 :: AC-6

",
"V-823","medium","GEN003760","SV-823r2_rule","GEN003760","The services file must be owned by root or bin.","Failure to give ownership of sensitive files or utilities to root or bin provides the designated owner and unauthorized users with the potential to access sensitive information or change the system configuration which could weaken the system's security posture.","ECLP-1","Check the ownership of the services file.

Procedure:
# ls -lL /etc/services

If the services file is not owned by root or bin, this is a finding.","Change the ownership of the services file to root or bin.

Procedure:
# chown root /etc/services","","","false","","","","","System Administrator","","M","Unclass","Solaris 10 SPARC Security Technical Implementation Guide :: Version 1, Release: 24 Benchmark Date: 25 Jan 2019","24","CCI-000225
The organization employs the concept of least privilege, allowing only authorized accesses for users (and processes acting on behalf of users) which are necessary to accomplish assigned tasks in accordance with organizational missions and business functions.
NIST SP 800-53 :: AC-6
NIST SP 800-53A :: AC-6.1
NIST SP 800-53 Revision 4 :: AC-6

",
"V-824","medium","GEN003780","SV-824r2_rule","GEN003780","The services file must have mode 0444 or less permissive.","The services file is critical to the proper operation of network services and must be protected from unauthorized modification.  Unauthorized modification could result in the failure of network services.","ECLP-1","Check the mode of the services file.

Procedure:
# ls -lL /etc/services

If the services file has a mode more permissive than 0444, this is a finding.","Change the mode of the services file to 0444 or less permissive.

Procedure:
# chmod 0444 /etc/services","","","false","","","","","System Administrator","","M","Unclass","Solaris 10 SPARC Security Technical Implementation Guide :: Version 1, Release: 24 Benchmark Date: 25 Jan 2019","24","CCI-000225
The organization employs the concept of least privilege, allowing only authorized accesses for users (and processes acting on behalf of users) which are necessary to accomplish assigned tasks in accordance with organizational missions and business functions.
NIST SP 800-53 :: AC-6
NIST SP 800-53A :: AC-6.1
NIST SP 800-53 Revision 4 :: AC-6

",
"V-825","low","GEN001780","SV-39828r1_rule","GEN001780","Global initialization files must contain the mesg -n or mesg n commands.","If the mesg -n or mesg n command is not placed into the system profile, messaging can be used to cause a Denial of Service attack.","ECSC-1","Check global initialization files for the presence of ""mesg -n"" or ""mesg n"".

Procedure:
# grep mesg /etc/.login /etc/profile /etc/bashrc /etc/environment /etc/security/environ /etc/csh.login /etc/csh.cshrc

If no existing global initialization files contain ""mesg -n"" or ""mesg n"", this is a finding.","Edit /etc/profile or another global initialization script and add the mesg -n command.","","","false","","","","","System Administrator","","M","Unclass","Solaris 10 SPARC Security Technical Implementation Guide :: Version 1, Release: 24 Benchmark Date: 25 Jan 2019","24","CCI-000366
The organization implements the security configuration settings.
NIST SP 800-53 :: CM-6 b
NIST SP 800-53A :: CM-6.1 (iv)
NIST SP 800-53 Revision 4 :: CM-6 b

",
"V-827","medium","GEN003900","SV-40457r1_rule","GEN003900","The hosts.lpd file (or equivalent) must not contain a ""+"" character.","Having the ""+"" character in the hosts.lpd (or equivalent) file allows all hosts to use local system print resources.","ECCD-1, ECCD-2","Solaris uses the ""IPP"" print service and can also use the Samba print service. Verify remote host access is limited.

Procedure:
# grep -i Listen /etc/apache/httpd-standalone-ipp.conf
The /etc/apache/httpd-standalone-ipp.conf file must not contain a Listen *:<port> or equivalent line.
If the network address of the ""Listen"" line is unrestricted, this is a finding.

# grep -i ""Allow From"" /etc/apache/httpd-standalone-ipp.conf
The ""Allow From"" line within the ""<Location />"" element should limit access to the printers to @LOCAL and specific hosts.
If the ""Allow From"" line contains ""All"", this is a finding. 

Verify guest access to printers shared via Samba is restricted according to GEN006235.","Configure IPP to use only the localhost or specified remote hosts.

Procedure:
Modify the /etc/apache/httpd-standalone-ipp.conf file to ""Listen"" only to the local machine or a known set of hosts (i.e., Listen localhost:631).
Modify the /etc/apache/httpd-standalone-ipp.conf file ""<Location />"" element to ""Deny From All"" and ""Allow from 127.0.0.1"" or allowed host addresses.

Restart the IPP service:
# svcadm restart ipp-listener","","","false","","","","","System Administrator","","M","Unclass","Solaris 10 SPARC Security Technical Implementation Guide :: Version 1, Release: 24 Benchmark Date: 25 Jan 2019","24","CCI-000366
The organization implements the security configuration settings.
NIST SP 800-53 :: CM-6 b
NIST SP 800-53A :: CM-6.1 (iv)
NIST SP 800-53 Revision 4 :: CM-6 b

",
"V-828","medium","GEN003920","SV-37455r3_rule","GEN003920","The hosts.lpd (or equivalent) file must be owned by root.","Failure to give ownership of the hosts.lpd file to root provides the designated owner, and possible unauthorized users, with the potential to modify the hosts.lpd file.  Unauthorized modifications could disrupt access to local printers from authorized remote hosts or permit unauthorized remote access to local printers.","","Check the owner of the print service configuration files.
Procedure:

# ls -lL /etc/apache/httpd-standalone-ipp.conf /etc/printers.conf /etc/smb.conf /etc/sfw/smb.conf /etc/samba/smb.conf /etc/sfw/samba/smb.conf

If the owner of any of the print service configuration files is not root, this is a finding.","Change the owner of the print service configuration files.
Procedure:

# chown root /etc/apache/httpd-standalone-ipp.conf /etc/printers.conf /etc/sfw/smb.conf","","","false","","","","","System Administrator","","M","Unclass","Solaris 10 SPARC Security Technical Implementation Guide :: Version 1, Release: 24 Benchmark Date: 25 Jan 2019","24","CCI-000225
The organization employs the concept of least privilege, allowing only authorized accesses for users (and processes acting on behalf of users) which are necessary to accomplish assigned tasks in accordance with organizational missions and business functions.
NIST SP 800-53 :: AC-6
NIST SP 800-53A :: AC-6.1
NIST SP 800-53 Revision 4 :: AC-6

",
"V-829","medium","GEN003940","SV-37457r2_rule","GEN003940","The hosts.lpd (or equivalent) must have mode 0644 or less permissive.","Excessive permissions on the hosts.lpd (or equivalent) file may permit unauthorized modification.  Unauthorized modifications could disrupt access to local printers from authorized remote hosts or permit unauthorized remote access to local printers.","","Check the mode of the print service configuration files.

Procedure:

# ls -lL /etc/apache/httpd-standalone-ipp.conf /etc/printers.conf /etc/smb.conf /etc/sfw/smb.conf /etc/samba/smb.conf /etc/sfw/samba/smb.conf

If the mode of any of the print service configuration file is more permissive than 0644, this is a finding.","Change the mode of the print service configuration files to 0644 or less permissive.

Procedure:

# chmod 0644 /etc/apache/httpd-standalone-ipp.conf /etc/printers.conf /etc/smb.conf /etc/sfw/smb.conf /etc/samba/smb.conf /etc/sfw/samba/smb.conf","","","false","","","","","System Administrator","","M","Unclass","Solaris 10 SPARC Security Technical Implementation Guide :: Version 1, Release: 24 Benchmark Date: 25 Jan 2019","24","CCI-000225
The organization employs the concept of least privilege, allowing only authorized accesses for users (and processes acting on behalf of users) which are necessary to accomplish assigned tasks in accordance with organizational missions and business functions.
NIST SP 800-53 :: AC-6
NIST SP 800-53A :: AC-6.1
NIST SP 800-53 Revision 4 :: AC-6

",
"V-831","medium","GEN004360","SV-40493r1_rule","GEN004360","The alias file must be owned by root.","If the alias file is not owned by root, an unauthorized user may modify the file to add aliases to run malicious code or redirect email.","ECLP-1","Find the alias file on the system.

Procedure:
# egrep '^O(A| AliasFile)' /etc/mail/sendmail.cf

If the ""alias file"" is an NIS or LDAP map, this check is not applicable.  The default location is /etc/mail/aliases.

Check the ownership of the alias file.

Procedure:
# ls -lL <alias file>

If the alias file is not owned by root, this is a finding.","Change the owner of the /etc/mail/aliases file (or equivalent, such as /usr/lib/aliases) to root.

Procedure:
# chown root /etc/mail/aliases","","","false","","","","","System Administrator","","M","Unclass","Solaris 10 SPARC Security Technical Implementation Guide :: Version 1, Release: 24 Benchmark Date: 25 Jan 2019","24","CCI-000225
The organization employs the concept of least privilege, allowing only authorized accesses for users (and processes acting on behalf of users) which are necessary to accomplish assigned tasks in accordance with organizational missions and business functions.
NIST SP 800-53 :: AC-6
NIST SP 800-53A :: AC-6.1
NIST SP 800-53 Revision 4 :: AC-6

",
"V-832","medium","GEN004380","SV-40651r1_rule","GEN004380","The alias file must have mode 0644 or less permissive.","Excessive permissions on the aliases file may permit unauthorized modification.  If the alias file is modified by an unauthorized user, they may modify the file to run malicious code or redirect email.","ECLP-1","Find the alias files on the system.

Procedure:
# egrep '^O(A| AliasFile)' /etc/mail/sendmail.cf

If the alias file is an NIS or LDAP map, this check is not applicable. The default location is /etc/mail/aliases.

Check the permissions of the alias file and the hashed version of it used by sendmail.

Procedure:
# ls -lL /etc/mail/aliases /etc/mail/aliases.db

If the alias files have a mode more permissive than 0644, this is a finding.","Change the mode of the /etc/mail/aliases files (or equivalent, such as /usr/lib/aliases) to 0644.

Procedure:
# chmod 0644 /etc/mail/aliases /etc/mail/aliases.db","","","false","","","","","System Administrator","","M","Unclass","Solaris 10 SPARC Security Technical Implementation Guide :: Version 1, Release: 24 Benchmark Date: 25 Jan 2019","24","CCI-000225
The organization employs the concept of least privilege, allowing only authorized accesses for users (and processes acting on behalf of users) which are necessary to accomplish assigned tasks in accordance with organizational missions and business functions.
NIST SP 800-53 :: AC-6
NIST SP 800-53A :: AC-6.1
NIST SP 800-53 Revision 4 :: AC-6

",
"V-833","high","GEN004400","SV-833r2_rule","GEN004400","Files executed through a mail aliases file must be owned by root and must reside within a directory owned and writable only by root.","If a file executed through a mail aliases file is not owned and writable only by root, it may be subject to unauthorized modification.  Unauthorized modification of files executed through aliases may allow unauthorized users to attain root privileges.","ECLP-1","Find the aliases file on the system.

Procedure:
# find / -name aliases -depth -print
# more < aliases file location >

Examine the aliases file for any directories or paths that may be utilized.

Procedure:
# ls -lL < path >

Check if the file or parent directory is owned by root.  If not, this is a finding.","Edit the /etc/mail/aliases file (alternatively, /usr/lib/sendmail.cf).  Locate the entries executing a program.  They will appear similar to the following line.

Aliasname: : /usr/local/bin/ls (or some other program name)

Ensure root owns the programs and the directory(ies) they reside in by using the chown command to change owner to root.
Procedure:
# chown root filename","","","false","","","","","System Administrator","","M","Unclass","Solaris 10 SPARC Security Technical Implementation Guide :: Version 1, Release: 24 Benchmark Date: 25 Jan 2019","24","CCI-000225
The organization employs the concept of least privilege, allowing only authorized accesses for users (and processes acting on behalf of users) which are necessary to accomplish assigned tasks in accordance with organizational missions and business functions.
NIST SP 800-53 :: AC-6
NIST SP 800-53A :: AC-6.1
NIST SP 800-53 Revision 4 :: AC-6

",
"V-835","low","GEN004440","SV-835r2_rule","GEN004440","Sendmail logging must not be set to less than nine in the sendmail.cf file.","If Sendmail is not configured to log at level 9, system logs may not contain the information necessary for tracking unauthorized use of the Sendmail service.","ECAR-1, ECAR-2, ECAR-3","Check if Sendmail logging is set to level 9.

Procedure:
# grep ""O L"" /etc/mail/sendmail.cf

OR

# grep LogLevel /etc/mail/sendmail.cf

If logging is set to less than 9, this is a finding.","Edit the sendmail.conf file, locate the ""O L"" or LogLevel entry and change it to 9. ","","","false","","","","","System Administrator","","M","Unclass","Solaris 10 SPARC Security Technical Implementation Guide :: Version 1, Release: 24 Benchmark Date: 25 Jan 2019","24","CCI-000366
The organization implements the security configuration settings.
NIST SP 800-53 :: CM-6 b
NIST SP 800-53A :: CM-6.1 (iv)
NIST SP 800-53 Revision 4 :: CM-6 b

",
"V-836","medium","GEN004460","SV-41546r1_rule","GEN004460","The system syslog service must log informational and more severe SMTP service messages.","If informational and more severe SMTP service messages are not logged, malicious activity on the system may go unnoticed.","ECSC-1","Check the syslog configuration file for mail.crit logging configuration.

Procedure:
# more /etc/syslog.conf

Verify a line similar to one of the following lines is present in syslog.conf is configured so that critical mail log data is logged. (Critical log data may also be captured by a remote log host in accordance with GEN005460.)

mail.crit /var/adm/messages
*.crit /var/log/messages

Less severe syslog levels (err, warning, info, and debug) may be substituted for crit, since they will also capture crit level syslog messages.  If syslog is not configured to log critical Sendmail messages, this is a finding.","Edit the syslog.conf file and add a configuration line specifying an appropriate destination for mail.crit syslogs.   ","","","false","","","","","System Administrator","","M","Unclass","Solaris 10 SPARC Security Technical Implementation Guide :: Version 1, Release: 24 Benchmark Date: 25 Jan 2019","24","CCI-000126
The organization determines that the organization-defined subset of the auditable events defined in AU-2 are to be audited within the information system.
NIST SP 800-53 :: AU-2 d
NIST SP 800-53A :: AU-2.1 (v)
NIST SP 800-53 Revision 4 :: AU-2 d

",
"V-837","medium","GEN004480","SV-837r2_rule","GEN004480","The SMTP service log file must be owned by root.","If the SMTP service log file is not owned by root, then unauthorized personnel may modify or delete the file to hide a system compromise.","ECLP-1","Locate any mail log files by checking the syslog configuration file.

Procedure:
# more /etc/syslog.conf

Identify any log files configured for the mail service at any severity level, or those configured for all services. Check the ownership of these log files.

Procedure:
# ls -lL <file location>

If any mail log file is not owned by root, this is a finding.","Change the ownership of the Sendmail log file.
# chown root <sendmail log file> ","","","false","","","","","System Administrator","","M","Unclass","Solaris 10 SPARC Security Technical Implementation Guide :: Version 1, Release: 24 Benchmark Date: 25 Jan 2019","24","CCI-000225
The organization employs the concept of least privilege, allowing only authorized accesses for users (and processes acting on behalf of users) which are necessary to accomplish assigned tasks in accordance with organizational missions and business functions.
NIST SP 800-53 :: AC-6
NIST SP 800-53A :: AC-6.1
NIST SP 800-53 Revision 4 :: AC-6

",
"V-838","medium","GEN004500","SV-838r2_rule","GEN004500","The SMTP service log file must have mode 0644 or less permissive.","If the SMTP service log file is more permissive than 0644, unauthorized users may be allowed to change the log file.","ECLP-1","Check the mode of the SMTP service log file.

Procedure:
# more /etc/syslog.conf

Check the configuration to determine which log files contain logs for mail.crit, mail.debug, or *.crit.

Procedure:
# ls -lL <file location>

If the log file permissions are greater than 0644, this is a finding.","Change the mode of the SMTP service log file.

Procedure:
# chmod 0644 <sendmail log file>","","","false","","","","","System Administrator","","M","Unclass","Solaris 10 SPARC Security Technical Implementation Guide :: Version 1, Release: 24 Benchmark Date: 25 Jan 2019","24","CCI-000225
The organization employs the concept of least privilege, allowing only authorized accesses for users (and processes acting on behalf of users) which are necessary to accomplish assigned tasks in accordance with organizational missions and business functions.
NIST SP 800-53 :: AC-6
NIST SP 800-53A :: AC-6.1
NIST SP 800-53 Revision 4 :: AC-6

",
"V-840","medium","GEN004880","SV-28404r1_rule","GEN004880","The ftpusers file must exist.","The ftpusers file contains a list of accounts not allowed to use FTP to transfer files. If this file does not exist, then unauthorized accounts can utilize FTP.
","ECCD-1, ECCD-2","Check for the existence of the ftpusers file.
# ls -l /etc/ftpd/ftpusers
If the ftpusers file does not exist, this is a finding.","Create a /etc/ftpd/ftpusers file containing a list of accounts not authorized for FTP.","","","false","","","","","System Administrator","","M","Unclass","Solaris 10 SPARC Security Technical Implementation Guide :: Version 1, Release: 24 Benchmark Date: 25 Jan 2019","24","CCI-000225
The organization employs the concept of least privilege, allowing only authorized accesses for users (and processes acting on behalf of users) which are necessary to accomplish assigned tasks in accordance with organizational missions and business functions.
NIST SP 800-53 :: AC-6
NIST SP 800-53A :: AC-6.1
NIST SP 800-53 Revision 4 :: AC-6

",
"V-841","medium","GEN004900","SV-28407r1_rule","GEN004900","The ftpusers file must contain account names not allowed to use FTP.","The ftpusers file contains a list of accounts that are not allowed to use FTP to transfer files. If the file does not contain the names of all accounts not authorized to use FTP, then unauthorized use of FTP may take place.
","","Check the contents of the ftpusers file.

Procedure:
# more /etc/ftpd/ftpusers

If the system has accounts not allowed to use FTP that are not listed in the ftpusers file, this is a finding.","Add accounts not allowed to use FTP to the /etc/ftpd/ftpusers file.","","","false","","","","","System Administrator","","M","Unclass","Solaris 10 SPARC Security Technical Implementation Guide :: Version 1, Release: 24 Benchmark Date: 25 Jan 2019","24","CCI-000225
The organization employs the concept of least privilege, allowing only authorized accesses for users (and processes acting on behalf of users) which are necessary to accomplish assigned tasks in accordance with organizational missions and business functions.
NIST SP 800-53 :: AC-6
NIST SP 800-53A :: AC-6.1
NIST SP 800-53 Revision 4 :: AC-6

",
"V-842","medium","GEN004920","SV-28410r1_rule","GEN004920","The ftpusers file must be owned by root.","If the file ftpusers is not owned by root, an unauthorized user may modify the file to allow unauthorized accounts to use FTP.
","ECLP-1","Check the ownership of the ftpusers file.
# ls -l /etc/ftpd/ftpusers
If the ftpusers file is not owned by root, this is a finding.","Change the owner of the ftpusers file to root.
# chown root /etc/ftpd/ftpusers
","","","false","","","","","System Administrator","","M","Unclass","Solaris 10 SPARC Security Technical Implementation Guide :: Version 1, Release: 24 Benchmark Date: 25 Jan 2019","24","CCI-000225
The organization employs the concept of least privilege, allowing only authorized accesses for users (and processes acting on behalf of users) which are necessary to accomplish assigned tasks in accordance with organizational missions and business functions.
NIST SP 800-53 :: AC-6
NIST SP 800-53A :: AC-6.1
NIST SP 800-53 Revision 4 :: AC-6

",
"V-843","medium","GEN004940","SV-28413r1_rule","GEN004940","The ftpusers file must have mode 0640 or less permissive.","Excessive permissions on the ftpusers file could permit unauthorized modification.  Unauthorized modification could result in Denial of Service to authorized FTP users or permit unauthorized users to access the FTP service.","ECLP-1","Check the permissions of the ftpusers file.
# ls -l /etc/ftpd/ftpusers
If the ftpusers file has a mode more permissive than 0640, this is a finding.","Change the mode of the ftpusers file to 0640.
# chmod 0640 /etc/ftpd/ftpusers","","","false","","","","","System Administrator","","M","Unclass","Solaris 10 SPARC Security Technical Implementation Guide :: Version 1, Release: 24 Benchmark Date: 25 Jan 2019","24","CCI-000225
The organization employs the concept of least privilege, allowing only authorized accesses for users (and processes acting on behalf of users) which are necessary to accomplish assigned tasks in accordance with organizational missions and business functions.
NIST SP 800-53 :: AC-6
NIST SP 800-53A :: AC-6.1
NIST SP 800-53 Revision 4 :: AC-6

",
"V-845","low","GEN004980","SV-40816r1_rule","GEN004980","The FTP daemon must be configured for logging or verbose mode.","The -l option allows basic logging of connections.  The verbose (on HP) and the debug (on Solaris) allow logging of what files the FTP session transferred.  This extra logging makes it possible to easily track which files are being transferred onto or from a system.  If they are not configured, the only option for tracking is the audit files.  The audit files are much harder to read.  If auditing is not properly configured, then there would be no record at all of the file transfer transactions.","ECAR-1, ECAR-2, ECAR-3","Verify the FTP daemon is invoked with the -l option by SMF.
# inetadm -l ftp | grep in.ftpd
If the exec name-value pair does not include the -l option for in.ftpd, this is a finding.","Add the -l option to the exec name-value pair used by SMF to invoke the FTP daemon.
# inetadm -m ftp exec=""/usr/sbin/in.ftpd [other options] -l""
Refresh inetd.
# svcadm refresh inetd","","","false","","","","","System Administrator","","M","Unclass","Solaris 10 SPARC Security Technical Implementation Guide :: Version 1, Release: 24 Benchmark Date: 25 Jan 2019","24","CCI-000130
The information system generates audit records containing information that establishes what type of event occurred.
NIST SP 800-53 :: AU-3
NIST SP 800-53A :: AU-3.1
NIST SP 800-53 Revision 4 :: AU-3

",
"V-846","medium","GEN004820","SV-846r2_rule","GEN004820","Anonymous FTP must not be active on the system unless authorized.","Due to the numerous vulnerabilities inherent in anonymous FTP, it is recommended that it not be used. If anonymous FTP must be used on a system, the requirement must be authorized and approved in the system accreditation package.","ECSC-1","Attempt to log into this host with a user name of anonymous and a password of guest (also try the password of guest@mail.com). If the logon is successful, this is a finding.

Procedure:
# ftp localhost
Name: anonymous
530 Guest login not allowed on this machine.
","Configure the FTP service to not permit anonymous logins.   ","","","true","","","","","System Administrator","","M","Unclass","Solaris 10 SPARC Security Technical Implementation Guide :: Version 1, Release: 24 Benchmark Date: 25 Jan 2019","24","CCI-001475
The organization reviews the proposed content of information prior to posting onto the publicly accessible information system to ensure that nonpublic information is not included.
NIST SP 800-53 :: AC-22 c
NIST SP 800-53A :: AC-22.1 (iii)
NIST SP 800-53 Revision 4 :: AC-22 c

",
"V-847","high","GEN005080","SV-28419r3_rule","GEN005080","The TFTP daemon must operate in secure mode which provides access only to a single directory on the host file system.","Secure mode limits TFTP requests to a specific directory.  If TFTP is not running in secure mode, it may be able to write to any file or directory and may seriously impair system integrity, confidentiality, and availability.
","ECSC-1","Determine if TFTPD is running in secure mode.

# grep tftp /etc/inet/inetd.conf
OR
# svccfg -s tftp/udp6 listprop |grep in.tftpd |grep exec

If any returned service line does not use the -s parameter to TFTPD, this is a finding. If TFTP is not installed this check is not applicable.","Edit /etc/inet/inetd.conf and add the -s parameter to TFTPD.
# inetconv

OR

Update the SMF entry for the TFTP daemon.
# svccfg -s tftp/udp6 setprop inetd_start/exec = ""astring:\""/usr/sbin/in.tftpd -s <other TFTPD options>\""""","","","false","","","","","System Administrator","","M","Unclass","Solaris 10 SPARC Security Technical Implementation Guide :: Version 1, Release: 24 Benchmark Date: 25 Jan 2019","24","CCI-000366
The organization implements the security configuration settings.
NIST SP 800-53 :: CM-6 b
NIST SP 800-53A :: CM-6.1 (iv)
NIST SP 800-53 Revision 4 :: CM-6 b

",
"V-848","high","GEN005100","SV-40392r1_rule","GEN005100","The TFTP daemon must have mode 0755 or less permissive.","If TFTP runs with the setuid or setgid bit set, it may be able to write to any file or directory and may seriously impair system integrity, confidentiality, and availability.","ECPA-1","Check the mode of the TFTP daemon.

Procedure:

# ls -lL /usr/sbin/in.tftpd

If the mode of the file is more permissive than 0755, this is a finding.","Change the mode of the TFTP daemon.

Procedure:
# chmod 0755 /usr/sbin/in.tftpd","","","false","","","","","System Administrator","","M","Unclass","Solaris 10 SPARC Security Technical Implementation Guide :: Version 1, Release: 24 Benchmark Date: 25 Jan 2019","24","CCI-000225
The organization employs the concept of least privilege, allowing only authorized accesses for users (and processes acting on behalf of users) which are necessary to accomplish assigned tasks in accordance with organizational missions and business functions.
NIST SP 800-53 :: AC-6
NIST SP 800-53A :: AC-6.1
NIST SP 800-53 Revision 4 :: AC-6

",
"V-849","medium","GEN005120","SV-39825r1_rule","GEN005120","The TFTP daemon must be configured to vendor specifications, including a dedicated TFTP user account, a non-login shell, such as /bin/false, and a home directory owned by the TFTP user.","If TFTP has a valid shell, it increases the likelihood of someone logging to the TFTP account and compromising the system.","ECSC-1","Verify the tftp service is enabled.

# svcs tftp

If the tftp service is not installed or enabled, this check is not applicable.

Check the /etc/passwd file to determine if TFTP is configured properly.

Procedure:
# grep tftp /etc/passwd

If a ""tftp"" user account does not exist and TFTP is active, this is a finding.

Check the user shell for the ""tftp"" user. If it is not /bin/false or equivalent, this is a finding.

Check the home directory assigned to the ""tftp"" user. If no home directory is set, or the directory specified is not dedicated to the use of the TFTP service, this is a finding.

","Create a TFTP user account if none exists.
Assign a non-login shell to the TFTP user account, such as /bin/false.
Assign a home directory to the TFTP user account.   ","","","false","","","","","System Administrator","","M","Unclass","Solaris 10 SPARC Security Technical Implementation Guide :: Version 1, Release: 24 Benchmark Date: 25 Jan 2019","24","CCI-000225
The organization employs the concept of least privilege, allowing only authorized accesses for users (and processes acting on behalf of users) which are necessary to accomplish assigned tasks in accordance with organizational missions and business functions.
NIST SP 800-53 :: AC-6
NIST SP 800-53A :: AC-6.1
NIST SP 800-53 Revision 4 :: AC-6

",
"V-850","medium","GEN005160","SV-850r2_rule","GEN005160","Any X Windows host must write .Xauthority files.",".Xauthority files ensure the user is authorized to access the specific X Windows host.  If .Xauthority files are not used, it may be possible to obtain unauthorized access to the X Windows host.","ECCD-1, ECCD-2","Check for .Xauthority files being utilized by looking for such files in the home directory of a user that uses X.

Procedure:
# cd ~someuser
# ls -la .Xauthority

If the .Xauthority file does not exist, ask the SA if the user is using X Windows. If the user is utilizing X Windows and the .Xauthority file does not exist, this is a finding.","Ensure the X Windows host is configured to write .Xauthority files into user home directories. Edit the Xaccess file. Ensure the line that writes the .Xauthority file is uncommented.","","","false","","","","","System Administrator","","M","Unclass","Solaris 10 SPARC Security Technical Implementation Guide :: Version 1, Release: 24 Benchmark Date: 25 Jan 2019","24","CCI-000297
The organization reviews and updates the baseline configuration of the information system when required due to organization defined circumstances.
NIST SP 800-53 :: CM-2 (1) (b)
NIST SP 800-53A :: CM-2 (1).1 (ii)
NIST SP 800-53 Revision 4 :: CM-2 (1) (b)

",
"V-867","medium","GEN006400","SV-867r2_rule","GEN006400","The Network Information System (NIS) protocol must not be used.","Due to numerous security vulnerabilities existing within NIS, it must not be used.  Possible alternative directory services are NIS+ and LDAP.","ECSC-1","Perform the following to determine if NIS is active on the system.

# ps -ef | egrep '(ypbind|ypserv)'

If NIS is found active on the system, this is a finding.","Disable the use of NIS.  Possible replacements are NIS+ and LDAP.","","","false","","","","","System Administrator","","M","Unclass","Solaris 10 SPARC Security Technical Implementation Guide :: Version 1, Release: 24 Benchmark Date: 25 Jan 2019","24","CCI-001435
The organization defines networking protocols within the information system deemed to be nonsecure.
NIST SP 800-53 :: AC-17 (8)
NIST SP 800-53A :: AC-17 (8).1 (i)

",
"V-899","low","GEN001440","SV-27184r1_rule","GEN001440","All interactive users must be assigned a home directory in the /etc/passwd file.","If users do not have a valid home directory, there is no place for the storage and control of files they own.","ECSC-1","Use pwck to verify home directory assignments are present.
# pwck
If any user is not assigned a home directory, this is a finding.","Assign a home directory to any user without one.   ","","","false","","","","","System Administrator","","M","Unclass","Solaris 10 SPARC Security Technical Implementation Guide :: Version 1, Release: 24 Benchmark Date: 25 Jan 2019","24","CCI-000225
The organization employs the concept of least privilege, allowing only authorized accesses for users (and processes acting on behalf of users) which are necessary to accomplish assigned tasks in accordance with organizational missions and business functions.
NIST SP 800-53 :: AC-6
NIST SP 800-53A :: AC-6.1
NIST SP 800-53 Revision 4 :: AC-6

",
"V-900","low","GEN001460","SV-27192r1_rule","GEN001460","All interactive user home directories defined in the /etc/passwd file must exist.","If a user has a home directory defined that does not exist, the user may be given the / directory, by default, as the current working directory upon logon.  This could create a Denial of Service because the user would not be able to perform useful tasks in this location.","ECSC-1","Use pwck to verify assigned home directories exist.
# pwck
If any user's assigned home directory does not exist, this is a finding.
","If a user has no home directory, determine why. If possible, delete accounts that have no home directory. If the account is valid, then create the home directory using the appropriate system administration utility or manually.

For instance: mkdir directoryname; copy the skeleton files into the directory; chown accountname for the new directory and the skeleton files. Document all changes.   

Update the sixth field in the /etc/passwd file to reflect the user's home directory.  
# usermod -d
OR
# vi /etc/passwd","","","false","","","","","System Administrator","","M","Unclass","Solaris 10 SPARC Security Technical Implementation Guide :: Version 1, Release: 24 Benchmark Date: 25 Jan 2019","24","CCI-000225
The organization employs the concept of least privilege, allowing only authorized accesses for users (and processes acting on behalf of users) which are necessary to accomplish assigned tasks in accordance with organizational missions and business functions.
NIST SP 800-53 :: AC-6
NIST SP 800-53A :: AC-6.1
NIST SP 800-53 Revision 4 :: AC-6

",
"V-901","medium","GEN001480","SV-901r2_rule","GEN001480","All users' home directories must have mode 0750 or less permissive.","Excessive permissions on home directories allow unauthorized access to user's files.","ECLP-1","Check the home directory mode of each user in /etc/passwd.

Procedure:
# cut -d : -f 6 /etc/passwd | xargs -n1 ls -ld | more

If a user's home directory's mode is more permissive than 0750, this is a finding.

NOTE: Application directories are allowed and may need 0755 permissions (or greater) for correct operation.","Change the mode of users' home directories to 0750 or less permissive.

Procedure (example):
# chmod 0750 <home directory>","","","false","","","","","System Administrator","","M","Unclass","Solaris 10 SPARC Security Technical Implementation Guide :: Version 1, Release: 24 Benchmark Date: 25 Jan 2019","24","CCI-000225
The organization employs the concept of least privilege, allowing only authorized accesses for users (and processes acting on behalf of users) which are necessary to accomplish assigned tasks in accordance with organizational missions and business functions.
NIST SP 800-53 :: AC-6
NIST SP 800-53A :: AC-6.1
NIST SP 800-53 Revision 4 :: AC-6

",
"V-902","medium","GEN001500","SV-39822r1_rule","GEN001500","All interactive user's home directories must be owned by their respective users.","If users do not own their home directories, unauthorized users could access user files.","ECLP-1","Check the ownership of each user's home directory listed in the /etc/passwd file.
 
Procedure:  
# cut -d : -f 6 /etc/passwd | xargs -n1 ls -ld | more

If any user's home directory is not owned by the assigned user, this is a finding.","Change the owner of a user's home directory to its assigned user.

Procedure:
# chown <user> <home directory>   ","","","false","","","","","System Administrator","","M","Unclass","Solaris 10 SPARC Security Technical Implementation Guide :: Version 1, Release: 24 Benchmark Date: 25 Jan 2019","24","CCI-000225
The organization employs the concept of least privilege, allowing only authorized accesses for users (and processes acting on behalf of users) which are necessary to accomplish assigned tasks in accordance with organizational missions and business functions.
NIST SP 800-53 :: AC-6
NIST SP 800-53A :: AC-6.1
NIST SP 800-53 Revision 4 :: AC-6

",
"V-903","medium","GEN001520","SV-39823r1_rule","GEN001520","All interactive user's home directories must be group-owned by the home directory owner's primary group.","If the GID of the home directory is not the same as the GID of the user, this would allow unauthorized access to files.","ECLP-1","Check the group ownership for each user in the /etc/passwd file. 

Procedure: 
# cut -d : -f 6 /etc/passwd | xargs -n1 ls -ld | more

If any user's home directory is not group-owned by the assigned user's primary group, this is a finding. Home directories for application accounts requiring different group ownership must be documented using site-defined procedures.","Change the group owner for user's home directories to the primary group of the assigned user.

Procedure:
# chgrp groupname directoryname

(Replace examples with appropriate group and home directory.)

Document all changes.","","","false","","","","","System Administrator","","M","Unclass","Solaris 10 SPARC Security Technical Implementation Guide :: Version 1, Release: 24 Benchmark Date: 25 Jan 2019","24","CCI-000225
The organization employs the concept of least privilege, allowing only authorized accesses for users (and processes acting on behalf of users) which are necessary to accomplish assigned tasks in accordance with organizational missions and business functions.
NIST SP 800-53 :: AC-6
NIST SP 800-53A :: AC-6.1
NIST SP 800-53 Revision 4 :: AC-6

",
"V-904","medium","GEN001860","SV-904r3_rule","GEN001860","All local initialization files must be owned by the user or root.","Local initialization files are used to configure the user's shell environment upon login.  Malicious modification of these files could compromise accounts upon logon.","","NOTE: The following commands must be run in the BASH shell.

Check the ownership of local initialization files.

Procedure (using a shell that supports ~USER as USER's home directory):
# cut -d : -f 1 /etc/passwd | xargs -n1 -IUSER sh -c ""ls -l ~USER/.[a-z]*""
# cut -d : -f 1 /etc/passwd | xargs -n1 -IUSER find ~USER/.dt ! -fstype nfs ! -user USER -exec ls -ld {} \;

If local initialization files are not owned by the home directory's user, this is a finding.","Change the ownership of the startup and login files in the user's directory to the user or root, as appropriate.  Examine each user's home directory and verify all file names beginning with ""."" are owned by the owner of the directory or root.  If they are not, use the chown command to change the owner to the user and research the reasons why the owners were not assigned as required.  

Procedure:
# chown username .filename
Document all changes.","","","false","","","","","System Administrator","","M","Unclass","Solaris 10 SPARC Security Technical Implementation Guide :: Version 1, Release: 24 Benchmark Date: 25 Jan 2019","24","CCI-000225
The organization employs the concept of least privilege, allowing only authorized accesses for users (and processes acting on behalf of users) which are necessary to accomplish assigned tasks in accordance with organizational missions and business functions.
NIST SP 800-53 :: AC-6
NIST SP 800-53A :: AC-6.1
NIST SP 800-53 Revision 4 :: AC-6

",
"V-905","medium","GEN001880","SV-905r2_rule","GEN001880","All local initialization files must have mode 0740 or less permissive.","Local initialization files are used to configure the user's shell environment upon login.  Malicious modification of these files could compromise accounts upon logon.","ECLP-1","Check the modes of local initialization files.

Procedure:
# ls -al /<usershomedirectory>/.login
# ls -al /<usershomedirectory>/.cshrc
# ls -al /<usershomedirectory>/.logout
# ls -al /<usershomedirectory>/.profile
# ls -al /<usershomedirectory>/.bash_profile
# ls -al /<usershomedirectory>/.bashrc
# ls -al /<usershomedirectory>/.bash_logout
# ls -al /<usershomedirectory>/.env
# ls -al /<usershomedirectory>/.dtprofile    (permissions should be 0755)
# ls -al /<usershomedirectory>/.dispatch
# ls -al /<usershomedirectory>/.emacs
# ls -al /<usershomedirectory>/.exrc
# find /<usershomedirectory>/.dt ! -fstype nfs \( -perm -0002 -o -perm -0020 \) -exec ls -ld {} \;  (permissions not to be more 
permissive than 0755)

If local initialization files are more permissive than 0740,  the .dt directory or the .dtprofile file is more permissive than 0755, this is a finding.","Ensure user startup files have permissions of 0740 or more restrictive.  Examine each user's home directory and verify all file names beginning with ""."" have access permissions of 0740 or more restrictive.  If they do not, use the chmod command to correct the vulnerability. 

Procedure:  
# chmod 0740 .filename 

NOTE: The period is part of the file name and is required.","","","false","","","","","System Administrator","","M","Unclass","Solaris 10 SPARC Security Technical Implementation Guide :: Version 1, Release: 24 Benchmark Date: 25 Jan 2019","24","CCI-000225
The organization employs the concept of least privilege, allowing only authorized accesses for users (and processes acting on behalf of users) which are necessary to accomplish assigned tasks in accordance with organizational missions and business functions.
NIST SP 800-53 :: AC-6
NIST SP 800-53A :: AC-6.1
NIST SP 800-53 Revision 4 :: AC-6

",
"V-906","medium","GEN001580","SV-27199r2_rule","GEN001580","All run control scripts must have mode 0755 or less permissive.","If the startup files are writable by other users, they could modify the startup files to insert malicious commands into the startup files.
","","Check run control script modes.

# ls -lL /etc/rc* /etc/init.d /lib/svc/method

If any run control script has a mode more permissive than 0755, this is a finding.","Ensure all system startup files have mode 0755 or less permissive. Examine the rc files, and all files in the rc1.d (rc2.d, and so on) directories, and in the /etc/init.d and /lib/svc/method directories to ensure they are not world-writable. If they are world-writable, use the chmod command to correct the vulnerability and to research why.

Procedure: 
# chmod go-w <startupfile>","","","false","","","","","System Administrator","","M","Unclass","Solaris 10 SPARC Security Technical Implementation Guide :: Version 1, Release: 24 Benchmark Date: 25 Jan 2019","24","CCI-000225
The organization employs the concept of least privilege, allowing only authorized accesses for users (and processes acting on behalf of users) which are necessary to accomplish assigned tasks in accordance with organizational missions and business functions.
NIST SP 800-53 :: AC-6
NIST SP 800-53A :: AC-6.1
NIST SP 800-53 Revision 4 :: AC-6

",
"V-907","medium","GEN001600","SV-39837r4_rule","GEN001600","Run control scripts executable search paths must contain only authorized paths.","The executable search path (typically the PATH environment variable) contains a list of directories for the shell to search to find executables. If this path includes the current working directory or other relative paths, executables in these directories may be executed instead of system commands. This variable is formatted as a colon-separated list of directories. If there is an empty entry, such as a leading or trailing colon, two consecutive colons, or a single period, this is interpreted as the current working directory. Paths starting with a slash (/) are absolute paths.","","Verify run control scripts' executable search paths. 

Procedure: 

# find /etc/rc* /etc/init.d /lib/svc/method -type f -print | xargs grep -w PATH

This variable is formatted as a colon-separated list of directories. 

Relative path entries must be document with the ISSO.

If there is an empty entry, such as a leading or trailing colon or two consecutive colons, this is a finding.

If an entry begins with a character other than a slash (/), or has not been documented with the ISSO, this is a finding.
","Edit the run control script and remove the relative path entries from the executable search path variable that are not documented with the ISSO.   

Edit the run control script and remove any empty entry that is defined.
","","","false","","","","","System Administrator","","M","Unclass","Solaris 10 SPARC Security Technical Implementation Guide :: Version 1, Release: 24 Benchmark Date: 25 Jan 2019","24","CCI-000366
The organization implements the security configuration settings.
NIST SP 800-53 :: CM-6 b
NIST SP 800-53A :: CM-6.1 (iv)
NIST SP 800-53 Revision 4 :: CM-6 b

",
"V-910","high","GEN001640","SV-39810r1_rule","GEN001640","Run control scripts must not execute world-writable programs or scripts.
","World-writable files could be modified accidentally or maliciously to compromise system integrity.","ECCD-1, ECCD-2","Check the permissions on the files or scripts executed from system startup scripts to see if they are world-writable.
Create a list of all potential run command level scripts.
# ls -l /etc/init.d/* | tr '\011' ' ' | tr -s ' ' | cut -f 9,9 -d "" ""
OR
# ls -l /sbin/init.d/* | tr '\011' ' ' | tr -s ' ' | cut -f 9,9 -d "" ""


Create a list of world writeable files.
# find / -perm -002 -type f >> worldWriteableFileList

Determine if any of the world writeable files in worldWriteableFileList are called from the run command level scripts. Note: Depending upon the number of scripts vs world writeable files, it may be easier to inspect the scripts manually.
# more `ls -l /etc/init.d/* | tr '\011' ' ' | tr -s ' ' | cut -f 9,9 -d "" ""` 
OR
# more `ls -l /sbin/init.d/* | tr '\011' ' ' | tr -s ' ' | cut -f 9,9 -d "" ""` 

If any system startup script executes any file or script that is world-writable, this is a finding.
","Remove the world-writable permission from programs or scripts executed by run control scripts.

Procedure:
# chmod o-w <program or script executed from run control script>  ","","","false","","","","","System Administrator","","M","Unclass","Solaris 10 SPARC Security Technical Implementation Guide :: Version 1, Release: 24 Benchmark Date: 25 Jan 2019","24","CCI-000225
The organization employs the concept of least privilege, allowing only authorized accesses for users (and processes acting on behalf of users) which are necessary to accomplish assigned tasks in accordance with organizational missions and business functions.
NIST SP 800-53 :: AC-6
NIST SP 800-53A :: AC-6.1
NIST SP 800-53 Revision 4 :: AC-6

",
"V-913","medium","GEN002000","SV-913r2_rule","GEN002000","There must be no .netrc files on the system.
","Unencrypted passwords for remote FTP servers may be stored in .netrc files.  Policy requires passwords be encrypted in storage and not used in access scripts.","IAIA-1, IAIA-2","Check the system for the existence of any .netrc files.

Procedure:
# find / -name .netrc  

If any .netrc file exists, this is a finding.","Remove the .netrc file(s).

Procedure:
# rm .netrc","","","false","","","","","System Administrator","","M","Unclass","Solaris 10 SPARC Security Technical Implementation Guide :: Version 1, Release: 24 Benchmark Date: 25 Jan 2019","24","CCI-000196
The information system, for password-based authentication, stores only encrypted representations of passwords.
NIST SP 800-53 :: IA-5 (1) (c)
NIST SP 800-53A :: IA-5 (1).1 (v)
NIST SP 800-53 Revision 4 :: IA-5 (1) (c)

",
"V-914","low","GEN001540","SV-39836r1_rule","GEN001540","All files and directories contained in interactive user's home directories must be owned by the home directory's owner.","If users do not own the files in their directories, unauthorized users may be able to access them. Additionally, if files are not owned by the user, this could be an indication of system compromise.","ECCD-1, ECCD-2","For each user in the /etc/passwd file, check for the presence of files and directories within the user's home directory not owned by the home directory owner or root.

Procedure:
# cut -d : -f 6 /etc/passwd | xargs -n1 -IDIR ls -alLR DIR | more

OR

# find /<usershomedirectory> ! -fstype nfs ! -user <username>  -exec ls -ld {} \; | more

If user's home directories contain files or directories not owned by the home directory owner or root, this is a finding.","Change the ownership of files and directories in user's home directories to the owner of the home directory. 
Procedure: 
# chown accountowner filename 
OR
# find /<usershomedirectory> ! -fstype nfs ! -user <username> ! /( -name .login -o -name .cshrc -o -name .logout -o -name .profile -o -name .bash_profile -o -name .bashrc -o -name .env -o -name .dtprofile -o -name .dispatch -o -name .emacs -o -name .exrc \) -exec chown <username> {} \;","","","true","","","","","System Administrator","","M","Unclass","Solaris 10 SPARC Security Technical Implementation Guide :: Version 1, Release: 24 Benchmark Date: 25 Jan 2019","24","CCI-000225
The organization employs the concept of least privilege, allowing only authorized accesses for users (and processes acting on behalf of users) which are necessary to accomplish assigned tasks in accordance with organizational missions and business functions.
NIST SP 800-53 :: AC-6
NIST SP 800-53A :: AC-6.1
NIST SP 800-53 Revision 4 :: AC-6

",
"V-915","low","GEN001560","SV-39840r1_rule","GEN001560","All files and directories contained in user's home directories must have mode 0750 or less permissive.","Excessive permissions allow unauthorized access to user's files.
","ECLP-1","For each user in the /etc/passwd file, check for files and directories with a mode more permissive than 0750.

Procedure: 
# find /<usershomedirectory> ! -fstype nfs  \( -perm -0001 -o -perm -0002 -o -perm -0004 -o -perm -0020 -o -perm -2000 -o -perm -4000 \) -exec ls -ld {} \; 
If user's home directories contain files or directories more permissive than 0750, this is a finding.","Change the mode of files and directories within user's home directories to 0750.

Procedure:
# chmod 0750 filename

Document all changes.   ","","","true","","","","","Information Assurance Officer","","M","Unclass","Solaris 10 SPARC Security Technical Implementation Guide :: Version 1, Release: 24 Benchmark Date: 25 Jan 2019","24","CCI-000225
The organization employs the concept of least privilege, allowing only authorized accesses for users (and processes acting on behalf of users) which are necessary to accomplish assigned tasks in accordance with organizational missions and business functions.
NIST SP 800-53 :: AC-6
NIST SP 800-53A :: AC-6.1
NIST SP 800-53 Revision 4 :: AC-6

",
"V-916","medium","GEN002120","SV-40806r1_rule","GEN002120","The /etc/shells (or equivalent) file must exist.","The shells file (or equivalent) lists approved default shells.  It helps provide layered defense to the security approach by ensuring users cannot change their default shell to an unauthorized shell that may not be secure.","ECSC-1","Verify /etc/shells exists.
# ls -l /etc/shells
If the file does not exist, this is a finding.","Create a /etc/shells file containing a list of valid system shells.  The list below contains the default shells from the shells(4) man page.

Procedure (the command is 24 lines long):
cat >/etc/shells <<EOF
/bin/bash
/bin/csh
/bin/jsh
/bin/ksh
/bin/pfcsh
/bin/pfksh
/bin/pfsh
/bin/sh
/bin/tcsh
/bin/zsh
/sbin/jsh
/sbin/sh
/usr/bin/bash
/usr/bin/csh
/usr/bin/jsh
/usr/bin/ksh
/usr/bin/pfcsh
/usr/bin/pfksh
/usr/bin/pfsh
/usr/bin/sh
/usr/bin/tcsh
/usr/bin/zsh
EOF","","","false","","","","","System Administrator","","M","Unclass","Solaris 10 SPARC Security Technical Implementation Guide :: Version 1, Release: 24 Benchmark Date: 25 Jan 2019","24","CCI-000366
The organization implements the security configuration settings.
NIST SP 800-53 :: CM-6 b
NIST SP 800-53A :: CM-6.1 (iv)
NIST SP 800-53 Revision 4 :: CM-6 b

",
"V-917","medium","GEN002140","SV-917r2_rule","GEN002140","All shells referenced in /etc/passwd must be listed in the /etc/shells file, except any shells specified for the purpose of preventing logins.","The shells file lists approved default shells.  It helps provide layered defense to the security approach by ensuring users cannot change their default shell to an unauthorized shell that may not be secure.","ECSC-1","Confirm the login shells referenced in the /etc/passwd file are listed in the /etc/shells file.  

Procedure:
# more /etc/passwd
# more /etc/shells

The /usr/bin/false, /bin/false, /dev/null, /sbin/nologin, (and equivalents), and sdshell will be considered valid shells for use in the /etc/passwd file, but will not be listed in the /etc/shells file.

If a shell referenced in /etc/passwd is not listed in the shells file, excluding the above mentioned shells, this is a finding.","Use the chsh utility or edit the /etc/passwd file and correct the error by changing the default shell of the account in error to an acceptable shell name contained in the /etc/shells file.","","","false","","","","","System Administrator","","M","Unclass","Solaris 10 SPARC Security Technical Implementation Guide :: Version 1, Release: 24 Benchmark Date: 25 Jan 2019","24","CCI-000366
The organization implements the security configuration settings.
NIST SP 800-53 :: CM-6 b
NIST SP 800-53A :: CM-6.1 (iv)
NIST SP 800-53 Revision 4 :: CM-6 b

",
"V-918","medium","GEN000760","SV-39824r1_rule","GEN000760","Accounts must be locked upon 35 days of inactivity.","On some systems, accounts with disabled passwords still allow access using rcp, remsh, or rlogin through equivalent remote hosts. All that is required is the remote host name and the user name match an entry in a hosts.equiv file and have a .rhosts file in the user directory. Using a shell called /bin/false or /dev/null (or an equivalent) will add a layered defense.

Non-interactive accounts on the system, such as application accounts, may be documented exceptions.
","IAAC-1","Indications of inactive accounts are those without entries in the last log. Check the date in the last log to verify it is within the last 35 days.

Obtain a listing of user accounts.
#cat /etc/passwd | cut -f1 -d "":""

Run the last command for each user account.
# last < user account >

If any user's account has not been accessed in the last 35 days and the account is not disabled via an entry in the password field in the /etc/passwd or /etc/shadow (or equivalent), check the /etc/passwd file to check if the account has a valid shell. If an inactive account is found that is not disabled, this is a finding.","All inactive accounts will have /bin/false, /usr/bin/false, or /dev/null as the default shell in the /etc/passwd file and have the password disabled. Disable the inactive accounts. Examine the inactive accounts using the last command. Note the date of last login for each account. If any (other than system and application accounts) exceed 35 days, then disable them by placing a shell of /bin/false or /dev/null in the shell field of the passwd file entry for that account. An alternative, and preferable method, is to disable the account using smc or the passwd command.

# passwd -l < account to lock >","","","true","","","","","System Administrator","","M","Unclass","Solaris 10 SPARC Security Technical Implementation Guide :: Version 1, Release: 24 Benchmark Date: 25 Jan 2019","24","CCI-000017
The information system automatically disables inactive accounts after an organization-defined time period.
NIST SP 800-53 :: AC-2 (3)
NIST SP 800-53A :: AC-2 (3).1 (ii)
NIST SP 800-53 Revision 4 :: AC-2 (3)

",
"V-921","medium","GEN002200","SV-921r2_rule","GEN002200","All shell files must be owned by root or bin.","If shell files are owned by users other than root or bin, they could be modified by intruders or malicious users to perform unauthorized actions.","ECLP-1","Check the ownership of the system shells.
# cat /etc/shells | xargs -n1 ls -lL
If any shell is not owned by root or bin, this is a finding.","Change the ownership of the shell with incorrect ownership.
# chown root <shell>","","","false","","","","","System Administrator","","M","Unclass","Solaris 10 SPARC Security Technical Implementation Guide :: Version 1, Release: 24 Benchmark Date: 25 Jan 2019","24","CCI-000225
The organization employs the concept of least privilege, allowing only authorized accesses for users (and processes acting on behalf of users) which are necessary to accomplish assigned tasks in accordance with organizational missions and business functions.
NIST SP 800-53 :: AC-6
NIST SP 800-53A :: AC-6.1
NIST SP 800-53 Revision 4 :: AC-6

",
"V-922","high","GEN002220","SV-922r2_rule","GEN002220","All shell files must have mode 0755 or less permissive.","Shells with world/group-write permissions give the ability to maliciously modify the shell to obtain unauthorized access.","ECLP-1","If /etc/shells exists, check the group ownership of each shell referenced.
# cat /etc/shells | xargs -n1 ls -lL

Otherwise, check any shells found on the system.
# find / -name ""*sh"" | xargs -n1 ls -lL

If a shell has a mode more permissive than 0755, this is a finding.","Change the mode of the shell.
# chmod 0755 <shell>","","","false","","","","","System Administrator","","M","Unclass","Solaris 10 SPARC Security Technical Implementation Guide :: Version 1, Release: 24 Benchmark Date: 25 Jan 2019","24","CCI-000225
The organization employs the concept of least privilege, allowing only authorized accesses for users (and processes acting on behalf of users) which are necessary to accomplish assigned tasks in accordance with organizational missions and business functions.
NIST SP 800-53 :: AC-6
NIST SP 800-53A :: AC-6.1
NIST SP 800-53 Revision 4 :: AC-6

",
"V-923","low","GEN002260","SV-923r2_rule","GEN002260","The system must be checked for extraneous device files at least weekly.","If an unauthorized device is allowed to exist on the system, there is the possibility the system may perform unauthorized operations.","ECSC-1","Check the system for an automated job, or check with the SA, to determine if the system is checked for extraneous device files on a weekly basis. If no automated or manual process is in place, this is a finding.

","Establish a weekly automated or manual process to create a list of device files on the system and determine if any files have been added, moved, or deleted since the last list was generated.  

Generate a list of device files.
# find / -type b -o -type c > device-file-list","","","false","","","","","System Administrator","","M","Unclass","Solaris 10 SPARC Security Technical Implementation Guide :: Version 1, Release: 24 Benchmark Date: 25 Jan 2019","24","CCI-000318
The organization audits and reviews activities associated with configuration controlled changes to the system.
NIST SP 800-53 :: CM-3 e
NIST SP 800-53A :: CM-3.1 (v)
NIST SP 800-53 Revision 4 :: CM-3 f

",
"V-924","medium","GEN002280","SV-924r3_rule","GEN002280","Device files and directories must only be writable by users with a system account or as configured by the vendor.","System device files in writable directories could be modified, removed, or used by an unprivileged user to control system hardware.","","Find all device files existing anywhere on the system.

Procedure:
# find / -type b -print > devicelist
# find / -type c -print >> devicelist

Check the permissions on the directories above subdirectories containing device files. 



The following list of device files are intended to be world-writable and if present are not a finding. 



/dev/arp
/dev/conslog
/dev/crypto
/dev/dtrace/dtrace
/dev/dtrace/helper
/dev/dtrace/provider/fasttrap
/dev/fd/*
/dev/kstat
/dev/null
/dev/poll
/dev/pool
/dev/ptmx
/dev/sad/user
/dev/tcp
/dev/tcp6
/dev/ticlts
/dev/ticots
/dev/ticotsord
/dev/tty
/dev/udp
/dev/udp6
/dev/zero
/dev/zfs


If any device file or their parent directory is world-writable and it is not intended to be world-writable, this is a finding.
","Remove the world-writable permission from the device file(s).

Procedure:
# chmod o-w <device file>

Document all changes.","","","false","","","","","System Administrator","","M","Unclass","Solaris 10 SPARC Security Technical Implementation Guide :: Version 1, Release: 24 Benchmark Date: 25 Jan 2019","24","CCI-000225
The organization employs the concept of least privilege, allowing only authorized accesses for users (and processes acting on behalf of users) which are necessary to accomplish assigned tasks in accordance with organizational missions and business functions.
NIST SP 800-53 :: AC-6
NIST SP 800-53A :: AC-6.1
NIST SP 800-53 Revision 4 :: AC-6

",
"V-925","medium","GEN002300","SV-925r2_rule","GEN002300","Device files used for backup must only be readable and/or writable by root or the backup user.","System backups could be accidentally or maliciously overwritten and destroy the ability to recover the system if a compromise should occur.  Unauthorized users could also copy system files.","ECCD-1, ECCD-2","Check the system for world-writable device files.

Procedure:
# find / -perm -2 -a \( -type b -o -type c \) -exec ls -ld {} \;

If any device file(s) used for backup are writable by users other than root, this is a finding.","Use the chmod command to remove the world-writable bit from the backup device files.  

Procedure:
# chmod o-w backdevicefilename

Document all changes.","","","true","","","","","System Administrator","","M","Unclass","Solaris 10 SPARC Security Technical Implementation Guide :: Version 1, Release: 24 Benchmark Date: 25 Jan 2019","24","CCI-000225
The organization employs the concept of least privilege, allowing only authorized accesses for users (and processes acting on behalf of users) which are necessary to accomplish assigned tasks in accordance with organizational missions and business functions.
NIST SP 800-53 :: AC-6
NIST SP 800-53A :: AC-6.1
NIST SP 800-53 Revision 4 :: AC-6

",
"V-926","medium","GEN006460","SV-28453r1_rule","GEN006460","Any NIS+ server must be operating at security level 2.","If the NIS+ server is not operating in, at least, security level 2, there is no encryption and the system could be penetrated by intruders and/or malicious users.","ECSC-1","If the system is not using NIS+, this is not applicable.

Check the system to determine if NIS+ security level 2 is implemented.

Procedure:
# niscat cred.org_dir 

If the second column does not contain DES, the system is not using NIS+ security level 2, and this is a finding.","Ensure the NIS+ server is operating at security level 2 by editing /usr/lib/nis/nisserver and ensuring the line containing SEC= is set to the numeral 2, for example:
 
SEC=2                   # 2=DES or 3=RSA

Security Level 0 is designed for testing and initial setup of the NIS+ namespace.  When running at level 0, the daemon does not enforce access control.  Any client is allowed to perform any operation, including updates and deletions.

Security level 1 accepts AUTH_SYS and AUTH_DES credentials for authenticating clients and authorizing them to perform NIS+ operations.  This is not a secure mode of operation since AUTH_SYS credentials are easily forged.  It should not be used on networks in which any untrusted user may potentially have access.  Security level 2 accepts only AUTH_DES credentials for authentication and authorization.  This is the highest level of security currently provided by the NIS+ service and the default security level if the -S option is not used.","","","false","","","","","System Administrator","","M","Unclass","Solaris 10 SPARC Security Technical Implementation Guide :: Version 1, Release: 24 Benchmark Date: 25 Jan 2019","24","CCI-001435
The organization defines networking protocols within the information system deemed to be nonsecure.
NIST SP 800-53 :: AC-17 (8)
NIST SP 800-53A :: AC-17 (8).1 (i)

",
"V-928","medium","GEN005740","SV-28444r1_rule","GEN005740","The NFS export configuration file must be owned by root.","Failure to give ownership of the NFS export configuration file to root provides the designated owner and possible unauthorized users with the potential to change system configuration which could weaken the system's security posture.","ECLP-1","Check the ownership of the dfstab file.

Example:
# ls -lL /etc/dfs/dfstab 

If the export configuration file is not owned by root, this is a finding.","Change the owner of the dfstab file to root.

Example:
# chown root /etc/dfs/dfstab ","","","false","","","","","System Administrator","","M","Unclass","Solaris 10 SPARC Security Technical Implementation Guide :: Version 1, Release: 24 Benchmark Date: 25 Jan 2019","24","CCI-000225
The organization employs the concept of least privilege, allowing only authorized accesses for users (and processes acting on behalf of users) which are necessary to accomplish assigned tasks in accordance with organizational missions and business functions.
NIST SP 800-53 :: AC-6
NIST SP 800-53A :: AC-6.1
NIST SP 800-53 Revision 4 :: AC-6

",
"V-929","low","GEN005760","SV-28446r1_rule","GEN005760","The NFS export configuration file must have mode 0644 or less permissive.","Excessive permissions on the NFS export configuration file could allow unauthorized modification of the file, which could result in Denial of Service to authorized NFS exports and the creation of additional unauthorized exports.","ECCD-1, ECCD-2, ECLP-1","# ls -lL /etc/dfs/dfstab 
 If the file has a mode more permissive than 0644, this is a finding.","Change the permissions of the dfstab file to 664 or less permissive.

# chmod 0644 /etc/dfs/dfstab ","","","false","","","","","System Administrator","","M","Unclass","Solaris 10 SPARC Security Technical Implementation Guide :: Version 1, Release: 24 Benchmark Date: 25 Jan 2019","24","CCI-000225
The organization employs the concept of least privilege, allowing only authorized accesses for users (and processes acting on behalf of users) which are necessary to accomplish assigned tasks in accordance with organizational missions and business functions.
NIST SP 800-53 :: AC-6
NIST SP 800-53A :: AC-6.1
NIST SP 800-53 Revision 4 :: AC-6

",
"V-931","medium","GEN005800","SV-40303r1_rule","GEN005800","All NFS-exported system files and system directories must be owned by root.","Failure to give ownership of sensitive files or directories  to root provides the designated owner and possible unauthorized users with the potential to access sensitive information or change system configuration which could weaken the system's security posture.","","Check for NFS exported file systems.

Procedure:
# exportfs -v
OR
# more /etc/dfs/sharetab

This will display all of the exported file systems. For each file system displayed, check the ownership.

Procedure:
# ls -lLa <exported file system path>

If the files and directories are not owned by root, this is a finding.","Change the ownership of exported file systems not owned by root.

Procedure:
# chown root <path>","","","false","","","","","System Administrator","","M","Unclass","Solaris 10 SPARC Security Technical Implementation Guide :: Version 1, Release: 24 Benchmark Date: 25 Jan 2019","24","CCI-000225
The organization employs the concept of least privilege, allowing only authorized accesses for users (and processes acting on behalf of users) which are necessary to accomplish assigned tasks in accordance with organizational missions and business functions.
NIST SP 800-53 :: AC-6
NIST SP 800-53A :: AC-6.1
NIST SP 800-53 Revision 4 :: AC-6

",
"V-932","medium","GEN005820","SV-40304r1_rule","GEN005820","The NFS anonymous UID and GID must be configured to values that have no permissions.","When an NFS server is configured to deny remote root access, a selected UID and GID are used to handle requests from the remote root user.  The UID and GID should be chosen from the system to provide the appropriate level of non-privileged access.","ECSC-1","Check if the anon option is set correctly for exported file systems.

List exported file systems.
# exportfs -v
OR
# more /etc/dfs/sharetab

Each of the exported file systems should include an entry for the 'anon=' option set to -1 or an equivalent (60001, 60002, 65534, or 65535). If an appropriate 'anon=' setting is not present for an exported file system, this is a finding.","Edit /etc/dfs/dfstab and add the ""anon=-1"" option for exports lacking it.  Re-export the filesystems.","","","false","","","","","System Administrator","","M","Unclass","Solaris 10 SPARC Security Technical Implementation Guide :: Version 1, Release: 24 Benchmark Date: 25 Jan 2019","24","CCI-000062
The organization permits actions to be performed without identification and authentication only to the extent necessary to accomplish mission/business objectives.
NIST SP 800-53 :: AC-14 (1)
NIST SP 800-53A :: AC-14 (1).1

",
"V-933","medium","GEN005840","SV-40305r1_rule","GEN005840","The NFS server must be configured to restrict file system access to local hosts.","The NFS access option limits user access to the specified level. This assists in protecting exported file systems.  If access is not restricted, unauthorized hosts may be able to access the system's NFS exports.","ECSC-1","Check the permissions on exported NFS file systems.

Procedure:
# exportfs -v
OR
# more /etc/dfs/sharetab

If the exported file systems do not contain the rw or ro options specifying a list of hosts or networks, this is a finding.","Edit /etc/dfs/dfstab and add ro and/or rw options (as appropriate) specifying a list of hosts or networks which are permitted access.  Re-export the file systems.","","","false","","","","","System Administrator","","M","Unclass","Solaris 10 SPARC Security Technical Implementation Guide :: Version 1, Release: 24 Benchmark Date: 25 Jan 2019","24","CCI-000366
The organization implements the security configuration settings.
NIST SP 800-53 :: CM-6 b
NIST SP 800-53A :: CM-6.1 (iv)
NIST SP 800-53 Revision 4 :: CM-6 b

",
"V-934","medium","GEN005860","SV-40306r1_rule","GEN005860","The system's NFS export configuration must not have the sec option set to none (or equivalent); additionally, the default authentication must not to be set to none.","If sec=none on Solaris, all NFS requests are mapped to an unknown/common user instead of being processed according to the provided UID.","ECAN-1","Perform the following on NFS servers:

# grep ""^default"" /etc/nfssec.conf

Check to ensure the second column does not equal 0. This would indicate the default is set to none. Perform the following to check currently exported file systems.

# more /etc/dfs/dfstab

If the option sec=none is set on any of the exported file systems, this is a finding.","Edit the /etc/dfs/dfstab file and add the sec=XXX option to the share line as an option.  XXX must be a valid option for the system other than none.","","","false","","","","","System Administrator","","M","Unclass","Solaris 10 SPARC Security Technical Implementation Guide :: Version 1, Release: 24 Benchmark Date: 25 Jan 2019","24","CCI-000366
The organization implements the security configuration settings.
NIST SP 800-53 :: CM-6 b
NIST SP 800-53A :: CM-6.1 (iv)
NIST SP 800-53 Revision 4 :: CM-6 b

",
"V-935","medium","GEN005880","SV-40307r2_rule","GEN005880","The NFS server must not allow remote root access.","If the NFS server allows root access to local file systems from remote hosts, this access could be used to compromise the system.","","Determine if the NFS server is exporting with the root access option.

Procedure:
# exportfs -v | grep ""root=""
OR
# more /etc/dfs/sharetab

If an export with the root option is found and is not properly documented with the IA staff, this is a finding.","Edit the /etc/dfs/dfstab file and remove the root= option from all exports.  Re-export the file systems.","","","false","","","","","Information Assurance Manager","","M","Unclass","Solaris 10 SPARC Security Technical Implementation Guide :: Version 1, Release: 24 Benchmark Date: 25 Jan 2019","24","CCI-000225
The organization employs the concept of least privilege, allowing only authorized accesses for users (and processes acting on behalf of users) which are necessary to accomplish assigned tasks in accordance with organizational missions and business functions.
NIST SP 800-53 :: AC-6
NIST SP 800-53A :: AC-6.1
NIST SP 800-53 Revision 4 :: AC-6

",
"V-936","medium","GEN005900","SV-28452r1_rule","GEN005900","The nosuid option must be enabled on all NFS client mounts.","Enabling the nosuid mount option prevents the system from granting owner or group-owner privileges to programs with the setuid or setgid bit set.  If the system does not restrict this access, users with unprivileged access to the local system may be able to acquire privileged access by executing setuid or setgid files located on the mounted NFS file system.","ECPA-1","Check the system for NFS mounts not using the nosuid option.

Procedure:
# mount -v | grep "" type nfs "" | grep -v nosetuid
OR
# grep nfs /etc/mnttab | grep -v nosuid | grep -v :vold

If the mounted file systems do not have the nosetuid/nosuid option, this is a finding.  NOTE:  Mount options for the volume management daemon (vold) are controlled by the /etc/rmmount.conf file.","Edit /etc/vfstab and add the nosuid option for all NFS file systems. Remount the NFS file systems to make the change take effect.","","","false","","","","","Information Assurance Officer","","M","Unclass","Solaris 10 SPARC Security Technical Implementation Guide :: Version 1, Release: 24 Benchmark Date: 25 Jan 2019","24","CCI-000225
The organization employs the concept of least privilege, allowing only authorized accesses for users (and processes acting on behalf of users) which are necessary to accomplish assigned tasks in accordance with organizational missions and business functions.
NIST SP 800-53 :: AC-6
NIST SP 800-53A :: AC-6.1
NIST SP 800-53 Revision 4 :: AC-6

",
"V-940","medium","GEN006580","SV-28459r2_rule","GEN006580","The system must use an access control program.","Access control programs (such as TCP_WRAPPERS) provide the ability to enhance system security posture.
","","# svcprop -p defaults svc:/network/inetd | grep tcp_wrappers
 
This should return a line with the following:

defaults/tcp_wrappers boolean true

If the above line contains the word false, this is a finding.

","Enable tcp_wrappers.
# svccfg -s svc:/network/inetd setprop defaults/tcp_wrappers=true
# svcadm refresh inetd","","","false","","","","","System Administrator","","M","Unclass","Solaris 10 SPARC Security Technical Implementation Guide :: Version 1, Release: 24 Benchmark Date: 25 Jan 2019","24","CCI-000366
The organization implements the security configuration settings.
NIST SP 800-53 :: CM-6 b
NIST SP 800-53A :: CM-6.1 (iv)
NIST SP 800-53 Revision 4 :: CM-6 b

",
"V-941","medium","GEN006600","SV-941r2_rule","GEN006600","The system's access control program must log each system access attempt.","If access attempts are not logged, then multiple attempts to log on to the system by an unauthorized user may go undetected.","ECAR-2, ECAR-3","Normally, TCPD logs to the mail facility in /etc/syslog.conf.  Determine if syslog is configured to log events by TCPD.

Procedure:
# more /etc/syslog.conf

Look for entries similar to the following:
mail.debug				/var/adm/maillog
mail.none					/var/adm/maillog
mail.*					/var/log/mail
auth.info					/var/log/messages

The above entries would indicate mail alerts are being logged.  If no entries for mail exist, then TCPD is not logging and this is a finding.","Configure the access restriction program to log every access attempt.  Ensure the implementation instructions for TCP_WRAPPERS are followed, so system access attempts are logged into the system log files.  If an alternate application is used, it must support this function.","","","false","","","","","System Administrator","","M","Unclass","Solaris 10 SPARC Security Technical Implementation Guide :: Version 1, Release: 24 Benchmark Date: 25 Jan 2019","24","CCI-000126
The organization determines that the organization-defined subset of the auditable events defined in AU-2 are to be audited within the information system.
NIST SP 800-53 :: AU-2 d
NIST SP 800-53A :: AU-2.1 (v)
NIST SP 800-53 Revision 4 :: AU-2 d

",
"V-953","medium","GEN000000-SOL00180","SV-953r2_rule","GEN000000-SOL00180","The Solaris system Automated Security Enhancement Tool (ASET) configurable parameters in the asetenv file must be correct.","If settings in the asetenv file have been modified, then system vulnerabilities may not be detected.","ECSC-1","Determine if ASET is being used.
	#	crontab -l | grep aset

Check the configuration of ASET.
	#	more /usr/aset/asetenv

OR

Check that asetenv has not been modified since installation.
        #      pkgchk SUNWast

If there are any changes below the following two lines that are not comments, this is a finding.

# Don't change from here on down ...      #
# there shouldn't be any reason to.           #

In addition, if any of the following lines do not match, this is a finding.
 
TASKS=""firewall env sysconf usrgrp tune cklist eeprom""
CKLISTPATH_LOW=${ASETDIR}/tasks:#${ASETDIR} \
/util:${ASETDIR}/masters:/etc
CKLISTPATH_MED=${CKLISTPATH_LOW}:/usr/bin:/usr/ucb
CKLISTPATH_HIGH=${CKLISTPATH_MED}:/usr/lib:/sbin:  \
			/usr/sbin:/usr/ucblib
YPCHECK=false
PERIODIC_SCHEDULE=""0 0 * * *""
UID_ALIASES=${ASETDIR}/masters/uid_aliases

(The default asetenv file can be found on the Solaris installation media.)","Restore the ASET configuration to vendor default and only modify the portions of the configuration designated as customizable.","","","false","","","","","System Administrator","","M","Unclass","Solaris 10 SPARC Security Technical Implementation Guide :: Version 1, Release: 24 Benchmark Date: 25 Jan 2019","24","CCI-000032
The information system enforces information flow control using organization-defined security policy filters as a basis for flow control decisions for organization-defined information flows.
NIST SP 800-53 :: AC-4 (8)
NIST SP 800-53A :: AC-4 (8).1 (ii)
NIST SP 800-53 Revision 4 :: AC-4 (8)

CCI-000366
The organization implements the security configuration settings.
NIST SP 800-53 :: CM-6 b
NIST SP 800-53A :: CM-6.1 (iv)
NIST SP 800-53 Revision 4 :: CM-6 b

",
"V-954","medium","GEN000000-SOL00200","SV-36750r1_rule","GEN000000-SOL00200","The asetenv file YPCHECK variable must be set to true when NIS+ is configured.","If YPCHECK is not set to true in asetenv, then ypfiles may not be checked.","ECSC-1","Perform the following to determine if ASET is configured to check NIS+.

	#	grep YPCHECK /usr/aset/asetenv

If  NIS+ is running and the YPCHECK variable is set to false, then this is a finding.
","Edit the ASET configuration and set YPCHECK to true on systems running NIS. (If NIS+ is configured, YPCHECK must only be set to false to avoid going into NIS compatibility mode.) Configure NIS to use YPCHECK.","","","false","","","","","System Administrator","","M","Unclass","Solaris 10 SPARC Security Technical Implementation Guide :: Version 1, Release: 24 Benchmark Date: 25 Jan 2019","24","CCI-000032
The information system enforces information flow control using organization-defined security policy filters as a basis for flow control decisions for organization-defined information flows.
NIST SP 800-53 :: AC-4 (8)
NIST SP 800-53A :: AC-4 (8).1 (ii)
NIST SP 800-53 Revision 4 :: AC-4 (8)

CCI-000366
The organization implements the security configuration settings.
NIST SP 800-53 :: CM-6 b
NIST SP 800-53A :: CM-6.1 (iv)
NIST SP 800-53 Revision 4 :: CM-6 b

",
"V-955","medium","GEN000000-SOL00220","SV-955r2_rule","GEN000000-SOL00220","The /usr/aset/userlist file must exist.","If the userlist file does not exist, then an unauthorized user may exist in the /etc/passwd file.","ECSC-1","Determine if ASET is being used.
# crontab -l | grep aset
If ASET is not used on the system, this is not applicable.
If ASET is being used, but is not invoked with the ""-u /usr/aset/userlist"" option, this is a finding.

Check the /usr/aset/userlist file.
# ls -lL /usr/aset/userlist
If /usr/aset/userlist file does not exist, this is a finding.  An empty /usr/aset/userlist file, while not optimal, is not a finding.","Create the /usr/aset/userlist file and populate it with a list of authorized users.","","","false","","","","","System Administrator","","M","Unclass","Solaris 10 SPARC Security Technical Implementation Guide :: Version 1, Release: 24 Benchmark Date: 25 Jan 2019","24","CCI-000032
The information system enforces information flow control using organization-defined security policy filters as a basis for flow control decisions for organization-defined information flows.
NIST SP 800-53 :: AC-4 (8)
NIST SP 800-53A :: AC-4 (8).1 (ii)
NIST SP 800-53 Revision 4 :: AC-4 (8)

CCI-000366
The organization implements the security configuration settings.
NIST SP 800-53 :: CM-6 b
NIST SP 800-53A :: CM-6.1 (iv)
NIST SP 800-53 Revision 4 :: CM-6 b

",
"V-956","medium","GEN000000-SOL00240","SV-956r2_rule","GEN000000-SOL00240","The /usr/aset/userlist file must be owned by root.","If the userlist file is not owned by root, then an unauthorized user can modify the file and enter an unauthorized user.","ECLP-1","If ASET is not used on the system, this is not applicable.

Check the ownership of the /usr/aset/userlist file.
# ls -lL /usr/aset/userlist
If the owner of the file is not root, this is a finding.","Use the chmod command to change the owner of the /usr/aset/userlist file.  

# chown root /usr/aset/userlist","","","false","","","","","System Administrator","","M","Unclass","Solaris 10 SPARC Security Technical Implementation Guide :: Version 1, Release: 24 Benchmark Date: 25 Jan 2019","24","CCI-000225
The organization employs the concept of least privilege, allowing only authorized accesses for users (and processes acting on behalf of users) which are necessary to accomplish assigned tasks in accordance with organizational missions and business functions.
NIST SP 800-53 :: AC-6
NIST SP 800-53A :: AC-6.1
NIST SP 800-53 Revision 4 :: AC-6

",
"V-957","medium","GEN000000-SOL00260","SV-957r2_rule","GEN000000-SOL00260","The /usr/aset/userlist file must have mode 0600 or less permissive.","A permission mask not set to the required level could allow unauthorized access to sensitive system files and resources.","ECLP-1","# ls -lL /usr/aset/userlist

If /usr/aset/userlist has a mode more permissive than 0600, this is a finding.
","Change the mode of the /usr/aset/userlist file to 0600.
# chmod 0600 /usr/aset/userlist","","","false","","","","","System Administrator","","M","Unclass","Solaris 10 SPARC Security Technical Implementation Guide :: Version 1, Release: 24 Benchmark Date: 25 Jan 2019","24","CCI-000225
The organization employs the concept of least privilege, allowing only authorized accesses for users (and processes acting on behalf of users) which are necessary to accomplish assigned tasks in accordance with organizational missions and business functions.
NIST SP 800-53 :: AC-6
NIST SP 800-53A :: AC-6.1
NIST SP 800-53 Revision 4 :: AC-6

",
"V-958","medium","GEN000000-SOL00300","SV-958r2_rule","GEN000000-SOL00300","The Solaris system EEPROM security-mode parameter must be set to full or command mode.","If the EEPROM security-mode parameter is not set to full or command, then unauthorized access to system EEPROM can take place.  In normal situations, when the system is in a controlled access area and it is desirable to have it automatically reboot upon loss of and restoring of power, for instance, then command mode with the autoboot parameter set to true is recommended.","ECCD-1, ECCD-2","If the system does not have an OBP / EEPROM, this is not applicable.

# eeprom | grep security-mode

If the EEPROM security-mode parameter is not set to full or command, this is a finding.","Set the system EEPROM security-mode parameter to full or command.  

# eeprom security-mode=full
OR
# eeprom security-mode=command

The system will prompt the user for a password.  This should be securely stored.","","","false","","","","","System Administrator","","M","Unclass","Solaris 10 SPARC Security Technical Implementation Guide :: Version 1, Release: 24 Benchmark Date: 25 Jan 2019","24","CCI-000366
The organization implements the security configuration settings.
NIST SP 800-53 :: CM-6 b
NIST SP 800-53A :: CM-6.1 (iv)
NIST SP 800-53 Revision 4 :: CM-6 b

",
"V-974","medium","GEN002960","SV-27317r1_rule","GEN002960","Access to the cron utility must be controlled using the cron.allow and/or cron.deny file(s).","The cron facility allows users to execute recurring jobs on a regular and unattended basis.  The cron.allow file designates accounts allowed to enter and execute jobs using the cron facility.  If neither cron.allow nor cron.deny exists, then any account may use the cron facility.  This may open the facility up for abuse by system intruders and malicious users.","ECLP-1","Check for the existence of the cron.allow and cron.deny files.
# ls -lL /etc/cron.d/cron.allow
# ls -lL /etc/cron.d/cron.deny
If neither file exists, this is a finding.","Create /etc/cron.d/cron.allow and/or /etc/cron.d/cron.deny with appropriate content.","","","false","","","","","System Administrator","","M","Unclass","Solaris 10 SPARC Security Technical Implementation Guide :: Version 1, Release: 24 Benchmark Date: 25 Jan 2019","24","CCI-000225
The organization employs the concept of least privilege, allowing only authorized accesses for users (and processes acting on behalf of users) which are necessary to accomplish assigned tasks in accordance with organizational missions and business functions.
NIST SP 800-53 :: AC-6
NIST SP 800-53A :: AC-6.1
NIST SP 800-53 Revision 4 :: AC-6

",
"V-975","medium","GEN002980","SV-27323r1_rule","GEN002980","The cron.allow file must have mode 0600 or less permissive.","A cron.allow file that is readable and/or writable by other than root could allow potential intruders and malicious users to use the file contents to help discern information, such as who is allowed to execute cron programs, which could be harmful to overall system and network security.","ECLP-1","Check mode of the cron.allow file.

Procedure:
# ls -lL /etc/cron.d/cron.allow

If either file has a mode more permissive than 0600, this is a finding.","Change the mode of the cron.allow file to 0600.

Procedure:
# chmod 0600 /etc/cron.d/cron.allow","","","false","","","","","System Administrator","","M","Unclass","Solaris 10 SPARC Security Technical Implementation Guide :: Version 1, Release: 24 Benchmark Date: 25 Jan 2019","24","CCI-000225
The organization employs the concept of least privilege, allowing only authorized accesses for users (and processes acting on behalf of users) which are necessary to accomplish assigned tasks in accordance with organizational missions and business functions.
NIST SP 800-53 :: AC-6
NIST SP 800-53A :: AC-6.1
NIST SP 800-53 Revision 4 :: AC-6

",
"V-976","medium","GEN003000","SV-27329r1_rule","GEN003000","Cron must not execute group-writable or world-writable programs.","If cron executes group-writable or world-writable programs, there is a possibility that unauthorized users could manipulate the programs with malicious intent.  This could compromise system and network security.
","DCSL-1","List all cronjobs on the system. 
Procedure: 
# ls /var/spool/cron/crontabs/

If cron jobs exist under any of the above directories search for programs executed by cron.
Procedure:
# more <cron job file>

Determine if the file is group-writable or world-writable.
Procedure:
# ls -la <cron program file>

If cron executes group-writable or world-writable files, this is a finding.","Remove the world-writable and group-writable permissions from the cron program file(s) identified.
# chmod go-w <cron program file>","","","false","","","","","System Administrator","","M","Unclass","Solaris 10 SPARC Security Technical Implementation Guide :: Version 1, Release: 24 Benchmark Date: 25 Jan 2019","24","CCI-000225
The organization employs the concept of least privilege, allowing only authorized accesses for users (and processes acting on behalf of users) which are necessary to accomplish assigned tasks in accordance with organizational missions and business functions.
NIST SP 800-53 :: AC-6
NIST SP 800-53A :: AC-6.1
NIST SP 800-53 Revision 4 :: AC-6

",
"V-977","medium","GEN003020","SV-27331r1_rule","GEN003020","Cron must not execute programs in, or subordinate to, world-writable directories.","If cron programs are located in or subordinate to world-writable directories, they become vulnerable to removal and replacement by malicious users or system intruders.","DCSL-1","List all cronjobs on the system.
Procedure:
# ls /var/spool/cron/crontabs/

If cron jobs exist under any of the above directories search for programs executed by cron.
Procedure:
# more <cron job file>

Determine if the directory containing programs executed from cron is world-writable.
Procedure:
# ls -ld <cron program directory>

If cron executes programs in world-writable directories, this is a finding.","Remove the world-writable permission from the cron program directories identified.

Procedure:
# chmod o-w <cron program directory>","","","false","","","","","System Administrator","","M","Unclass","Solaris 10 SPARC Security Technical Implementation Guide :: Version 1, Release: 24 Benchmark Date: 25 Jan 2019","24","CCI-000225
The organization employs the concept of least privilege, allowing only authorized accesses for users (and processes acting on behalf of users) which are necessary to accomplish assigned tasks in accordance with organizational missions and business functions.
NIST SP 800-53 :: AC-6
NIST SP 800-53A :: AC-6.1
NIST SP 800-53 Revision 4 :: AC-6

",
"V-978","medium","GEN003080","SV-27340r1_rule","GEN003080","Crontab files must have mode 0600 or less permissive.","To protect the integrity of scheduled system jobs and prevent malicious modification to these jobs, crontab files must be secured.
","ECLP-1","Check the mode of the crontab files.
# ls -lL /var/spool/cron/crontabs/
If any crontab file has a mode more permissive than 0600, this is a finding.
","Change the mode of the crontab files.
# chmod 0600 /var/spool/cron/crontabs/*","","","false","","","","","System Administrator","","M","Unclass","Solaris 10 SPARC Security Technical Implementation Guide :: Version 1, Release: 24 Benchmark Date: 25 Jan 2019","24","CCI-000225
The organization employs the concept of least privilege, allowing only authorized accesses for users (and processes acting on behalf of users) which are necessary to accomplish assigned tasks in accordance with organizational missions and business functions.
NIST SP 800-53 :: AC-6
NIST SP 800-53A :: AC-6.1
NIST SP 800-53 Revision 4 :: AC-6

",
"V-979","medium","GEN003100","SV-27342r1_rule","GEN003100","Cron and crontab directories must have mode 0755 or less permissive.","To protect the integrity of scheduled system jobs and to prevent malicious modification to these jobs, crontab files must be secured.
","ECLP-1","Check the mode of the crontab directory.
# ls -ld /var/spool/cron/crontabs
If the mode of the crontab directory is more permissive than 0755, this is a finding.
","Change the mode of the crontab directory.
# chmod 0755 /var/spool/cron/crontabs","","","false","","","","","System Administrator","","M","Unclass","Solaris 10 SPARC Security Technical Implementation Guide :: Version 1, Release: 24 Benchmark Date: 25 Jan 2019","24","CCI-000225
The organization employs the concept of least privilege, allowing only authorized accesses for users (and processes acting on behalf of users) which are necessary to accomplish assigned tasks in accordance with organizational missions and business functions.
NIST SP 800-53 :: AC-6
NIST SP 800-53A :: AC-6.1
NIST SP 800-53 Revision 4 :: AC-6

",
"V-980","medium","GEN003120","SV-27345r1_rule","GEN003120","Cron and crontab directories must be owned by root or bin.","Incorrect ownership of the cron or crontab directories could permit unauthorized users the ability to alter cron jobs and run automated jobs as privileged users.  Failure to give ownership of cron or crontab directories to root or to bin provides the designated owner and unauthorized users with the potential to access sensitive information or change the system configuration which could weaken the system's security posture.","ECLP-1","Check the owner of the crontab directory.
# ls -ld /var/spool/cron/crontabs
If the owner of the crontab directory is not root or bin, this is a finding.
","Change the owner of the crontab directory.
# chown root /var/spool/cron/crontabs","","","false","","","","","System Administrator","","M","Unclass","Solaris 10 SPARC Security Technical Implementation Guide :: Version 1, Release: 24 Benchmark Date: 25 Jan 2019","24","CCI-000225
The organization employs the concept of least privilege, allowing only authorized accesses for users (and processes acting on behalf of users) which are necessary to accomplish assigned tasks in accordance with organizational missions and business functions.
NIST SP 800-53 :: AC-6
NIST SP 800-53A :: AC-6.1
NIST SP 800-53 Revision 4 :: AC-6

",
"V-981","medium","GEN003140","SV-27347r1_rule","GEN003140","Cron and crontab directories must be group-owned by root, sys, or bin.","To protect the integrity of scheduled system jobs and to prevent malicious modification to these jobs, crontab files must be secured.  Failure to give group-ownership of cron or crontab directories to a system group provides the designated group and unauthorized users with the potential to access sensitive information or change the system configuration which could weaken the system's security posture.","ECLP-1","Check the group owner of the crontab directories.

Procedure:
# ls -ld /var/spool/cron/crontabs

If the directory is not group-owned by root, sys, or bin, this is a finding.","Change the group owner of the crontab directories to root, sys, or bin.

Procedure:
# chgrp root /var/spool/cron/crontabs","","","false","","","","","System Administrator","","M","Unclass","Solaris 10 SPARC Security Technical Implementation Guide :: Version 1, Release: 24 Benchmark Date: 25 Jan 2019","24","CCI-000225
The organization employs the concept of least privilege, allowing only authorized accesses for users (and processes acting on behalf of users) which are necessary to accomplish assigned tasks in accordance with organizational missions and business functions.
NIST SP 800-53 :: AC-6
NIST SP 800-53A :: AC-6.1
NIST SP 800-53 Revision 4 :: AC-6

",
"V-982","medium","GEN003160","SV-27349r1_rule","GEN003160","Cron logging must be implemented.","Cron logging can be used to trace the successful or unsuccessful execution of cron jobs.  It can also be used to spot intrusions into the use of the cron facility by unauthorized and malicious users.
","ECAR-1, ECAR-2, ECAR-3","# ls -lL /var/cron/log
If this file does not exist, or is older than the last cron job, this is a finding.
# more /etc/default/cron
If a CRONLOG=YES line does not exist, this is a finding.","Edit /etc/default/cron and set CRONLOG=YES.","","","false","","","","","System Administrator","","M","Unclass","Solaris 10 SPARC Security Technical Implementation Guide :: Version 1, Release: 24 Benchmark Date: 25 Jan 2019","24","CCI-000126
The organization determines that the organization-defined subset of the auditable events defined in AU-2 are to be audited within the information system.
NIST SP 800-53 :: AU-2 d
NIST SP 800-53A :: AU-2.1 (v)
NIST SP 800-53 Revision 4 :: AU-2 d

",
"V-983","medium","GEN003180","SV-27354r1_rule","GEN003180","The cronlog file must have mode 0600 or less permissive.","Cron logs contain reports of scheduled system activities and must be protected from unauthorized access or manipulation.
","ECLP-1, ECTP-1","Check the mode of the cron log file.
# ls -lL /var/cron/log
If the mode is more permissive than 0600, this is a finding.
","Change the mode of the cron log file.
# chmod 0600 /var/cron/log
","","","false","","","","","System Administrator","","M","Unclass","Solaris 10 SPARC Security Technical Implementation Guide :: Version 1, Release: 24 Benchmark Date: 25 Jan 2019","24","CCI-000225
The organization employs the concept of least privilege, allowing only authorized accesses for users (and processes acting on behalf of users) which are necessary to accomplish assigned tasks in accordance with organizational missions and business functions.
NIST SP 800-53 :: AC-6
NIST SP 800-53A :: AC-6.1
NIST SP 800-53 Revision 4 :: AC-6

",
"V-984","medium","GEN003280","SV-27376r1_rule","GEN003280","Access to the at utility must be controlled via the at.allow and/or at.deny file(s).","The at facility selectively allows users to execute jobs at deferred times.  It is usually used for one-time jobs. The at.allow file selectively allows access to the at facility.  If there is no at.allow file, there is no ready documentation of who is allowed to submit at jobs.","ECLP-1","Check for the existence of at.allow and at.deny files.
# ls -lL /etc/cron.d/at.allow
# ls -lL /etc/cron.d/at.deny
If neither file exists, this is a finding.
","Create at.allow and/or at.deny files containing appropriate lists of users to be allowed or denied access to the ""at"" daemon.   ","","","false","","","","","System Administrator","","M","Unclass","Solaris 10 SPARC Security Technical Implementation Guide :: Version 1, Release: 24 Benchmark Date: 25 Jan 2019","24","CCI-000225
The organization employs the concept of least privilege, allowing only authorized accesses for users (and processes acting on behalf of users) which are necessary to accomplish assigned tasks in accordance with organizational missions and business functions.
NIST SP 800-53 :: AC-6
NIST SP 800-53A :: AC-6.1
NIST SP 800-53 Revision 4 :: AC-6

",
"V-985","medium","GEN003300","SV-27380r1_rule","GEN003300","The at.deny file must not be empty if it exists.","On some systems, if there is no at.allow file and there is an empty at.deny file, then the system assumes everyone has permission to use the at facility.  This could create an insecure setting in the case of malicious users or system intruders.","ECLP-1","# more /etc/cron.d/at.deny
If the at.deny file exists and is empty, this is a finding.","Add appropriate users to the at.deny file, or remove the empty at.deny file if an at.allow file exists.","","","true","","","","","System Administrator","","M","Unclass","Solaris 10 SPARC Security Technical Implementation Guide :: Version 1, Release: 24 Benchmark Date: 25 Jan 2019","24","CCI-000225
The organization employs the concept of least privilege, allowing only authorized accesses for users (and processes acting on behalf of users) which are necessary to accomplish assigned tasks in accordance with organizational missions and business functions.
NIST SP 800-53 :: AC-6
NIST SP 800-53A :: AC-6.1
NIST SP 800-53 Revision 4 :: AC-6

",
"V-986","medium","GEN003320","SV-27384r1_rule","GEN003320","Default system accounts (with the exception of root) must not be listed in the at.allow file or must be included in the at.deny file if the at.allow file does not exist.","Default accounts, such as bin, sys, adm, uucp, daemon, and others, should never have access to the at facility.  This would create a possible vulnerability open to intruders or malicious users.","ECPA-1","# more /etc/cron.d/at.allow
If default accounts (such as bin, sys, adm, and others) are listed in the at.allow file, this is a finding.
","Remove the default accounts (such as bin, sys, adm, and others) from the at.allow file.","","","false","","","","","System Administrator","","M","Unclass","Solaris 10 SPARC Security Technical Implementation Guide :: Version 1, Release: 24 Benchmark Date: 25 Jan 2019","24","CCI-000225
The organization employs the concept of least privilege, allowing only authorized accesses for users (and processes acting on behalf of users) which are necessary to accomplish assigned tasks in accordance with organizational missions and business functions.
NIST SP 800-53 :: AC-6
NIST SP 800-53A :: AC-6.1
NIST SP 800-53 Revision 4 :: AC-6

",
"V-987","medium","GEN003340","SV-27388r1_rule","GEN003340","The at.allow file must have mode 0600 or less permissive.","Permissions more permissive than 0600 (read and write for the owner) may allow unauthorized or malicious access to the at.allow and/or at.deny files.","ECLP-1","Check the mode of the at.allow file.
# ls -lL /etc/cron.d/at.allow
If the at.allow file has a mode more permissive than 0600, this is a finding.","Change the mode of the at.allow file.
# chmod 0600 /etc/cron.d/at.allow","","","false","","","","","System Administrator","","M","Unclass","Solaris 10 SPARC Security Technical Implementation Guide :: Version 1, Release: 24 Benchmark Date: 25 Jan 2019","24","CCI-000225
The organization employs the concept of least privilege, allowing only authorized accesses for users (and processes acting on behalf of users) which are necessary to accomplish assigned tasks in accordance with organizational missions and business functions.
NIST SP 800-53 :: AC-6
NIST SP 800-53A :: AC-6.1
NIST SP 800-53 Revision 4 :: AC-6

",
"V-988","medium","GEN003360","SV-40411r1_rule","GEN003360","The ""at"" daemon must not execute group-writable or world-writable programs.","If the ""at"" facility executes world-writable or group-writable programs, it is possible for the programs to be accidentally or maliciously changed or replaced without the owner's intent or knowledge.  This would cause a system security breach.","DCSL-1","List the ""at"" jobs on the system.
Procedure:
# ls -la /var/spool/cron/atjobs

For each ""at"" job file, determine which programs are executed.
Procedure:
# more <at job file>

Check each program executed by ""at"" for group- or world-writable permissions.
Procedure:
# ls -la <at program file>

If ""at"" executes group- or world-writable programs, this is a finding.","Remove group-write and world-write permissions from files executed by ""at"" jobs.
Procedure:
# chmod go-w <file>","","","false","","","","","System Administrator","","M","Unclass","Solaris 10 SPARC Security Technical Implementation Guide :: Version 1, Release: 24 Benchmark Date: 25 Jan 2019","24","CCI-000225
The organization employs the concept of least privilege, allowing only authorized accesses for users (and processes acting on behalf of users) which are necessary to accomplish assigned tasks in accordance with organizational missions and business functions.
NIST SP 800-53 :: AC-6
NIST SP 800-53A :: AC-6.1
NIST SP 800-53 Revision 4 :: AC-6

",
"V-989","medium","GEN003380","SV-40412r1_rule","GEN003380","The ""at"" daemon must not execute programs in, or subordinate to, world-writable directories.","If ""at"" programs are located in or subordinate to world-writable directories, they become vulnerable to removal and replacement by malicious users or system intruders.","DCSL-1","List any ""at"" jobs on the system.
Procedure:
# ls /var/spool/cron/atjobs

For each ""at"" job, determine which programs are executed.
Procedure:
# more <at job file>

Check the directory containing each program executed by ""at"" for world-writable permissions.
Procedure:
# ls -la <at program file directory>

If ""at"" executes programs in world-writable directories, this is a finding.","Remove the world-writable permission from directories containing programs executed by ""at"".

Procedure:
# chmod o-w <at program directory>","","","false","","","","","System Administrator","","M","Unclass","Solaris 10 SPARC Security Technical Implementation Guide :: Version 1, Release: 24 Benchmark Date: 25 Jan 2019","24","CCI-000225
The organization employs the concept of least privilege, allowing only authorized accesses for users (and processes acting on behalf of users) which are necessary to accomplish assigned tasks in accordance with organizational missions and business functions.
NIST SP 800-53 :: AC-6
NIST SP 800-53A :: AC-6.1
NIST SP 800-53 Revision 4 :: AC-6

",
"V-993","high","GEN005300","SV-40281r1_rule","GEN005300","SNMP communities, users, and passphrases must be changed from the default.","Whether active or not, default SNMP passwords, users, and passphrases must be changed to maintain security. If the service is running with the default authenticators, then anyone can gather data about the system and the network and use the information to potentially compromise the integrity of the system or network(s).","IAAC-1","Check the SNMP configuration for default passwords.

Locate and examine the SNMP configuration.
Procedure:
# more /etc/sma/snmp/snmpd.conf /var/sma_snmp/snmpd.conf /etc/snmp/conf/snmpd.conf /usr/sfw/lib/sma_snmp/snmpd.conf

Identify any community names or user password configuration. If any community name or password is set to a default value, such as public, private, snmp-trap, password, or any value which does not meet DISA password requirements, this is a finding.","Change the default passwords. To change them, locate the snmpd.conf file and edit it. Locate the line system-group-read-community which has a default password of public and make the password something more random (less guessable). Make the same changes for the lines that read system-group-write-community, read-community, write-community, trap, and trap-community. Read the information in the file carefully. The trap is defining who to send traps to, for instance, by default. It is not a password, but the name of a host.","","","false","","","","","System Administrator","","M","Unclass","Solaris 10 SPARC Security Technical Implementation Guide :: Version 1, Release: 24 Benchmark Date: 25 Jan 2019","24","CCI-000178
The organization manages information system authenticators for users and devices by changing default content of authenticators upon information system installation.
NIST SP 800-53 :: IA-5 e
NIST SP 800-53A :: IA-5.1 (ii)

",
"V-994","medium","GEN005320","SV-40262r1_rule","GEN005320","The snmpd.conf file must have mode 0600 or less permissive.","The snmpd.conf file contains authenticators and must be protected from unauthorized access and modification.","ECLP-1","Check the mode of the SNMP daemon configuration files.
Procedure:
# ls -lL /etc/sma/snmp/snmpd.conf /etc/snmp/conf/snmpd.conf /var/sma_snmp/snmpd.conf /usr/sfw/lib/sma_snmp/snmpd.conf

If any of the snmpd.conf files have a mode more permissive than 0600, this is a finding.","Change the mode of the SNMP daemon configuration file to 0600. 

Procedure:
# chmod 0600 <snmpd.conf>   ","","","false","","","","","System Administrator","","M","Unclass","Solaris 10 SPARC Security Technical Implementation Guide :: Version 1, Release: 24 Benchmark Date: 25 Jan 2019","24","CCI-000225
The organization employs the concept of least privilege, allowing only authorized accesses for users (and processes acting on behalf of users) which are necessary to accomplish assigned tasks in accordance with organizational missions and business functions.
NIST SP 800-53 :: AC-6
NIST SP 800-53A :: AC-6.1
NIST SP 800-53 Revision 4 :: AC-6

",
"V-995","medium","GEN005340","SV-40817r1_rule","GEN005340","Management Information Base (MIB) files must have mode 0640 or less permissive.","The ability to read the MIB file could impart special knowledge to an intruder or malicious user about the ability to extract compromising information about the system or network.","ECLP-1","Check the modes for all Management Information Base (MIB) files on the system.

# find /etc/sma/snmp/ /etc/snmp/conf/ /var/sma_snmp/ /usr/sfw/lib/sma_snmp/ -type f | grep -i mib | egrep -v '\.conf$' | xargs ls -lL

If any file is returned that does not have mode 0640 or less permissive, this is a finding.","Change the mode of MIB files to 0640.

Procedure:
# chmod 0640 <mib file>   ","","","false","","","","","System Administrator","","M","Unclass","Solaris 10 SPARC Security Technical Implementation Guide :: Version 1, Release: 24 Benchmark Date: 25 Jan 2019","24","CCI-000225
The organization employs the concept of least privilege, allowing only authorized accesses for users (and processes acting on behalf of users) which are necessary to accomplish assigned tasks in accordance with organizational missions and business functions.
NIST SP 800-53 :: AC-6
NIST SP 800-53A :: AC-6.1
NIST SP 800-53 Revision 4 :: AC-6

",
"V-1010","medium","GEN002480","SV-1010r3_rule","GEN002480","Public directories must be the only world-writable directories and world-writable files must be located only in public directories.","World-writable files and directories make it easy for a malicious user to place potentially compromising files on the system.

The only authorized public directories are those temporary directories supplied with the system or those designed to be temporary file repositories. The setting is normally reserved for directories used by the system and by users for temporary file storage (e.g., /tmp) and for directories requiring global read/write access.","","Check the system for world-writable files and directories.

Procedure:
# find / -perm -2 -a \(   -type d -o -type f    \) -exec ls -ld {} \;

If any world-writable files or directories are located, except those required for proper system or application operation, such as /tmp and /dev/null, this is a finding.","Remove or change the mode for any world-writable file or directory on the system that is not required to be world-writable.

Procedure:
# chmod o-w <file/directory>

Document all changes.","","","false","","","","","System Administrator","","M","Unclass","Solaris 10 SPARC Security Technical Implementation Guide :: Version 1, Release: 24 Benchmark Date: 25 Jan 2019","24","CCI-000366
The organization implements the security configuration settings.
NIST SP 800-53 :: CM-6 b
NIST SP 800-53A :: CM-6.1 (iv)
NIST SP 800-53 Revision 4 :: CM-6 b

",
"V-1011","low","GEN003800","SV-27430r1_rule","GEN003800","Inetd or xinetd logging/tracing must be enabled.","Inetd or xinetd logging and tracing allows the system administrators to observe the IP addresses connecting to their machines and to observe what network services are being sought.  This provides valuable information when trying to find the source of malicious users and potential malicious users.","ECSC-1","Verify the default value of the inet service property tcp_trace.
# inetadm -p |grep tcp_trace

If the tcp_trace inet service property is not set or is set to FALSE, this is a finding.

Verify that all enabled inetd-managed processes have the tcp_trace inet service property set to the default value or TRUE.
# inetadm | grep enabled | awk '{print $NF}' | xargs inetadm -l | more

If any enabled inetd-managed processes have the tcp_trace inet service property set to FALSE, this is a finding.","Enable logging or tracing for inetd.

Procedure:
# inetadm -M tcp_trace=TRUE

Set the tcp_trace inet service property to the default for all enabled inetd-managed services.

# inetadm | grep enabled | awk '{print $NF}' | xargs -I X inetadm -m X tcp_trace=

(Note:  The trailing '=' instructs inetd to use the default value for tcp_trace.)","","","false","","","","","System Administrator","","M","Unclass","Solaris 10 SPARC Security Technical Implementation Guide :: Version 1, Release: 24 Benchmark Date: 25 Jan 2019","24","CCI-000134
The information system generates audit records containing information that establishes the outcome of the event.
NIST SP 800-53 :: AU-3
NIST SP 800-53A :: AU-3.1
NIST SP 800-53 Revision 4 :: AU-3

",
"V-1013","high","GEN008600","SV-1013r2_rule","GEN008600","The system must be configured to only boot from the system boot device.","The ability to boot from removable media is the same as being able to boot into single user or maintenance mode without a password.  This ability could allow a malicious user to boot the system and perform changes possibly compromising or damaging the system.  It could also allow the system to be used for malicious purposes by a malicious anonymous user.","ECSC-1","Determine if the system is configured to boot from devices other than the system startup media.  If so, this is a finding.

In most cases, this will require access to the BIOS or system controller.  The exact procedure will be hardware-dependent, and the SA should be consulted to identify the specific configuration.  In the event the BIOS or system controller is not accessible without adversely impacting (e.g., restarting) the system, the SA may be interviewed to determine compliance with the requirement.","Configure the system to only boot from system startup media. ","","","false","","","","","System Administrator","","M","Unclass","Solaris 10 SPARC Security Technical Implementation Guide :: Version 1, Release: 24 Benchmark Date: 25 Jan 2019","24","CCI-000366
The organization implements the security configuration settings.
NIST SP 800-53 :: CM-6 b
NIST SP 800-53A :: CM-6.1 (iv)
NIST SP 800-53 Revision 4 :: CM-6 b

",
"V-1023","medium","GEN006240","SV-1023r2_rule","GEN006240","The system must not run an Internet Network News (INN) server.","Internet Network News (INN) servers access Usenet newsfeeds and store newsgroup articles.  INN servers use the Network News Transfer Protocol (NNTP) to transfer information from the Usenet to the server and from the server to authorized remote hosts.

If this function is necessary to support a valid mission requirement, its use must be authorized and approved in the system accreditation package.","ECSC-1","# ps -ef | egrep ""innd|nntpd""

If an INN server is running, this is a finding.
","Disable the INN server.","","","false","","","","","System Administrator","","M","Unclass","Solaris 10 SPARC Security Technical Implementation Guide :: Version 1, Release: 24 Benchmark Date: 25 Jan 2019","24","CCI-000381
The organization configures the information system to provide only essential capabilities.
NIST SP 800-53 :: CM-7
NIST SP 800-53A :: CM-7.1 (ii)
NIST SP 800-53 Revision 4 :: CM-7 a

",
"V-1026","medium","GEN006080","SV-42313r1_rule","GEN006080","The Samba Web Administration Tool (SWAT) must be restricted to the local host or require SSL.","SWAT is a tool used to configure Samba. As it modifies Samba configuration, which can impact system security, it must be protected from unauthorized access. SWAT authentication may involve the root password, which must be protected by encryption when traversing the network.

Restricting access to the local host allows for the use of SSH TCP forwarding, if configured, or administration by a web browser on the local system.","EBRP-1","Verify the SWAT daemon is running under inetd.

# svcs swat

If SWAT is disabled or not installed, this is not applicable.

Verify that TCP_wrappers is enabled for the SWAT daemon.

# inetadm -l swat | grep tcp_wrappers

If the tcp_wrappers value is unset or is set to FALSE, this is a finding.

Verify access to the SWAT daemon is limited to localhost through the use of TCP_Wrappers.

# more /etc/hosts.allow
# more /etc/hosts.deny

If the hosts.allow and hosts.deny access control files are configured such that remote access to SWAT is enabled, this is a finding.

Ask the SA if SSH port forwarding is used to enable remote access to SWAT. If it is, this is not a finding.  If all access to SWAT is via localhost using a local web browser, this is not a finding.","Enable tcp_wrappers for the SWAT daemon.
# inetadm -m swat tcp_wrappers=true
  OR
# inetadm -M tcp_wrappers=true
Relfresh the inetd daemon.
# svcadm refresh inetd

Configure the hosts.allow and hosts.deny files to limit access to SWAT to localhost.
Example:
# echo ALL: ALL >> /etc/hosts.deny
# echo swat: localhost >> /etc/hosts.allow","","","false","","","","","System Administrator","","M","Unclass","Solaris 10 SPARC Security Technical Implementation Guide :: Version 1, Release: 24 Benchmark Date: 25 Jan 2019","24","CCI-001436
The organization disables organization defined networking protocols within the information system deemed to be nonsecure except for explicitly identified components in support of specific operational requirements.
NIST SP 800-53 :: AC-17 (8)
NIST SP 800-53A :: AC-17 (8).1 (ii)

",
"V-1027","medium","GEN006100","SV-40291r2_rule","GEN006100","The smb.conf file must be owned by root.","The smb.conf file allows access to other machines on the network and grants permissions to certain users.  If it is owned by another user, the file may be maliciously modified and the Samba configuration could be compromised.","","Check the ownership of the smb.conf file.  Default locations for this file include /etc, /etc/sfw, /etc/samba, and /etc/sfw/samba.  If the system has Samba installed in non-standard locations, also check the smb.conf in those locations.
 
Procedure:
# ls -l /etc/smb.conf /etc/sfw/smb.conf /etc/samba/smb.conf /etc/sfw/samba/smb.conf
 
If a smb.conf file is not owned by root, this is a finding.
","Change the ownership of the smb.conf file.

Procedure:
# chown root /etc/smb.conf /etc/sfw/smb.conf /etc/samba/smb.conf /etc/sfw/samba/smb.conf
","","","false","","","","","System Administrator","","M","Unclass","Solaris 10 SPARC Security Technical Implementation Guide :: Version 1, Release: 24 Benchmark Date: 25 Jan 2019","24","CCI-000225
The organization employs the concept of least privilege, allowing only authorized accesses for users (and processes acting on behalf of users) which are necessary to accomplish assigned tasks in accordance with organizational missions and business functions.
NIST SP 800-53 :: AC-6
NIST SP 800-53A :: AC-6.1
NIST SP 800-53 Revision 4 :: AC-6

",
"V-1028","medium","GEN006140","SV-40294r2_rule","GEN006140","The smb.conf file must have mode 0644 or less permissive.","If the smb.conf file has excessive permissions, the file may be maliciously modified and the Samba configuration could be compromised.","","Check the mode of the smb.conf file. Default locations for this file include /etc, /etc/sfw, /etc/samba, and /etc/sfw/samba.  If the system has Samba installed in non-standard locations, also check the smb.conf in those locations.

Procedure:
# ls -lL /etc/smb.conf /etc/sfw/smb.conf /etc/samba/smb.conf /etc/sfw/samba/smb.conf


If the smb.conf has a mode more permissive than 0644, this is a finding.
","Change the mode of the smb.conf file to 0644 or less permissive.

Procedure:
# chmod 0644 /etc/smb.conf /etc/sfw/smb.conf /etc/samba/smb.conf /etc/sfw/samba/smb.conf
","","","false","","","","","System Administrator","","M","Unclass","Solaris 10 SPARC Security Technical Implementation Guide :: Version 1, Release: 24 Benchmark Date: 25 Jan 2019","24","CCI-000225
The organization employs the concept of least privilege, allowing only authorized accesses for users (and processes acting on behalf of users) which are necessary to accomplish assigned tasks in accordance with organizational missions and business functions.
NIST SP 800-53 :: AC-6
NIST SP 800-53A :: AC-6.1
NIST SP 800-53 Revision 4 :: AC-6

",
"V-1029","medium","GEN006160","SV-40284r1_rule","GEN006160","The smbpasswd file must be owned by root.","If the smbpasswd file is not owned by root, the smbpasswd file may be maliciously accessed or modified, potentially resulting in the compromise of Samba accounts.","ECLP-1","Check the ownership of the smbpasswd file.

# ls -lL /etc/sfw/private/smbpasswd

If the smbpasswd file is not owned by root, this is a finding.","Use the chown command to configure the smb passwd file.
# chown root /etc/sfw/private/smbpasswd","","","false","","","","","System Administrator","","M","Unclass","Solaris 10 SPARC Security Technical Implementation Guide :: Version 1, Release: 24 Benchmark Date: 25 Jan 2019","24","CCI-000225
The organization employs the concept of least privilege, allowing only authorized accesses for users (and processes acting on behalf of users) which are necessary to accomplish assigned tasks in accordance with organizational missions and business functions.
NIST SP 800-53 :: AC-6
NIST SP 800-53A :: AC-6.1
NIST SP 800-53 Revision 4 :: AC-6

",
"V-1030","medium","GEN006220","SV-40298r2_rule","GEN006220","The smb.conf file must use the hosts option to restrict access to Samba.","Samba increases the attack surface of the system and must be restricted to communicate only with systems requiring access.","","Examine the smb.conf file. Default locations for this file include /etc, /etc/sfw, /etc/samba, and /etc/sfw/samba.  If the system has Samba installed in non-standard locations, also check the smb.conf in those locations.

Procedure:
# more /etc/smb.conf /etc/sfw/smb.conf /etc/samba/smb.conf /etc/sfw/samba/smb.conf

If the hosts option is not present to restrict access to a list of authorized hosts and networks, this is a finding.
","Edit the smb.conf file and set the hosts option to permit only authorized hosts to access Samba.","","","false","","","","","System Administrator","","M","Unclass","Solaris 10 SPARC Security Technical Implementation Guide :: Version 1, Release: 24 Benchmark Date: 25 Jan 2019","24","CCI-000225
The organization employs the concept of least privilege, allowing only authorized accesses for users (and processes acting on behalf of users) which are necessary to accomplish assigned tasks in accordance with organizational missions and business functions.
NIST SP 800-53 :: AC-6
NIST SP 800-53A :: AC-6.1
NIST SP 800-53 Revision 4 :: AC-6

",
"V-1032","medium","GEN000540","SV-39809r1_rule","GEN000540","Users must not be able to change passwords more than once every 24 hours.","The ability to change passwords frequently facilitates users reusing the same password. This can result in users effectively never changing their passwords. This would be accomplished by users changing their passwords when required and then immediately changing it to the original value.","ECSC-1","Check the minimum time period between password changes for each user account is 1 day or greater.
# awk -F: '$4 < 1 {print $1}' /etc/shadow
If any results are returned that are not associated with a system account, this is a finding.","Edit the /etc/default/passwd file and set the variable ""MINWEEKS"" to 1 or greater. 
Set the per-user minimum password change times by using the following command on each user account.
# passwd -n <number of days> <accountname>   ","","","false","","","","","System Administrator","","M","Unclass","Solaris 10 SPARC Security Technical Implementation Guide :: Version 1, Release: 24 Benchmark Date: 25 Jan 2019","24","CCI-000198
The information system enforces minimum password lifetime restrictions.
NIST SP 800-53 :: IA-5 (1) (d)
NIST SP 800-53A :: IA-5 (1).1 (v)
NIST SP 800-53 Revision 4 :: IA-5 (1) (d)

",
"V-1046","high","GEN001100","SV-1046r2_rule","GEN001100","Root passwords must never be passed over a network in clear text form.","If a user accesses the root account (or any account) using an unencrypted connection, the password is passed over the network in clear text form and is subject to interception and misuse.  This is true even if recommended procedures are followed by logging on to a named account and using the su command to access root.","IAIA-1, IAIA-2","Determine if root has logged in over an unencrypted network connection.

First, determine if root has logged in over a network.
Procedure:
# last | grep ""^root "" | egrep -v ""reboot|console"" | more

Next, determine if the SSH daemon is running.
Procedure:
# ps -ef |grep sshd

If root has logged in over the network and SSHD is not running, this is a finding.
","Enable SSH on the system and use it for all remote connections used to attain root access.","","","false","","","","","System Administrator","","M","Unclass","Solaris 10 SPARC Security Technical Implementation Guide :: Version 1, Release: 24 Benchmark Date: 25 Jan 2019","24","CCI-000197
The information system, for password-based authentication, transmits only encrypted representations of passwords.
NIST SP 800-53 :: IA-5 (1) (c)
NIST SP 800-53A :: IA-5 (1).1 (v)
NIST SP 800-53 Revision 4 :: IA-5 (1) (c)

",
"V-1047","medium","GEN001120","SV-39811r1_rule","GEN001120","The system must not permit root logins using remote access programs such as SSH.
","Even though communications are encrypted, an additional layer of security may be gained by extending the policy of not logging directly on as root. In addition, logging in with a user-specific account preserves the audit trail.","ECPA-1","Determine if the SSH daemon is configured to permit root logins.

Procedure:
# grep -v ""^#"" /etc/ssh/sshd_config | grep -i permitrootlogin

If the PermitRootLogin entry is not found or is not set to ""no"", this is a finding.","Edit the configuration file and set the PermitRootLogin option to no.   ","","","false","","","","","System Administrator","","M","Unclass","Solaris 10 SPARC Security Technical Implementation Guide :: Version 1, Release: 24 Benchmark Date: 25 Jan 2019","24","CCI-000770
The organization requires individuals to be authenticated with an individual authenticator when a group authenticator is employed.
NIST SP 800-53 :: IA-2 (5) (b)
NIST SP 800-53A :: IA-2 (5).2 (ii)
NIST SP 800-53 Revision 4 :: IA-2 (5)

",
"V-1048","medium","GEN002320","SV-27241r1_rule","GEN002320","Audio devices must have mode 0660 or less permissive.","Globally accessible  audio and video devices have proven to be security hazards.  There is software that can activate system microphones and video devices connected to user workstations and/or X terminals.  Once the microphone has been activated, it is possible to eavesdrop on otherwise private conversations without the victim being aware of it.  This action effectively changes the user's microphone to a bugging device.","ECLP-1","Check the mode of audio devices.
# ls -lL /dev/audio
If the mode of audio devices are more permissive than 0660, this is a finding.","Change the mode of the audio device.
# chmod -R 0660 /dev/audio","","","false","","","","","System Administrator","","M","Unclass","Solaris 10 SPARC Security Technical Implementation Guide :: Version 1, Release: 24 Benchmark Date: 25 Jan 2019","24","CCI-000225
The organization employs the concept of least privilege, allowing only authorized accesses for users (and processes acting on behalf of users) which are necessary to accomplish assigned tasks in accordance with organizational missions and business functions.
NIST SP 800-53 :: AC-6
NIST SP 800-53A :: AC-6.1
NIST SP 800-53 Revision 4 :: AC-6

",
"V-1049","medium","GEN002340","SV-27246r1_rule","GEN002340","Audio devices must be owned by root.","Globally Accessible audio and video devices have proven to be security hazards.  There is software that can activate system microphones and video devices connected to user workstations and/or X terminals.  Once the microphone has been activated, it is possible to eavesdrop on otherwise private conversations without the victim being aware of it.  This action effectively changes the user's microphone to a bugging device.","ECLP-1","Check the owner of audio devices.
# ls -lL /dev/audio
If the owner of any audio device file is not root, this is a finding.","Change the owner of the audio device.
# chown root <audio device>","","","false","","","","","System Administrator","","M","Unclass","Solaris 10 SPARC Security Technical Implementation Guide :: Version 1, Release: 24 Benchmark Date: 25 Jan 2019","24","CCI-000225
The organization employs the concept of least privilege, allowing only authorized accesses for users (and processes acting on behalf of users) which are necessary to accomplish assigned tasks in accordance with organizational missions and business functions.
NIST SP 800-53 :: AC-6
NIST SP 800-53A :: AC-6.1
NIST SP 800-53 Revision 4 :: AC-6

",
"V-1056","medium","GEN006120","SV-39890r3_rule","GEN006120","The smb.conf file must be group-owned by root, bin, or sys.","If the group owner of the smb.conf file is not root or a system group, the file may be maliciously modified and the Samba configuration could be compromised.","","Check the group ownership of the smb.conf file. Default locations for this file include /etc, /etc/sfw, /etc/samba, and /etc/sfw/samba.  If the system has Samba installed in non-standard locations, also check the smb.conf in those locations.

Procedure:

# ls -l /etc/smb.conf /etc/sfw/smb.conf /etc/samba/smb.conf /etc/sfw/samba/smb.conf

If an smb.conf file is not group-owned by root, bin, or sys, this is a finding.","Change the group owner of the smb.conf file.

Procedure:

# chgrp root /etc/smb.conf /etc/sfw/smb.conf /etc/samba/smb.conf /etc/sfw/samba/smb.conf","","","false","","","","","System Administrator","","M","Unclass","Solaris 10 SPARC Security Technical Implementation Guide :: Version 1, Release: 24 Benchmark Date: 25 Jan 2019","24","CCI-000225
The organization employs the concept of least privilege, allowing only authorized accesses for users (and processes acting on behalf of users) which are necessary to accomplish assigned tasks in accordance with organizational missions and business functions.
NIST SP 800-53 :: AC-6
NIST SP 800-53A :: AC-6.1
NIST SP 800-53 Revision 4 :: AC-6

",
"V-1058","medium","GEN006180","SV-40287r1_rule","GEN006180","The smbpasswd file must be group-owned by root.","If the smbpasswd file is not group-owned by root, the smbpasswd file may be maliciously accessed or modified, potentially resulting in the compromise of Samba accounts.","ECLP-1","Check smbpasswd ownership.

# ls -lL /etc/sfw/private/smbpasswd

If smbpasswd is not group-owned by root, this is a finding.","Use the chgrp command to ensure the group owner of the smbpasswd file is root.

# chgrp root /etc/sfw/private/smbpasswd","","","false","","","","","System Administrator","","M","Unclass","Solaris 10 SPARC Security Technical Implementation Guide :: Version 1, Release: 24 Benchmark Date: 25 Jan 2019","24","CCI-000225
The organization employs the concept of least privilege, allowing only authorized accesses for users (and processes acting on behalf of users) which are necessary to accomplish assigned tasks in accordance with organizational missions and business functions.
NIST SP 800-53 :: AC-6
NIST SP 800-53A :: AC-6.1
NIST SP 800-53 Revision 4 :: AC-6

",
"V-1059","medium","GEN006200","SV-40289r1_rule","GEN006200","The smbpasswd file must have mode 0600 or less permissive.","If the smbpasswd file has a mode more permissive than 0600, the smbpasswd file may be maliciously accessed or modified, potentially resulting in the compromise of Samba accounts.","ECLP-1","Check smbpasswd mode.

Procedure:
# ls -lL /etc/sfw/private/smbpasswd 

If smbpasswd has a mode more permissive than 0600, this is a finding.","Change the mode of the smbpasswd file to 0600.

Procedure:
# chmod 0600 /etc/sfw/private/smbpasswd","","","false","","","","","System Administrator","","M","Unclass","Solaris 10 SPARC Security Technical Implementation Guide :: Version 1, Release: 24 Benchmark Date: 25 Jan 2019","24","CCI-000225
The organization employs the concept of least privilege, allowing only authorized accesses for users (and processes acting on behalf of users) which are necessary to accomplish assigned tasks in accordance with organizational missions and business functions.
NIST SP 800-53 :: AC-6
NIST SP 800-53A :: AC-6.1
NIST SP 800-53 Revision 4 :: AC-6

",
"V-1061","medium","GEN002360","SV-27251r1_rule","GEN002360","Audio devices must be group-owned by root, sys, or bin.","Without privileged group owners, audio devices will be vulnerable to being used as eaves-dropping devices by malicious users or intruders to possibly listen to conversations containing sensitive information.
","ECLP-1","Check the group-owner of audio devices.

Procedure:
# ls -lL /dev/audio

If the group-owner of an audio device is not root, sys, or bin, this is a finding.","Change the group owner of the audio device.

Procedure:
# chgrp system <audio device>","","","false","","","","","System Administrator","","M","Unclass","Solaris 10 SPARC Security Technical Implementation Guide :: Version 1, Release: 24 Benchmark Date: 25 Jan 2019","24","CCI-000225
The organization employs the concept of least privilege, allowing only authorized accesses for users (and processes acting on behalf of users) which are necessary to accomplish assigned tasks in accordance with organizational missions and business functions.
NIST SP 800-53 :: AC-6
NIST SP 800-53A :: AC-6.1
NIST SP 800-53 Revision 4 :: AC-6

",
"V-1062","low","GEN001080","SV-27157r1_rule","GEN001080","The root shell must be located in the / file system.","To ensure the root shell is available in repair and administrative modes, the root shell must be located in the / file system.
","ECSC-1","Perform the following to determine if /usr is partitioned.
# grep /usr /etc/vfstab 

If /usr is partitioned, check the location of root's default shell.  
# awk -F: '$1 == ""root"" {print $7}' /etc/passwd
If the root shell is found to be on a partitioned /usr filesystem or is in a directory symlinked to a partitioned /usr filesystem, even if the actual root shell is a symlink back to the root filesystem, this is a finding.","Change the root account's shell to one present on the / filesystem. Example: 

# usermod -s /sbin/sh root","","","false","","","","","System Administrator","","M","Unclass","Solaris 10 SPARC Security Technical Implementation Guide :: Version 1, Release: 24 Benchmark Date: 25 Jan 2019","24","CCI-000366
The organization implements the security configuration settings.
NIST SP 800-53 :: CM-6 b
NIST SP 800-53A :: CM-6.1 (iv)
NIST SP 800-53 Revision 4 :: CM-6 b

",
"V-4083","medium","GEN000500","SV-39814r1_rule","GEN000500","Graphical desktop environments provided by the system must automatically lock after 15 minutes of inactivity and the system must require users to re-authenticate to unlock the environment.","If graphical desktop sessions do not lock the session after 15 minutes of inactivity, requiring re-authentication to resume operations, the system or individual data could be compromised by an alert intruder who could exploit the oversight. This requirement applies to graphical desktop environments provided by the system to locally attached displays and input devices as well as to graphical desktop environments provided to remote systems, including thin clients.","PESL-1","Examine the dtsession timeout variable setting:

# cat /etc/dt/config/C/sys.resources | grep -i dtsession | grep -i lockTimeout
If the dtsession timeout is greater than 15, commented or does not exist, this is a finding.

Examine the Open Windows timeout settings, both global and for every user.

# cat /usr/openwin/lib/app-defaults/XScreenSaver | egrep -i '\*(lock|timeout):'
If the global Open Windows timeout is greater than 15 minutes, commented or does not exist, this is a finding.  If the global lock setting is not true, this is a finding.

# cut -d: -f6 /etc/passwd | xargs -iX egrep -i '^(lock|timeout):' X/.xscreensaver
If the Open Windows timeout is greater than 15 minutes for any user, this is a finding.  If the lock setting is not true for any user, this is a finding.","Configure the CDE lock manager to lock your screen after a certain amount of inactive time. To configure the CDE lock manager to lock the screen after 15 minutes of inactive time, enter the following commands (be sure NOT to overwrite an existing file).
# cp /usr/dt/config/C/sys.resources /etc/dt/config/C/sys.resources
# vi /etc/dt/config/C/sys.resources

Locate and add/uncomment/change the line to N=15.
dtsession*lockTimeout: <N>
dtsession*lockTimeout: 15

Log out of CDE and log back in to verify that the timeout is in effect.   

The timeout parameter in /usr/openwin/lib/app-defaults/XScreenSaver and all users' .xscreensaver files should also be confirmed to be uncommented and set to 0:15:00.","","","false","","","","","System Administrator","","M","Unclass","Solaris 10 SPARC Security Technical Implementation Guide :: Version 1, Release: 24 Benchmark Date: 25 Jan 2019","24","CCI-000057
The information system initiates a session lock after the organization-defined time period of inactivity.
NIST SP 800-53 :: AC-11 a
NIST SP 800-53A :: AC-11.1 (ii)
NIST SP 800-53 Revision 4 :: AC-11 a

",
"V-4084","medium","GEN000800","SV-27132r1_rule","GEN000800","The system must prohibit the reuse of passwords within five iterations.","If a user, or root, used the same password continuously or was allowed to change it back shortly after being forced to change it to something else, it would provide a potential intruder with the opportunity to keep guessing at one user's password until it was guessed correctly.
","IAIA-1, IAIA-2","Check the HISTORY setting.
# grep HISTORY /etc/default/passwd
If HISTORY is not set to 5 or more, this is a finding.","Edit /etc/default/passwd and set HISTORY to 5.","","","false","","","","","System Administrator","","M","Unclass","Solaris 10 SPARC Security Technical Implementation Guide :: Version 1, Release: 24 Benchmark Date: 25 Jan 2019","24","CCI-000200
The information system prohibits password reuse for the organization defined number of generations.
NIST SP 800-53 :: IA-5 (1) (e)
NIST SP 800-53A :: IA-5 (1).1 (v)
NIST SP 800-53 Revision 4 :: IA-5 (1) (e)

",
"V-4087","medium","GEN001940","SV-39812r1_rule","GEN001940","User start-up files must not execute world-writable programs.","If start-up files execute world-writable programs, especially in unprotected directories, they could be maliciously modified to become Trojans destroying user files or otherwise compromising the system at the user, or higher, level.  If the system is compromised at the user level, it is much easier to eventually compromise the system at the root and network level.","DCSW-1","Check local initialization files for any executed world-writable programs or scripts.

Procedure:
# find / -perm -002 -type f | egrep -v '^(/proc|/system/contract)' > wwlist
# fgrep -f wwlist /<usershomedirectory>/.*

If any local initialization file executes a world-writable program or script, this is a finding.","Remove the world-writable permission of files referenced by local initialization scripts, or remove the references to these files in the local initialization scripts.","","","false","","","","","System Administrator","","M","Unclass","Solaris 10 SPARC Security Technical Implementation Guide :: Version 1, Release: 24 Benchmark Date: 25 Jan 2019","24","CCI-000225
The organization employs the concept of least privilege, allowing only authorized accesses for users (and processes acting on behalf of users) which are necessary to accomplish assigned tasks in accordance with organizational missions and business functions.
NIST SP 800-53 :: AC-6
NIST SP 800-53A :: AC-6.1
NIST SP 800-53 Revision 4 :: AC-6

",
"V-4089","medium","GEN001660","SV-27207r1_rule","GEN001660","All system start-up files must be owned by root.","System start-up files not owned by root could lead to system compromise by allowing malicious users or applications to modify them for unauthorized purposes.  This could lead to system and network compromise.
","ECLP-1","Check run control scripts' ownership.
# ls -lL /etc/rc* /etc/init.d
If any run control script is not owned by root, this is a finding.","Change the ownership of the run control script(s) with incorrect ownership.
# chown root <run control script>","","","false","","","","","System Administrator","","M","Unclass","Solaris 10 SPARC Security Technical Implementation Guide :: Version 1, Release: 24 Benchmark Date: 25 Jan 2019","24","CCI-000225
The organization employs the concept of least privilege, allowing only authorized accesses for users (and processes acting on behalf of users) which are necessary to accomplish assigned tasks in accordance with organizational missions and business functions.
NIST SP 800-53 :: AC-6
NIST SP 800-53A :: AC-6.1
NIST SP 800-53 Revision 4 :: AC-6

",
"V-4090","medium","GEN001680","SV-27213r1_rule","GEN001680","All system start-up files must be group-owned by root, sys, or bin.","If system start-up files do not have a group owner of root or a system group, the files may be modified by malicious users or intruders.","ECLP-1","Check run control scripts' group ownership.

Procedure:
# ls -lL /etc/rc* /etc/init.d

If any run control script is not group-owned by root, sys, or bin, this is a finding.","Change the group ownership of the run control script(s) with incorrect group ownership.

Procedure:
# chgrp root <run control script>","","","false","","","","","System Administrator","","M","Unclass","Solaris 10 SPARC Security Technical Implementation Guide :: Version 1, Release: 24 Benchmark Date: 25 Jan 2019","24","CCI-000225
The organization employs the concept of least privilege, allowing only authorized accesses for users (and processes acting on behalf of users) which are necessary to accomplish assigned tasks in accordance with organizational missions and business functions.
NIST SP 800-53 :: AC-6
NIST SP 800-53A :: AC-6.1
NIST SP 800-53 Revision 4 :: AC-6

",
"V-4091","medium","GEN001700","SV-27219r1_rule","GEN001700","System start-up files must only execute programs owned by a privileged UID or an application.","System start-up files executing programs owned by other than root (or another privileged user) or an application indicates the system may have been compromised.","DCSL-1","Determine the programs executed by system start-up files.  Determine the ownership of the executed programs.  
# cat /etc/rc* /etc/init.d/* | more
Check the ownership of every program executed by the system start-up files.
# ls -l <executed program>
If any executed program is not owned by root, sys, bin, or in rare cases, an application account, this is a finding.","Change the ownership of the file executed from system startup scripts to root, bin, or sys.
# chown root <executed file>","","","false","","","","","System Administrator","","M","Unclass","Solaris 10 SPARC Security Technical Implementation Guide :: Version 1, Release: 24 Benchmark Date: 25 Jan 2019","24","CCI-000225
The organization employs the concept of least privilege, allowing only authorized accesses for users (and processes acting on behalf of users) which are necessary to accomplish assigned tasks in accordance with organizational missions and business functions.
NIST SP 800-53 :: AC-6
NIST SP 800-53A :: AC-6.1
NIST SP 800-53 Revision 4 :: AC-6

",
"V-4245","medium","GEN000000-SOL00100","SV-4245r2_rule","GEN000000-SOL00100","The /etc/security/audit_user file must have mode 0640 or less permissive.","Audit_user is a sensitive file that, if compromised, would allow a malicious user to select auditing parameters to ignore his sessions.  This would allow malicious operations the auditing subsystem would not log for that user.","ECLP-1","Check /etc/security/audit_user permissions.

# ls -lL /etc/security/audit_user

If /etc/security/audit_user is more permissive than 0640, this is a finding.
","Change the mode of the audit_user file to 0640.
# chmod 0640 /etc/security/audit_user","","","false","","","","","System Administrator","","M","Unclass","Solaris 10 SPARC Security Technical Implementation Guide :: Version 1, Release: 24 Benchmark Date: 25 Jan 2019","24","CCI-000225
The organization employs the concept of least privilege, allowing only authorized accesses for users (and processes acting on behalf of users) which are necessary to accomplish assigned tasks in accordance with organizational missions and business functions.
NIST SP 800-53 :: AC-6
NIST SP 800-53A :: AC-6.1
NIST SP 800-53 Revision 4 :: AC-6

",
"V-4246","medium","GEN008620","SV-4246r2_rule","GEN008620","System BIOS or system controllers supporting password protection must have administrator accounts/passwords configured, and no others.","A system's BIOS or system controller handles the initial startup of a system and its configuration must be protected from unauthorized modification. When the BIOS or system controller supports the creation of user accounts or passwords, such protections must be used and accounts/passwords only assigned to system administrators. Failure to protect BIOS or system controller settings could result in Denial-of-Service or compromise of the system resulting from unauthorized configuration changes.","ECSC-1","On systems with a BIOS or system controller, verify a supervisor or administrator password is set. If a password is not set, this is a finding.

If the BIOS or system controller supports user-level access in addition to supervisor/administrator access, determine if this access is enabled. If so, this is a finding.

The exact procedure will be hardware-dependent, and the SA should be consulted to identify the specific configuration.  In the event the BIOS or system controller is not accessible without adversely impacting (e.g., restarting) the system, the SA may be interviewed to determine compliance with the requirement.","Access the system's BIOS or system controller. Set a supervisor/administrator password if one has not been set. Disable a user-level password if one has been set.   ","","","false","","","","","System Administrator","","M","Unclass","Solaris 10 SPARC Security Technical Implementation Guide :: Version 1, Release: 24 Benchmark Date: 25 Jan 2019","24","CCI-000213
The information system enforces approved authorizations for logical access to information and system resources in accordance with applicable access control policies.
NIST SP 800-53 :: AC-3
NIST SP 800-53A :: AC-3.1
NIST SP 800-53 Revision 4 :: AC-3

",
"V-4247","high","GEN008640","SV-41534r1_rule","GEN008640","The system must not use removable media as the boot loader.","Malicious users with removable boot media can gain access to a system configured to use removable media as the boot loader.","ECSC-1","Ask the SA if the system uses removable media for the boot loader.  If it does, this is a finding.","Configure the system to use a bootloader installed on fixed media.","","","false","","","","","System Administrator","","M","Unclass","Solaris 10 SPARC Security Technical Implementation Guide :: Version 1, Release: 24 Benchmark Date: 25 Jan 2019","24","CCI-000366
The organization implements the security configuration settings.
NIST SP 800-53 :: CM-6 b
NIST SP 800-53A :: CM-6.1 (iv)
NIST SP 800-53 Revision 4 :: CM-6 b

",
"V-4255","high","GEN008680","SV-4255r2_rule","GEN008680","If the system boots from removable media, it must be stored in a safe or similarly secured container.","Storing the boot loader on removable media in an insecure location could allow a malicious user to modify the systems boot instructions or boot to an insecure operating system.","PESS-1","Ask the SA if the system boots from removable media. If so, ask if the boot media is stored in a secure container when not in use. If it is not, this is a finding.","Store the system boot media in a secure container when not in use.","","","false","","","","","System Administrator","","M","Unclass","Solaris 10 SPARC Security Technical Implementation Guide :: Version 1, Release: 24 Benchmark Date: 25 Jan 2019","24","CCI-001208
The organization partitions the information system into components residing in separate physical domains (or environments) as deemed necessary.
NIST SP 800-53 :: SC-32
NIST SP 800-53A :: SC-32.1

",
"V-4269","medium","GEN000290","SV-4269r3_rule","GEN000290","The system must not have unnecessary accounts.","Accounts providing no operational purpose provide additional opportunities for system compromise.  Unnecessary accounts include user accounts for individuals not requiring access to the system and application accounts for applications not installed on the system.","","Check the system for unnecessary user accounts.

Procedure:
# more /etc/passwd

Some examples of unnecessary accounts include games, news, gopher, ftp, and lp. 

If an unnecessary account is found and its use is not justified and documented with the ISSO, this is a finding."," Remove all unnecessary accounts, such as games, from the /etc/passwd file before connecting a system to the network. Other accounts, such as news and gopher, associated with a service not in use should also be removed.","","","false","","","","","System Administrator","","M","Unclass","Solaris 10 SPARC Security Technical Implementation Guide :: Version 1, Release: 24 Benchmark Date: 25 Jan 2019","24","CCI-000012
The organization reviews information system accounts for compliance with account management requirements per organization-defined frequency.
NIST SP 800-53 :: AC-2 j
NIST SP 800-53A :: AC-2.1 (i)
NIST SP 800-53 Revision 4 :: AC-2 j

",
"V-4273","medium","GEN006260","SV-4273r2_rule","GEN006260","The /etc/news/hosts.nntp (or equivalent) must have mode 0600 or less permissive.","Excessive permissions on the hosts.nntp file may allow unauthorized modification which could lead to Denial-of-Service to authorized users or provide access to unauthorized users.","ECLP-1","Check /etc/news/hosts.nntp permissions.

# ls -lL /etc/news/hosts.nntp

If /etc/news/hosts.nntp has a mode more permissive than 0600, this is a finding.
","Change the mode of the /etc/news/hosts.nntp file to 0600.

# chmod 0600 /etc/news/hosts.nntp","","","false","","","","","System Administrator","","M","Unclass","Solaris 10 SPARC Security Technical Implementation Guide :: Version 1, Release: 24 Benchmark Date: 25 Jan 2019","24","CCI-000225
The organization employs the concept of least privilege, allowing only authorized accesses for users (and processes acting on behalf of users) which are necessary to accomplish assigned tasks in accordance with organizational missions and business functions.
NIST SP 800-53 :: AC-6
NIST SP 800-53A :: AC-6.1
NIST SP 800-53 Revision 4 :: AC-6

",
"V-4274","medium","GEN006280","SV-4274r2_rule","GEN006280","The /etc/news/hosts.nntp.nolimit (or equivalent) must have mode 0600 or less permissive.","Excessive permissions on the hosts.nntp.nolimit file may allow unauthorized modification which could lead to Denial-of-Service to authorized users or provide access to unauthorized users.","ECLP-1","Check /etc/news/hosts.nntp.nolimit permissions.

# ls -lL /etc/news/hosts.nntp.nolimit

If /etc/news/hosts.nntp.nolimit has a mode more permissive than 0600, this is a finding.","Change the mode of /etc/news/hosts.nntp.nolimit to 0600.
# chmod 0600 /etc/news/hosts.nntp.nolimit","","","false","","","","","System Administrator","","M","Unclass","Solaris 10 SPARC Security Technical Implementation Guide :: Version 1, Release: 24 Benchmark Date: 25 Jan 2019","24","CCI-000225
The organization employs the concept of least privilege, allowing only authorized accesses for users (and processes acting on behalf of users) which are necessary to accomplish assigned tasks in accordance with organizational missions and business functions.
NIST SP 800-53 :: AC-6
NIST SP 800-53A :: AC-6.1
NIST SP 800-53 Revision 4 :: AC-6

",
"V-4275","medium","GEN006300","SV-4275r2_rule","GEN006300","The /etc/news/nnrp.access (or equivalent) must have mode 0600 or less permissive.","Excessive permissions on the nnrp.access file may allow unauthorized modification which could lead to Denial-of-Service to authorized users or provide access to unauthorized users.","ECLP-1","Check /etc/news/nnrp.access permissions.

# ls -lL /etc/news/nnrp.access

If /etc/news/nnrp.access has a mode more permissive than 0600,  this is a finding.
","Change the mode of the /etc/news/nnrp.access file to 0600.
# chmod 0600 /etc/news/nnrp.access","","","false","","","","","System Administrator","","M","Unclass","Solaris 10 SPARC Security Technical Implementation Guide :: Version 1, Release: 24 Benchmark Date: 25 Jan 2019","24","CCI-000225
The organization employs the concept of least privilege, allowing only authorized accesses for users (and processes acting on behalf of users) which are necessary to accomplish assigned tasks in accordance with organizational missions and business functions.
NIST SP 800-53 :: AC-6
NIST SP 800-53A :: AC-6.1
NIST SP 800-53 Revision 4 :: AC-6

",
"V-4276","medium","GEN006320","SV-4276r2_rule","GEN006320","The /etc/news/passwd.nntp file (or equivalent) must have mode 0600 or less permissive.","File permissions more permissive than 0600 for /etc/news/passwd.nntp may allow access to privileged information by system intruders or malicious users.","ECLP-1","Check /etc/news/passwd.nntp permissions.

# ls -lL /etc/news/passwd.nntp

If /etc/news/passwd.nntp has a mode more permissive than 0600,  this is a finding.
","Change the mode of the /etc/news/passwd.nntp file.
# chmod 0600 /etc/news/passwd.nntp","","","false","","","","","System Administrator","","M","Unclass","Solaris 10 SPARC Security Technical Implementation Guide :: Version 1, Release: 24 Benchmark Date: 25 Jan 2019","24","CCI-000225
The organization employs the concept of least privilege, allowing only authorized accesses for users (and processes acting on behalf of users) which are necessary to accomplish assigned tasks in accordance with organizational missions and business functions.
NIST SP 800-53 :: AC-6
NIST SP 800-53A :: AC-6.1
NIST SP 800-53 Revision 4 :: AC-6

",
"V-4277","medium","GEN006340","SV-40487r1_rule","GEN006340","Files in /etc/news must be owned by root.","If critical system files are not owned by a privileged user, system integrity could be compromised.","ECLP-1","Check the ownership of the files in /etc/news.

Procedure:
# ls -al /etc/news

If the /etc/news directory or any files in it are not owned by root, this is a finding.","Change the ownership of the /etc/news directory and the files in it to root.

Procedure:
# chown -R root /etc/news","","","false","","","","","System Administrator","","M","Unclass","Solaris 10 SPARC Security Technical Implementation Guide :: Version 1, Release: 24 Benchmark Date: 25 Jan 2019","24","CCI-000225
The organization employs the concept of least privilege, allowing only authorized accesses for users (and processes acting on behalf of users) which are necessary to accomplish assigned tasks in accordance with organizational missions and business functions.
NIST SP 800-53 :: AC-6
NIST SP 800-53A :: AC-6.1
NIST SP 800-53 Revision 4 :: AC-6

",
"V-4278","medium","GEN006360","SV-40489r1_rule","GEN006360","The files in /etc/news must be group-owned by root.","If critical system files do not have a privileged group owner, system integrity could be compromised.","ECLP-1","Check /etc/news directory and files group ownership.

Procedure:
# ls -al /etc/news

If the /etc/news directory and the files in it are not group-owned by root, this is a finding.","Change the group owner of the /etc/news directory and the files in it to root.

Procedure:
# chgrp -R root /etc/news","","","false","","","","","System Administrator","","M","Unclass","Solaris 10 SPARC Security Technical Implementation Guide :: Version 1, Release: 24 Benchmark Date: 25 Jan 2019","24","CCI-000225
The organization employs the concept of least privilege, allowing only authorized accesses for users (and processes acting on behalf of users) which are necessary to accomplish assigned tasks in accordance with organizational missions and business functions.
NIST SP 800-53 :: AC-6
NIST SP 800-53A :: AC-6.1
NIST SP 800-53 Revision 4 :: AC-6

",
"V-4295","high","GEN005500","SV-39817r1_rule","GEN005500","The SSH daemon must be configured to only use the SSHv2 protocol.","SSHv1 is not a DoD-approved protocol and has many well-known vulnerability exploits.  Exploits of the SSH daemon could provide immediate root access to the system.","DCPP-1","Check the SSH daemon configuration for allowed protocol versions. 

# grep -i protocol /etc/ssh/sshd_config | grep -v '^#' 

If the variables Protocol 2,1 or Protocol 1 are defined on a line without a leading comment, this is a finding.","Edit the configuration file and modify the Protocol line to look like:

Protocol 2

Reload sshd:
kill -HUP <PID of sshd>","","","false","","","","","System Administrator","","M","Unclass","Solaris 10 SPARC Security Technical Implementation Guide :: Version 1, Release: 24 Benchmark Date: 25 Jan 2019","24","CCI-001436
The organization disables organization defined networking protocols within the information system deemed to be nonsecure except for explicitly identified components in support of specific operational requirements.
NIST SP 800-53 :: AC-17 (8)
NIST SP 800-53A :: AC-17 (8).1 (ii)

",
"V-4298","medium","GEN001000","SV-27147r1_rule","GEN001000","Remote consoles must be disabled or protected from unauthorized access.","The remote console feature provides an additional means of access to the system which could allow unauthorized access if not disabled or properly secured.  With virtualization technologies, remote console access is essential as there is no physical console for virtual machines.  Remote console access must be protected in the same manner as any other remote privileged access method.","ECSC-1","Verify no auxiliary consoles are defined.
# consadm -p
If any output is generated, this is a finding.","Remove each auxiliary console.
# consadm -d <console device>","","","false","","","","","System Administrator","","M","Unclass","Solaris 10 SPARC Security Technical Implementation Guide :: Version 1, Release: 24 Benchmark Date: 25 Jan 2019","24","CCI-000070
The organization authorizes the execution of privileged commands via remote access only for organization-defined needs.
NIST SP 800-53 :: AC-17 (4)
NIST SP 800-53A :: AC-17 (4).1 (i)
NIST SP 800-53 Revision 4 :: AC-17 (4) (a)

",
"V-4300","medium","GEN000000-SOL00400","SV-40041r1_rule","GEN000000-SOL00400","The NFS server must have logging implemented.","Filesystem logging, especially for NFS exported file systems, can be critical to detecting data misuse and possible hardware/system errors that may, otherwise, go unnoticed.","ECAR-1, ECAR-2, ECAR-3","To enable NFS server logging the log option must be applied to all exported file systems in the /etc/dfs/dfstab. Perform the following to verify NFS is enabled.

      #       share

The preceding command will display all exported filesystems. Each line should contain a log entry to indicate logging is enabled. If the log entry is not present, this is a finding. If the share command does not return anything, then this is not an NFS server and this is considered not applicable.

NFS version 4 does not support server logging.  Verify NFS_SERVER_VERSMAX in /etc/default/nfs.

# grep NFS_SERVER_VERSMAX /etc/default/nfs

If NFS_SERVER_VERSMAX is commented out or set to any value but 2 or 3, this is a finding.","Edit /etc/dfs/dfstab and add the log option to all exported filesystems. Run the shareall command for the changes to take effect.

NFS version 2 or 3 must be forced by updating the NFS_SERVER_VERSMAX variable appropriately in /etc/default/nfs and restarting the NFS daemon.","","","false","","","","","System Administrator","","M","Unclass","Solaris 10 SPARC Security Technical Implementation Guide :: Version 1, Release: 24 Benchmark Date: 25 Jan 2019","24","CCI-000126
The organization determines that the organization-defined subset of the auditable events defined in AU-2 are to be audited within the information system.
NIST SP 800-53 :: AU-2 d
NIST SP 800-53A :: AU-2.1 (v)
NIST SP 800-53 Revision 4 :: AU-2 d

",
"V-4301","medium","GEN000240","SV-40040r3_rule","GEN000240","The system clock must be synchronized to an authoritative DoD time source.","To assure the accuracy of the system clock, it must be synchronized with an authoritative time source within DoD. Many system functions, including time-based login and activity restrictions, automated reports, system logs, and audit records depend on an accurate system clock. If there is no confidence in the correctness of the system clock, time-based functions may not operate as intended and records may be of diminished value.

Authoritative time sources include authorized time servers within the enclave that synchronize with upstream authoritative sources. Specific requirements for the upstream synchronization of Network Time Protocol (NTP) servers are covered in the Network Other Devices STIG.

For systems located on isolated or closed networks, it is not necessary to synchronize with a global authoritative time source. If a global authoritative time source is not available to systems on an isolated network, a local authoritative time source must be established on this network and used by the systems connected to this network. This is necessary to provide the ability to correlate events and allow for the correct operation of time-dependent protocols between systems on the isolated network.

If the system is completely isolated (no connections to networks or other systems), time synchronization is not required as no correlation of events between systems will be necessary. If the system is completely isolated, this requirement is not applicable.
","","NTP must be used and used only in the global zone. Determine the zone that you are currently securing.

# zonename

If the command output is not ""global"", NTP must be disabled. Check the system for a running NTP daemon.

# svcs ntp | grep online

If the output from ""zonename"" is ""global"", NTP must be enabled. Check the system for a running NTP daemon.

# svcs ntp | grep online

If NTP is not online, this is a finding.

If NTP is running confirm the servers and peers or multicast client (as applicable) are local or an authoritative U.S. DoD source.

# more /etc/inet/ntp.conf

If a non-local/non-authoritative (U.S. DoD source) time-server is used, this is a finding.","Use a local authoritative time server synchronizing to an authorized DoD time source. Ensure all systems in the facility feed from one or more local time servers that feed from the authoritative time server. ","","","false","","","","","System Administrator","","M","Unclass","Solaris 10 SPARC Security Technical Implementation Guide :: Version 1, Release: 24 Benchmark Date: 25 Jan 2019","24","CCI-001492
The organization defines an authoritative time source for the synchronization of internal information system clocks.
NIST SP 800-53 :: AU-8 (1)
NIST SP 800-53A :: AU-8 (1).1 (ii)
NIST SP 800-53 Revision 4 :: AU-8 (1) (a)

",
"V-4304","medium","GEN003640","SV-40021r1_rule","GEN003640","The root file system must employ journaling or another mechanism ensuring file system consistency.","File system journaling, or logging, can allow reconstruction of file system data after a system crash, thus, preserving the integrity of data that may have otherwise been lost.  Journaling file systems typically do not require consistent checks upon booting after a crash, which can improve system availability.  Some file systems employ other mechanisms to ensure consistency which also satisfy this requirement.","ECAR-1, ECAR-2, ECAR-3","Logging should be enabled for those types of files systems that do not turn on logging by default. 

Procedure:
# mount -v

UFS, JFS, VXFS, HFS, XFS, reiserfs, EXT3 and EXT4 all turn logging on by default and will not be a finding. The ZFS file system uses other mechanisms to provide for file system consistency, and will not be a finding. For other file systems types, if the root file system does not have the 'logging' option, this is a finding. If the 'nolog' option is set on the root file system, this is a finding.
","Implement file system journaling for the root file system, or use a file system using other mechanisms to ensure consistency.  If the root file system supports journaling, enable it.  If the file system does not support journaling or another mechanism to ensure consistency, a migration to a different file system will be necessary.","","","false","","","","","System Administrator","","M","Unclass","Solaris 10 SPARC Security Technical Implementation Guide :: Version 1, Release: 24 Benchmark Date: 25 Jan 2019","24","CCI-000553
The information system implements transaction recovery for systems that are transaction-based.
NIST SP 800-53 :: CP-10 (2)
NIST SP 800-53A :: CP-10 (2).1
NIST SP 800-53 Revision 4 :: CP-10 (2)

",
"V-4309","medium","GEN000000-SOL00160","SV-4309r2_rule","GEN000000-SOL00160","If the system is a firewall, ASET must be used on the system, and the firewall parameters must be set in /usr/aset/asetenv.","ASET will not perform firewall tasks if it is not listed as a parameter in /usr/aset/asetenv.","ECSC-1","Perform the following to determine if ASET is being used.

	# crontab -l |grep aset

A returned entry would indicate ASET is being utilized.  Determine if ASET is configured to check firewall settings.

	# grep TASKS /usr/aset/asetenv | grep firewall

If an entry is not returned, this is a finding.","If the system is used as a firewall and ASET is used, ensure the firewall parameter is configured in /usr/aset/asetenv.","","","false","","","","","System Administrator","","M","Unclass","Solaris 10 SPARC Security Technical Implementation Guide :: Version 1, Release: 24 Benchmark Date: 25 Jan 2019","24","CCI-000032
The information system enforces information flow control using organization-defined security policy filters as a basis for flow control decisions for organization-defined information flows.
NIST SP 800-53 :: AC-4 (8)
NIST SP 800-53A :: AC-4 (8).1 (ii)
NIST SP 800-53 Revision 4 :: AC-4 (8)

CCI-000366
The organization implements the security configuration settings.
NIST SP 800-53 :: CM-6 b
NIST SP 800-53A :: CM-6.1 (iv)
NIST SP 800-53 Revision 4 :: CM-6 b

CCI-001298
The organization reassesses the integrity of software and information by performing, on an organization defined frequency, integrity scans of the information system.
NIST SP 800-53 :: SI-7 (1)
NIST SP 800-53A :: SI-7 (1).1 (ii)

",
"V-4312","medium","GEN000000-SOL00140","SV-4312r2_rule","GEN000000-SOL00140","The /usr/aset/masters/uid_aliases must be empty.","If uid_aliases has entries, users may not be properly identified in ASET records.","ECSC-1","# more /usr/aset/masters/uid_aliases

If the /usr/aset/masters/uid_aliases file is not empty or all contents are not commented out, this is a finding.","Empty or comment out the entries in the uid_aliases file.","","","false","","","","","System Administrator","","M","Unclass","Solaris 10 SPARC Security Technical Implementation Guide :: Version 1, Release: 24 Benchmark Date: 25 Jan 2019","24","CCI-000032
The information system enforces information flow control using organization-defined security policy filters as a basis for flow control decisions for organization-defined information flows.
NIST SP 800-53 :: AC-4 (8)
NIST SP 800-53A :: AC-4 (8).1 (ii)
NIST SP 800-53 Revision 4 :: AC-4 (8)

",
"V-4313","medium","GEN000000-SOL00120","SV-36751r1_rule","GEN000000-SOL00120","The ASET master files must be located in the /usr/aset/masters directory.","If ASET is used and the master files (tune.high, tune.med, tune.low, and uid_aliases) are not located in the proper place, ASET cannot operate correctly and valuable security findings could be lost. ","ECSC-1","Verify ASET is being used.

# crontab -l |grep aset 

If there is an output, then check to make sure the files in question are in the /usr/aset/masters directory.

      #       ls -l /usr/aset/masters

The following files should be in the listing: tune.high, tune.low, tune.med, and uid_aliases. If any of the files are not in the directory listing, this is a finding.","Install the default ASET configuration files.","","","false","","","","","System Administrator","","M","Unclass","Solaris 10 SPARC Security Technical Implementation Guide :: Version 1, Release: 24 Benchmark Date: 25 Jan 2019","24","CCI-000032
The information system enforces information flow control using organization-defined security policy filters as a basis for flow control decisions for organization-defined information flows.
NIST SP 800-53 :: AC-4 (8)
NIST SP 800-53A :: AC-4 (8).1 (ii)
NIST SP 800-53 Revision 4 :: AC-4 (8)

CCI-000225
The organization employs the concept of least privilege, allowing only authorized accesses for users (and processes acting on behalf of users) which are necessary to accomplish assigned tasks in accordance with organizational missions and business functions.
NIST SP 800-53 :: AC-6
NIST SP 800-53A :: AC-6.1
NIST SP 800-53 Revision 4 :: AC-6

",
"V-4321","medium","GEN006060","SV-4321r2_rule","GEN006060","The system must not run Samba unless needed.","Samba is a tool used for the sharing of files and printers between Windows and UNIX operating systems.  It provides access to sensitive files and, therefore, poses a security risk if compromised.","ECSC-1","Check the system for a running Samba server.

Procedure:
# ps -ef |grep smbd

If the Samba server is running, ask the SA if the Samba server is operationally required.  If it is not, this is a finding.","If there is no functional need for Samba and the daemon is running, disable the daemon by killing the process ID as noted from the output of ps -ef |grep smbd.  The utility should also be removed or not installed if there is no functional requirement.","","","false","","","","","System Administrator","","M","Unclass","Solaris 10 SPARC Security Technical Implementation Guide :: Version 1, Release: 24 Benchmark Date: 25 Jan 2019","24","CCI-001436
The organization disables organization defined networking protocols within the information system deemed to be nonsecure except for explicitly identified components in support of specific operational requirements.
NIST SP 800-53 :: AC-17 (8)
NIST SP 800-53A :: AC-17 (8).1 (ii)

",
"V-4351","medium","GEN000000-SOL00080","SV-4351r2_rule","GEN000000-SOL00080","The /etc/security/audit_user file must be group-owned by root, sys, or bin.","The Solaris audit_user file allows for selective auditing or non-auditing of features for certain users.  If it is not protected, it could be compromised and used to mask audit events.  This could cause the loss of valuable forensics data in the case of a system compromise.","ECLP-1","Check /etc/security/audit_user group ownership.

# ls -lL /etc/security/audit_user

If /etc/security/audit_user is not group owned by root, sys, or bin, this is a finding.
","Change the group owner of the audit_user file to root, bin, or sys.
Example:
# chgrp root /etc/security/audit_user","","","false","","","","","System Administrator","","M","Unclass","Solaris 10 SPARC Security Technical Implementation Guide :: Version 1, Release: 24 Benchmark Date: 25 Jan 2019","24","CCI-000225
The organization employs the concept of least privilege, allowing only authorized accesses for users (and processes acting on behalf of users) which are necessary to accomplish assigned tasks in accordance with organizational missions and business functions.
NIST SP 800-53 :: AC-6
NIST SP 800-53A :: AC-6.1
NIST SP 800-53 Revision 4 :: AC-6

",
"V-4352","medium","GEN000000-SOL00060","SV-4352r2_rule","GEN000000-SOL00060","The /etc/security/audit_user file must be owned by root.","The /etc/security/audit_user is a sensitive file and must be owned by root to prevent possible system compromise.","ECLP-1","Check /etc/security/audit_user ownership.

# ls -lL /etc/security/audit_user

If /etc/security/audit_user is not owned by root, this is a finding.
","Change the owner of the /etc/security/audit_user file to root.
# chown root /etc/security/audit_user","","","false","","","","","System Administrator","","M","Unclass","Solaris 10 SPARC Security Technical Implementation Guide :: Version 1, Release: 24 Benchmark Date: 25 Jan 2019","24","CCI-000225
The organization employs the concept of least privilege, allowing only authorized accesses for users (and processes acting on behalf of users) which are necessary to accomplish assigned tasks in accordance with organizational missions and business functions.
NIST SP 800-53 :: AC-6
NIST SP 800-53A :: AC-6.1
NIST SP 800-53 Revision 4 :: AC-6

",
"V-4353","medium","GEN000000-SOL00040","SV-4353r2_rule","GEN000000-SOL00040","The /etc/security/audit_user file must not define a different auditing level for specific users.","The audit_user file may be used to selectively audit more, or fewer, auditing features for specific individuals.  If used this way it could subject the activity to a lawsuit and could cause the loss of valuable auditing data in the case of a system compromise.  If an item is audited for one individual (other than for root and administrative users - who have more auditing features) it must be audited for all.","ECAR-1, ECAR-2, ECAR-3","Perform:

	#	more /etc/security/audit_user

If /etc/security/audit_user has entries other than root, ensure the users defined are audited with the same flags as all users as defined in /etc/security/audit_control file. 
","Edit the audit_user file and remove specific user configurations differing from the global audit settings.","","","false","","","","","System Administrator","","M","Unclass","Solaris 10 SPARC Security Technical Implementation Guide :: Version 1, Release: 24 Benchmark Date: 25 Jan 2019","24","CCI-000126
The organization determines that the organization-defined subset of the auditable events defined in AU-2 are to be audited within the information system.
NIST SP 800-53 :: AU-2 d
NIST SP 800-53A :: AU-2.1 (v)
NIST SP 800-53 Revision 4 :: AU-2 d

",
"V-4357","medium","GEN002860","SV-4357r2_rule","GEN002860","Audit logs must be rotated daily.","Rotate audit logs daily to preserve audit file system space and to conform to the DoD/DISA requirement.  If it is not rotated daily and moved to another location, then there is more of a chance for the compromise of audit data by malicious users.","ECSC-1","Check for any crontab entries that rotate audit logs.
Procedure:
# crontab -l
If such a cron job is found, this is not a finding.

Otherwise, query the SA. If there is a process automatically rotating audit logs, this is not a finding. If the SA manually rotates audit logs, this is still a finding, because if the SA is not there, it will not be accomplished. If the audit output is not archived daily, to tape or disk, this is a finding. This can be ascertained by looking at the audit log directory and, if more than one file is there, or if the file does not have today's date, this is a finding.","Configure a cron job or other automated process to rotate the audit logs on a daily basis.","","","false","","","","","System Administrator","","M","Unclass","Solaris 10 SPARC Security Technical Implementation Guide :: Version 1, Release: 24 Benchmark Date: 25 Jan 2019","24","CCI-000366
The organization implements the security configuration settings.
NIST SP 800-53 :: CM-6 b
NIST SP 800-53A :: CM-6.1 (iv)
NIST SP 800-53 Revision 4 :: CM-6 b

",
"V-4358","medium","GEN003200","SV-27359r1_rule","GEN003200","The cron.deny file must have mode 0600 or less permissive.","If file permissions for cron.deny are more permissive than 0600, sensitive information could be viewed or edited by unauthorized users.
","ECLP-1","Check the mode of the cron.deny file.
# ls -lL /etc/cron.d/cron.deny
If the cron.deny file is more permissive than 0600, this is a finding.
","Change the mode of the cron.deny file.
# chmod 0600 /etc/cron.d/cron.deny","","","false","","","","","System Administrator","","M","Unclass","Solaris 10 SPARC Security Technical Implementation Guide :: Version 1, Release: 24 Benchmark Date: 25 Jan 2019","24","CCI-000225
The organization employs the concept of least privilege, allowing only authorized accesses for users (and processes acting on behalf of users) which are necessary to accomplish assigned tasks in accordance with organizational missions and business functions.
NIST SP 800-53 :: AC-6
NIST SP 800-53A :: AC-6.1
NIST SP 800-53 Revision 4 :: AC-6

",
"V-4360","low","GEN003220","SV-27364r1_rule","GEN003220","Cron programs must not set the umask to a value less restrictive than 077.","The umask controls the default access mode assigned to newly created files.  An umask of 077 limits new files to mode 700 or less permissive.  Although umask is often represented as a 4-digit octal number, the first digit representing special access modes is typically ignored or required to be 0.","ECCD-1, ECCD-2","Determine if there are any crontabs by viewing a long listing of the directory.  If there are crontabs, examine them to determine what cron jobs exist. Check for any programs specifying  an umask.

# ls -lL /var/spool/cron/crontabs
# cat <crontab file>
# grep umask <cron program>

If there are no cron jobs present, this vulnerability is not applicable.  If any cron job contains an umask value more permissive than 077, this is a finding.","Edit cron script files and modify the umask to 077.","","","true","","","","","System Administrator","If a cron program sets the umask to 000 or does not restrict the world-writable permission, this becomes a CAT I finding.","M","Unclass","Solaris 10 SPARC Security Technical Implementation Guide :: Version 1, Release: 24 Benchmark Date: 25 Jan 2019","24","CCI-000225
The organization employs the concept of least privilege, allowing only authorized accesses for users (and processes acting on behalf of users) which are necessary to accomplish assigned tasks in accordance with organizational missions and business functions.
NIST SP 800-53 :: AC-6
NIST SP 800-53A :: AC-6.1
NIST SP 800-53 Revision 4 :: AC-6

",
"V-4361","medium","GEN003240","SV-27366r1_rule","GEN003240","The cron.allow file must be owned by root, bin, or sys.","If the owner of the cron.allow file is not set to root, bin, or sys, the possibility exists for an unauthorized user to view or to edit sensitive information.","ECLP-1","# ls -lL /etc/cron.d/cron.allow
If the cron.allow file is not owned by root, sys, or bin, this is a finding.","# chown root /etc/cron.d/cron.allow","","","false","","","","","System Administrator","","M","Unclass","Solaris 10 SPARC Security Technical Implementation Guide :: Version 1, Release: 24 Benchmark Date: 25 Jan 2019","24","CCI-000225
The organization employs the concept of least privilege, allowing only authorized accesses for users (and processes acting on behalf of users) which are necessary to accomplish assigned tasks in accordance with organizational missions and business functions.
NIST SP 800-53 :: AC-6
NIST SP 800-53A :: AC-6.1
NIST SP 800-53 Revision 4 :: AC-6

",
"V-4364","medium","GEN003400","SV-40391r1_rule","GEN003400","The ""at"" directory must have mode 0755 or less permissive.","If the ""at"" directory has a mode more permissive than 0755, unauthorized users could be allowed to view or to edit files containing sensitive information within the ""at"" directory.  Unauthorized modifications could result in Denial of Service to authorized ""at"" jobs.","ECLP-1","Check the mode of the ""at"" directory.

Procedure:
# ls -ld /var/spool/cron/atjobs

If the directory mode is more permissive than 0755, this is a finding.","Change the mode of the ""at"" directory to 0755.

Procedure:
# chmod 0755 < at directory >   ","","","false","","","","","System Administrator","","M","Unclass","Solaris 10 SPARC Security Technical Implementation Guide :: Version 1, Release: 24 Benchmark Date: 25 Jan 2019","24","CCI-000225
The organization employs the concept of least privilege, allowing only authorized accesses for users (and processes acting on behalf of users) which are necessary to accomplish assigned tasks in accordance with organizational missions and business functions.
NIST SP 800-53 :: AC-6
NIST SP 800-53A :: AC-6.1
NIST SP 800-53 Revision 4 :: AC-6

",
"V-4365","medium","GEN003420","SV-39886r1_rule","GEN003420","The ""at""  directory must be owned by root, bin, or sys.","If the owner of the ""at"" directory is not root, bin, or sys, unauthorized users could be allowed to view or edit files containing sensitive information within the directory.","ECLP-1","Check the ownership of the ""at"" directory.

Procedure:
# ls -ld /var/spool/cron/atjobs 

If the directory is not owned by root, sys, or bin, this is a finding.","Change the owner of the ""at"" directory to root, bin, or sys.

Procedure:
# chown root /var/spool/cron/atjobs","","","false","","","","","System Administrator","","M","Unclass","Solaris 10 SPARC Security Technical Implementation Guide :: Version 1, Release: 24 Benchmark Date: 25 Jan 2019","24","CCI-000225
The organization employs the concept of least privilege, allowing only authorized accesses for users (and processes acting on behalf of users) which are necessary to accomplish assigned tasks in accordance with organizational missions and business functions.
NIST SP 800-53 :: AC-6
NIST SP 800-53A :: AC-6.1
NIST SP 800-53 Revision 4 :: AC-6

",
"V-4366","medium","GEN003440","SV-40416r1_rule","GEN003440","""At"" jobs must not set the umask to a value less restrictive than 077.","The umask controls the default access mode assigned to newly created files.  An umask of 077 limits new files to mode 700 or less permissive.  Although umask is often represented as a 4-digit number, the first digit representing special access modes is typically ignored or required to be 0.","ECCD-1, ECCD-2","Determine what ""at"" jobs exist on the system.
Procedure:
# ls /var/spool/cron/atjobs

If there are no ""at"" jobs present, this is not applicable.

Determine if any of the ""at"" jobs or any scripts referenced execute the umask command. Check for any umask setting more permissive than 077.

# grep umask <at job or referenced script>

If any ""at"" job or referenced script sets umask to a value more permissive than 077, this is a finding.","Edit ""at"" jobs or referenced scripts to remove umask commands setting umask to a value less restrictive than 077.","","","true","","","","","System Administrator","","M","Unclass","Solaris 10 SPARC Security Technical Implementation Guide :: Version 1, Release: 24 Benchmark Date: 25 Jan 2019","24","CCI-000225
The organization employs the concept of least privilege, allowing only authorized accesses for users (and processes acting on behalf of users) which are necessary to accomplish assigned tasks in accordance with organizational missions and business functions.
NIST SP 800-53 :: AC-6
NIST SP 800-53A :: AC-6.1
NIST SP 800-53 Revision 4 :: AC-6

",
"V-4367","medium","GEN003460","SV-27392r1_rule","GEN003460","The at.allow file must be owned by root, bin, or sys.","If the owner of the at.allow file is not set to root, bin, or sys, unauthorized users could be allowed to view or edit sensitive information contained within the file.","ECLP-1","# ls -lL /etc/cron.d/at.allow
If the at.allow file is not owned by root, sys, or bin,  this is a finding.","Change the owner of the at.allow file.
# chown root /etc/cron.d/at.allow","","","false","","","","","System Administrator","","M","Unclass","Solaris 10 SPARC Security Technical Implementation Guide :: Version 1, Release: 24 Benchmark Date: 25 Jan 2019","24","CCI-000225
The organization employs the concept of least privilege, allowing only authorized accesses for users (and processes acting on behalf of users) which are necessary to accomplish assigned tasks in accordance with organizational missions and business functions.
NIST SP 800-53 :: AC-6
NIST SP 800-53A :: AC-6.1
NIST SP 800-53 Revision 4 :: AC-6

",
"V-4368","medium","GEN003480","SV-27396r1_rule","GEN003480","The at.deny file must be owned by root, bin, or sys.","If the owner of the at.deny file is not set to root, bin, or sys, unauthorized users could be allowed to view or edit sensitive information contained within the file.","ECLP-1","# ls -lL /etc/cron.d/at.deny
If the at.deny file is not owned by root, sys, or bin,  this is a finding.","Change the owner of the at.deny file.
# chown root /etc/cron.d/at.deny","","","false","","","","","System Administrator","","M","Unclass","Solaris 10 SPARC Security Technical Implementation Guide :: Version 1, Release: 24 Benchmark Date: 25 Jan 2019","24","CCI-000225
The organization employs the concept of least privilege, allowing only authorized accesses for users (and processes acting on behalf of users) which are necessary to accomplish assigned tasks in accordance with organizational missions and business functions.
NIST SP 800-53 :: AC-6
NIST SP 800-53A :: AC-6.1
NIST SP 800-53 Revision 4 :: AC-6

",
"V-4369","medium","GEN003960","SV-28392r1_rule","GEN003960","The traceroute command owner must be root.","If the traceroute command owner has not been set to root, an unauthorized user could use this command to obtain knowledge of the network topology inside the firewall.  This information may allow an attacker to determine trusted routers and other network information possibly leading to system and network compromise.","ECLP-1","# ls -lL /usr/sbin/traceroute
If the traceroute command is not owned by root, this is a finding.
","Change the owner of the traceroute command to root.
Example procedure:
# chown root /usr/sbin/traceroute
","","","false","","","","","System Administrator","","M","Unclass","Solaris 10 SPARC Security Technical Implementation Guide :: Version 1, Release: 24 Benchmark Date: 25 Jan 2019","24","CCI-000225
The organization employs the concept of least privilege, allowing only authorized accesses for users (and processes acting on behalf of users) which are necessary to accomplish assigned tasks in accordance with organizational missions and business functions.
NIST SP 800-53 :: AC-6
NIST SP 800-53A :: AC-6.1
NIST SP 800-53 Revision 4 :: AC-6

",
"V-4370","medium","GEN003980","SV-28395r1_rule","GEN003980","The traceroute command must be group-owned by sys, bin, or root.","If the group owner of the traceroute command has not been set to a system group, unauthorized users could have access to the command and use it to gain information regarding a network's topology inside of the firewall.  This information may allow an attacker to determine trusted routers and other network information possibly leading to system and network compromise.","ECLP-1","Check the group ownership of the traceroute file.

Procedure:
# ls -lL /usr/sbin/traceroute

If the traceroute command is not group-owned by root, sys, or bin, this is a finding.","Change the group-owner of the traceroute command to root.

Procedure:
# chgrp root /usr/sbin/traceroute","","","false","","","","","System Administrator","","M","Unclass","Solaris 10 SPARC Security Technical Implementation Guide :: Version 1, Release: 24 Benchmark Date: 25 Jan 2019","24","CCI-000225
The organization employs the concept of least privilege, allowing only authorized accesses for users (and processes acting on behalf of users) which are necessary to accomplish assigned tasks in accordance with organizational missions and business functions.
NIST SP 800-53 :: AC-6
NIST SP 800-53A :: AC-6.1
NIST SP 800-53 Revision 4 :: AC-6

",
"V-4371","medium","GEN004000","SV-28399r1_rule","GEN004000","The traceroute file must have mode 0700 or less permissive.","If the mode of the traceroute executable is more permissive than 0700, malicious code could be inserted by an attacker and triggered whenever the traceroute command is executed by authorized users.  Additionally, if an unauthorized user is granted executable permissions to the traceroute command, it could be used to gain information about the network topology behind the firewall.  This information may allow an attacker to determine trusted routers and other network information that may lead to system and network compromise.","ECLP-1","# ls -lL /usr/sbin/traceroute
If the traceroute command has a mode more permissive than 0700, this is a finding.
","Change the mode of the traceroute command.
# chmod 0700 /usr/sbin/traceroute
","","","false","","","","","System Administrator","","M","Unclass","Solaris 10 SPARC Security Technical Implementation Guide :: Version 1, Release: 24 Benchmark Date: 25 Jan 2019","24","CCI-000225
The organization employs the concept of least privilege, allowing only authorized accesses for users (and processes acting on behalf of users) which are necessary to accomplish assigned tasks in accordance with organizational missions and business functions.
NIST SP 800-53 :: AC-6
NIST SP 800-53A :: AC-6.1
NIST SP 800-53 Revision 4 :: AC-6

",
"V-4382","high","GEN004220","SV-4382r2_rule","GEN004220","Administrative accounts must not run a web browser, except as needed for local service administration.","If a web browser flaw is exploited while running as a privileged user, the entire system could be compromised.

Specific exceptions for local service administration should be documented in site-defined policy.  These exceptions may include HTTP(S)-based tools used for the administration of the local system, services, or attached devices.  Examples of possible exceptions are HP’s System Management Homepage (SMH), the CUPS administrative interface, and Sun's StorageTek Common Array Manager (CAM) when these services are running on the local system.","ECLP-1","Look in the root account home directory for a .netscape  or a .mozilla directory.  If none exists, this is not a finding.  If there is one, verify with the root users and the IAO what the intent of the browsing is.  Some evidence may be obtained by using the browser to view cached pages under the .netscape directory.","Enforce policy requiring administrative accounts use web browsers only for local service administration.","","","false","","","","","System Administrator","","M","Unclass","Solaris 10 SPARC Security Technical Implementation Guide :: Version 1, Release: 24 Benchmark Date: 25 Jan 2019","24","CCI-000225
The organization employs the concept of least privilege, allowing only authorized accesses for users (and processes acting on behalf of users) which are necessary to accomplish assigned tasks in accordance with organizational missions and business functions.
NIST SP 800-53 :: AC-6
NIST SP 800-53A :: AC-6.1
NIST SP 800-53 Revision 4 :: AC-6

",
"V-4384","low","GEN004560","SV-42310r1_rule","GEN004560","The SMTP services SMTP greeting must not provide version information.","The version of the SMTP service can be used by attackers to plan an attack based on vulnerabilities present in the specific version.","ECSC-1","Check for the Sendmail version being displayed in the greeting.

# telnet localhost 25

If a version number is displayed, this is a finding.

If telnet is unavailable for testing, check the value of the SmtpGreetingMessage parameter in the sendmail.cf file.

# grep SmtpGreetingMessage /etc/mail/sendmail.cf

If the value of the SmtpGreetingMessage parameter contains the $v or $Z macros, this is a finding.","Ensure Sendmail or its equivalent has been configured to mask the version information. If necessary, change the O SmtpGreetingMessage line in the /etc/mail/sendmail.cf file as noted below.
O SmtpGreetingMessage=$j Sendmail $v/$Z; $b
Change it to:
O SmtpGreetingMessage= Mail Server Ready ; $b","","","false","","","","","System Administrator","","M","Unclass","Solaris 10 SPARC Security Technical Implementation Guide :: Version 1, Release: 24 Benchmark Date: 25 Jan 2019","24","CCI-000366
The organization implements the security configuration settings.
NIST SP 800-53 :: CM-6 b
NIST SP 800-53A :: CM-6.1 (iv)
NIST SP 800-53 Revision 4 :: CM-6 b

",
"V-4385","medium","GEN004580","SV-39827r1_rule","GEN004580","The system must not use .forward files.","The .forward file allows users to automatically forward mail to another system. Use of .forward files could allow the unauthorized forwarding of mail and could potentially create mail loops which could degrade system performance.","ECSC-1","Search for any .forward files on the system.

# find / -name .forward -print

This is considered a finding if any .forward files are found on the system.","Remove .forward files from the system. 

# rm .forward

Update the sendmail.cf file to ignore .forward files by adding 
ForwardPath="""".
","","","false","","","","","System Administrator","","M","Unclass","Solaris 10 SPARC Security Technical Implementation Guide :: Version 1, Release: 24 Benchmark Date: 25 Jan 2019","24","CCI-000366
The organization implements the security configuration settings.
NIST SP 800-53 :: CM-6 b
NIST SP 800-53A :: CM-6.1 (iv)
NIST SP 800-53 Revision 4 :: CM-6 b

",
"V-4387","high","GEN005000","SV-4387r2_rule","GEN005000","Anonymous FTP accounts must not have a functional shell.","If an anonymous FTP account has been configured to use a functional shell, attackers could gain access to the shell if the account is compromised.","ECCD-1, ECCD-2","Check the shell for the anonymous FTP account.

Procedure:
# grep ""^ftp"" /etc/passwd

This is a finding if the seventh field is empty (the entry ends with a ':') or if the seventh field does not contain one of the following.

/bin/false
/dev/null
/usr/bin/false
/bin/true
/sbin/nologin","Configure anonymous FTP accounts to use a non-functional shell. If necessary, edit the /etc/passwd file to remove any functioning shells associated with the FTP account and replace them with non-functioning shells, such as, /dev/null.   ","","","false","","","","","System Administrator","","M","Unclass","Solaris 10 SPARC Security Technical Implementation Guide :: Version 1, Release: 24 Benchmark Date: 25 Jan 2019","24","CCI-000225
The organization employs the concept of least privilege, allowing only authorized accesses for users (and processes acting on behalf of users) which are necessary to accomplish assigned tasks in accordance with organizational missions and business functions.
NIST SP 800-53 :: AC-6
NIST SP 800-53A :: AC-6.1
NIST SP 800-53 Revision 4 :: AC-6

",
"V-4388","medium","GEN005020","SV-39838r1_rule","GEN005020","The anonymous FTP account must be configured to use chroot or a similarly isolated environment.","If an anonymous FTP account does not use a chroot or similarly isolated environment,  the system may be more vulnerable to exploits against the FTP service.  Such exploits could allow an attacker to gain shell access to the system and view, edit, or remove sensitive files.","ECSC-1","The default Solaris FTP daemon, in.ftpd, uses the ftp user's home directory as the chroot base for anonymous FTP.  If any files and directories within the ftp user's home directory are owned by any user other than root, or if any subdirectory other than pub has permissions more permissive than 0111, this is a finding.","Run the ftpconfig(1M) command to set up a chroot-ed environment for anonymous FTP with appropriate constraints.

# ftpconfig < anonymous FTP home directory>","","","false","","","","","System Administrator","","M","Unclass","Solaris 10 SPARC Security Technical Implementation Guide :: Version 1, Release: 24 Benchmark Date: 25 Jan 2019","24","CCI-000366
The organization implements the security configuration settings.
NIST SP 800-53 :: CM-6 b
NIST SP 800-53A :: CM-6.1 (iv)
NIST SP 800-53 Revision 4 :: CM-6 b

",
"V-4392","medium","GEN005380","SV-4392r2_rule","GEN005380","If the system is a Network Management System (NMS) server, it must only run the NMS and any software required by the NMS.","Installing extraneous software on a system designated as a dedicated Network Management System (NMS) server poses a security threat to the system and the network. Should an attacker gain access to the NMS through unauthorized software, the entire network may be susceptible to malicious activity.","DCPA-1","Ask the SA if this is an NMS server.  If it is an NMS server, then ask what other applications run on it.  If there is anything other than network management software and DBMS software used only for the storage and inquiry of NMS data, this is a finding.","Ensure only authorized software is loaded on a designated NMS server.  Authorized software is limited to the NMS software itself, a database management system for the NMS server if necessary, and network management software.","","","false","","","","","System Administrator","","M","Unclass","Solaris 10 SPARC Security Technical Implementation Guide :: Version 1, Release: 24 Benchmark Date: 25 Jan 2019","24","CCI-001208
The organization partitions the information system into components residing in separate physical domains (or environments) as deemed necessary.
NIST SP 800-53 :: SC-32
NIST SP 800-53A :: SC-32.1

",
"V-4393","medium","GEN005400","SV-4393r2_rule","GEN005400","The /etc/syslog.conf file must be owned by root.","If the /etc/syslog.conf file is not owned by root, unauthorized users could be allowed to view, edit, or delete important system messages handled by the syslog facility.","ECLP-1","Check /etc/syslog.conf ownership.

# ls -lL /etc/syslog.conf

If /etc/syslog.conf is not owned by root, this is a finding.","Use the chown command to set the owner to root.
# chown root /etc/syslog.conf","","","false","","","","","System Administrator","","M","Unclass","Solaris 10 SPARC Security Technical Implementation Guide :: Version 1, Release: 24 Benchmark Date: 25 Jan 2019","24","CCI-000225
The organization employs the concept of least privilege, allowing only authorized accesses for users (and processes acting on behalf of users) which are necessary to accomplish assigned tasks in accordance with organizational missions and business functions.
NIST SP 800-53 :: AC-6
NIST SP 800-53A :: AC-6.1
NIST SP 800-53 Revision 4 :: AC-6

",
"V-4394","medium","GEN005420","SV-39892r1_rule","GEN005420","The /etc/syslog.conf file must be group-owned by root, bin, or sys.","If the group owner of /etc/syslog.conf is not root, bin, or sys, unauthorized users could be permitted to view, edit, or delete important system messages handled by the syslog facility.","ECLP-1","Check /etc/syslog.conf group ownership.

Procedure:
# ls -lL /etc/syslog.conf

If /etc/syslog.conf is not group-owned by root, sys, or bin, this is a finding.","Change the group owner of the /etc/syslog.conf file to root, bin, or sys.

Procedure:
# chgrp root /etc/syslog.conf","","","false","","","","","System Administrator","","M","Unclass","Solaris 10 SPARC Security Technical Implementation Guide :: Version 1, Release: 24 Benchmark Date: 25 Jan 2019","24","CCI-000225
The organization employs the concept of least privilege, allowing only authorized accesses for users (and processes acting on behalf of users) which are necessary to accomplish assigned tasks in accordance with organizational missions and business functions.
NIST SP 800-53 :: AC-6
NIST SP 800-53A :: AC-6.1
NIST SP 800-53 Revision 4 :: AC-6

",
"V-4395","medium","GEN005460","SV-4395r2_rule","GEN005460","The system must only use remote syslog servers (log hosts) justified and documented using site-defined procedures.","If a remote log host is in use and it has not been justified and documented with the IAO, sensitive information could be obtained by unauthorized users without the SA's knowledge.  A remote log host is any host to which the system is sending syslog messages over a network.","ECSC-1","Examine the syslog.conf file for any references to remote log hosts.
# grep -v ""^#"" /etc/syslog.conf | grep '@'
Destination locations beginning with an @ represent log hosts. If the log host name is a local alias, such as log host, consult the /etc/hosts or other name databases as necessary to obtain the canonical name or address for the log host. Determine if the host referenced is a log host documented using site-defined procedures. If an undocumented log host is referenced, this is a finding.","Remove, replace, or document the referenced undocumented log host.","","","true","","","","","System Administrator","","M","Unclass","Solaris 10 SPARC Security Technical Implementation Guide :: Version 1, Release: 24 Benchmark Date: 25 Jan 2019","24","CCI-000366
The organization implements the security configuration settings.
NIST SP 800-53 :: CM-6 b
NIST SP 800-53A :: CM-6.1 (iv)
NIST SP 800-53 Revision 4 :: CM-6 b

",
"V-4397","medium","GEN005560","SV-30079r1_rule","GEN005560","The system must be configured with a default gateway for IPv4 if the system uses IPv4, unless the system is a router.","If a system has no default gateway defined, the system is at increased risk of man-in-the-middle, monitoring, and Denial of Service attacks.","ECSC-1","Check the system for an IPv4 default route.

Procedure:
# netstat -r |grep default

If a default route is not defined, this is a finding.","Create or edit /etc/defaultrouter to contain the default gateway address.

Procedure (for a default gateway of 192.168.3.1):
# echo ""192.168.3.1"" > /etc/defaultrouter

Restart the system for the setting to take effect.","","","false","","","","","System Administrator","","M","Unclass","Solaris 10 SPARC Security Technical Implementation Guide :: Version 1, Release: 24 Benchmark Date: 25 Jan 2019","24","CCI-000366
The organization implements the security configuration settings.
NIST SP 800-53 :: CM-6 b
NIST SP 800-53A :: CM-6.1 (iv)
NIST SP 800-53 Revision 4 :: CM-6 b

",
"V-4398","medium","GEN005580","SV-4398r2_rule","GEN005580","A system used for routing must not run other network services or applications.","Installing extraneous software on a system designated as a dedicated router poses a security threat to the system and the network. Should an attacker gain access to the router through the unauthorized software, the entire network is susceptible to malicious activity.","DCSP-1","Ask the SA if the system is a designated router.  If it is not, this is not applicable.

Check the system for non-routing network services.

Procedure:
# netstat -a | grep -i listen
# ps -ef

If non-routing services, including Web servers, file servers, DNS servers, or applications servers, but excluding management services, such as SSH and SNMP, are running on the system, this is a finding.","Ensure only authorized software is loaded on a designated router.  Authorized software will be limited to the most current version of routing protocols and SSH for system administration purposes.","","","false","","","","","System Administrator","","M","Unclass","Solaris 10 SPARC Security Technical Implementation Guide :: Version 1, Release: 24 Benchmark Date: 25 Jan 2019","24","CCI-001208
The organization partitions the information system into components residing in separate physical domains (or environments) as deemed necessary.
NIST SP 800-53 :: SC-32
NIST SP 800-53A :: SC-32.1

",
"V-4399","high","GEN006380","SV-4399r2_rule","GEN006380","The system must not use UDP for NIS/NIS+.","Implementing NIS or NIS+ under UDP may make the system more susceptible to a Denial of Service attack and does not provide the same quality of service as TCP.","ECSC-1","If the system does not use NIS or NIS+, this is not applicable.

Check if NIS or NIS+ is implemented using UDP.

Procedure:
# rpcinfo -p | grep yp | grep udp

If NIS or NIS+ is implemented using UDP, this is a finding.","Configure the system to not use UDP for NIS and NIS+.  Consult vendor documentation for the required procedure.","","","false","","","","","System Administrator","","M","Unclass","Solaris 10 SPARC Security Technical Implementation Guide :: Version 1, Release: 24 Benchmark Date: 25 Jan 2019","24","CCI-001436
The organization disables organization defined networking protocols within the information system deemed to be nonsecure except for explicitly identified components in support of specific operational requirements.
NIST SP 800-53 :: AC-17 (8)
NIST SP 800-53A :: AC-17 (8).1 (ii)

",
"V-4427","medium","GEN002020","SV-40331r1_rule","GEN002020","All .rhosts, .shosts, or host.equiv files must only contain trusted host-user pairs.","If these files are not properly configured, they could allow malicious access by unknown malicious users from untrusted hosts who could compromise the system.","ECCD-1, ECCD-2","Locate and examine all .rhosts, .shosts, hosts.equiv, and shosts.equiv files.  The .rhosts and .shosts files are stored in home directories.  (If a user does not have a home directory assigned in /etc/passwd, the root directory (/) is assigned as a default home directory.)

Procedure:
# for i in `cut -d: -f6 /etc/passwd | awk '$1 == """" {$1 = ""/""} {print $1}'`; do more $i/.rhosts; more $i/.shosts; done
# more /etc/hosts.equiv
# more /etc/ssh/shosts.equiv

If any .rhosts, .shosts, hosts.equiv, or shosts.equiv file contains other than host-user pairs, this is a finding.","If possible, remove the .rhosts, .shosts, hosts.equiv, and shosts.equiv files.  If the files are required, remove any content from the files except for necessary host-user pairs.","","","false","","","","","System Administrator","","M","Unclass","Solaris 10 SPARC Security Technical Implementation Guide :: Version 1, Release: 24 Benchmark Date: 25 Jan 2019","24","CCI-000366
The organization implements the security configuration settings.
NIST SP 800-53 :: CM-6 b
NIST SP 800-53A :: CM-6.1 (iv)
NIST SP 800-53 Revision 4 :: CM-6 b

",
"V-4428","medium","GEN002060","SV-40341r1_rule","GEN002060","All .rhosts, .shosts, .netrc, or hosts.equiv files must be accessible by only root or the owner.","If these files are accessible by users other than root or the owner, they could be used by a malicious user to set up a system compromise.","ECLP-1","# for i in `cut -d: -f6 /etc/passwd | awk '$1 == """" {$1 = ""/""} {print $1}'`; do ls -l $i/.rhosts $i/.shosts $i/.netrc; done
# ls -l /etc/hosts.equiv
# ls -l /etc/ssh/shosts.equiv

If the .netrc, .rhosts, .shosts, hosts.equiv, or shosts.equiv files have permissions greater than 600, then this is a finding.  (If a password entry has no home directory assigned, the root directory (/) is used as a default.)","Ensure the permission for these files is set at 600 or less and the owner is the owner of the home directory that it is in. These files, outside of home directories (other than hosts.equiv in /etc and shosts.equiv in /etc/ssh; both are owned by root), have no meaning. ","","","false","","","","","System Administrator","","M","Unclass","Solaris 10 SPARC Security Technical Implementation Guide :: Version 1, Release: 24 Benchmark Date: 25 Jan 2019","24","CCI-000225
The organization employs the concept of least privilege, allowing only authorized accesses for users (and processes acting on behalf of users) which are necessary to accomplish assigned tasks in accordance with organizational missions and business functions.
NIST SP 800-53 :: AC-6
NIST SP 800-53A :: AC-6.1
NIST SP 800-53 Revision 4 :: AC-6

",
"V-4430","medium","GEN003260","SV-27371r1_rule","GEN003260","The cron.deny file must be owned by root, bin, or sys.","Cron daemon control files restrict the scheduling of automated tasks and must be protected.
","ECLP-1","Check the ownership of the cron.deny file.

# ls -lL /etc/cron.d/cron.deny
If the cron.deny file is not owned by root, sys, or bin, this is a finding.","Change the ownership of the cron.deny file to root, sys, or bin.

# chown root /etc/cron.d/cron.deny
","","","false","","","","","System Administrator","","M","Unclass","Solaris 10 SPARC Security Technical Implementation Guide :: Version 1, Release: 24 Benchmark Date: 25 Jan 2019","24","CCI-000225
The organization employs the concept of least privilege, allowing only authorized accesses for users (and processes acting on behalf of users) which are necessary to accomplish assigned tasks in accordance with organizational missions and business functions.
NIST SP 800-53 :: AC-6
NIST SP 800-53A :: AC-6.1
NIST SP 800-53 Revision 4 :: AC-6

",
"V-4687","high","GEN003820","SV-27435r1_rule","GEN003820","The rsh daemon must not be running.","The rshd process provides a typically unencrypted, host-authenticated remote access service.  SSH should be used in place of this service.
","EBRU-1","# svcs network/shell
If the service is enabled, this is a finding.
","Disable the remote shell service and restart inetd.
Procedure:
# svcadm disable network/shell
# svcadm refresh inetd","","","false","","","","","System Administrator","","M","Unclass","Solaris 10 SPARC Security Technical Implementation Guide :: Version 1, Release: 24 Benchmark Date: 25 Jan 2019","24","CCI-000068
The information system implements cryptographic mechanisms to protect the confidentiality of remote access sessions.
NIST SP 800-53 :: AC-17 (2)
NIST SP 800-53A :: AC-17 (2).1
NIST SP 800-53 Revision 4 :: AC-17 (2)

",
"V-4688","high","GEN003840","SV-27438r1_rule","GEN003840","The rexec daemon must not be running.","The rexecd process provides a typically unencrypted, host-authenticated remote access service.  SSH should be used in place of this service.
","ECSC-1","# svcs rexec
If the service is enabled, this is a finding.","# svcadm disable rexec
# svcadm refresh inetd
","","","true","","","","","Information Assurance Officer","","M","Unclass","Solaris 10 SPARC Security Technical Implementation Guide :: Version 1, Release: 24 Benchmark Date: 25 Jan 2019","24","CCI-001435
The organization defines networking protocols within the information system deemed to be nonsecure.
NIST SP 800-53 :: AC-17 (8)
NIST SP 800-53A :: AC-17 (8).1 (i)

",
"V-4689","high","GEN004600","SV-39819r1_rule","GEN004600","The SMTP service must be an up-to-date version.","The SMTP service version on the system must be current to avoid exposing vulnerabilities present in unpatched versions.","VIVM-1","Determine the version of the SMTP service software, using a non-privileged account.
$ /usr/lib/sendmail -d0 -bt < /dev/null
(Note:  While this command will report the sendmail version almost immediately, it will take several moments to return to the shell prompt.  Press ctrl-C to terminate the sendmail process.)

Version 8.14.4 is the latest required version.
Version 8.14.4+Sun is available from Oracle for Solaris.

If the sendmail version is not at least 8.14.4 or Oracle's latest version, this is a finding.","Obtain and install the latest version of Sendmail from Oracle through normal software update processes, as implemented locally.","","","false","","","","","System Administrator","","M","Unclass","Solaris 10 SPARC Security Technical Implementation Guide :: Version 1, Release: 24 Benchmark Date: 25 Jan 2019","24","CCI-001230
The organization incorporates flaw remediation into the organizational configuration management process.
NIST SP 800-53 :: SI-2 c
NIST SP 800-53A :: SI-2.1 (iv)
NIST SP 800-53 Revision 4 :: SI-2 d

",
"V-4690","high","GEN004620","SV-42311r1_rule","GEN004620","The Sendmail server must have the debug feature disabled.","Debug mode is a feature present in older versions of Sendmail which, if not disabled, may allow an attacker to gain access to a system through the Sendmail service.
","ECSC-1","Check for an enabled debug command provided by the SMTP service.

Procedure:
# telnet localhost 25
debug

If the command does not return a 500 error code of command unrecognized, this is a finding.

If telnet is unavailable for testing, check the version of sendmail.  Run the following as a non-privileged user.

$ echo \$Z | /usr/sbin/sendmail -bt -d0

If the version reported is less than 8.6, this is a finding.","Obtain and install a more recent version of Sendmail, which does not implement the DEBUG feature.","","","false","","","","","System Administrator","","M","Unclass","Solaris 10 SPARC Security Technical Implementation Guide :: Version 1, Release: 24 Benchmark Date: 25 Jan 2019","24","CCI-000366
The organization implements the security configuration settings.
NIST SP 800-53 :: CM-6 b
NIST SP 800-53A :: CM-6.1 (iv)
NIST SP 800-53 Revision 4 :: CM-6 b

",
"V-4691","high","GEN004640","SV-42312r1_rule","GEN004640","The SMTP service must not have a uudecode alias active.","A common configuration for older Mail Transfer Agents (MTAs) includes an alias for the decode user. All mail sent to this user is sent to the uudecode program, which automatically converts and stores files. By sending mail to decode or uudecode aliases present on some systems, a remote attacker may be able to create or overwrite files on the remote host. This could possibly be used to gain remote access.","ECSC-1","Check the SMTP service for an active decode command.

Procedure:
# telnet localhost 25
decode

If the command does not return a 500 error code of command unrecognized, this is a finding.

If telnet is unavailable for testing, check for the existence of the decode and uudecode aliases in the sendmail aliases file.

Find the active sendmail aliases file.
# grep AliasFile /etc/mail/sendmail.cf
(The aliases file is usually at /etc/mail/aliases)
Look for decode aliases in the aliases file.
# grep decode /etc/mail/aliases

If there is an uncommented decode or uudecode alias in the aliases file, this is a finding.","Comment out active decode and uudecode aliases in the aliases file.

# vi /usr/mail/aliases

Activate updated aliases file.

# newaliases","","","false","","","","","System Administrator","","M","Unclass","Solaris 10 SPARC Security Technical Implementation Guide :: Version 1, Release: 24 Benchmark Date: 25 Jan 2019","24","CCI-001230
The organization incorporates flaw remediation into the organizational configuration management process.
NIST SP 800-53 :: SI-2 c
NIST SP 800-53A :: SI-2.1 (iv)
NIST SP 800-53 Revision 4 :: SI-2 d

",
"V-4692","low","GEN004660","SV-4692r2_rule","GEN004660","The SMTP service must not have the EXPN feature active.","The SMTP EXPN function allows an attacker to determine if an account exists on a system, providing significant assistance to a brute-force attack on user accounts. EXPN may also provide additional information concerning users on the system, such as the full names of account owners.","ECSC-1","Determine if EXPN is disabled.

Procedure:
# telnet localhost 25
expn root

If the command does not return a 500 error code of command unrecognized, this is a finding.

OR

Locate the sendmail.cf configuration file.

Procedure:
# find / -name sendmail.cf -print
# grep -v ""^#"" <sendmail.cf location> | egrep -i ""(goaway|noexpn)""

Verify the EXPN command is disabled with an entry in the sendmail.cf file that reads as one of the following:

Opnoexpn
O PrivacyOptions=noexpn
Opgoaway
O PrivacyOptions=goaway

(Other privacy options, such as novrfy or noetrn, may be included in the same line, separated by commas.  The goaway option encompasses a number of privacy options, including noexpn.)  If the EXPN command is not disabled, this is a finding.","Edit the sendmail.cf file and add Opnoexpn option.
Restart the Sendmail service.   ","False positives may occur with the SMTP EXPN check. According to RFC821, it is acceptable for a server to respond with a 250 (success) or 550 (failure) when the server supports the EXPN command.  For example, some servers return ""550 EXPN command not available"", meaning the command is not supported and the machine is not vulnerable.  However, a result of ""550 That is a mailing list, not a user"" would be a failure code, but not an indication of an error, and the machine would be vulnerable.  If false positive is suspected, check the log file for the response from the server.","","false","","","","","System Administrator","","M","Unclass","Solaris 10 SPARC Security Technical Implementation Guide :: Version 1, Release: 24 Benchmark Date: 25 Jan 2019","24","CCI-000366
The organization implements the security configuration settings.
NIST SP 800-53 :: CM-6 b
NIST SP 800-53A :: CM-6.1 (iv)
NIST SP 800-53 Revision 4 :: CM-6 b

",
"V-4693","low","GEN004680","SV-4693r2_rule","GEN004680","The SMTP service must not have the VRFY feature active.","The VRFY (Verify) command allows an attacker to determine if an account exists on a system, providing significant assistance to a brute-force attack on user accounts. VRFY may provide additional information about users on the system, such as the full names of account owners.","ECSC-1","Determine if VRFY is disabled.

Procedure:
# telnet localhost 25
vrfy root

If the command does not return a 500 error code of command unrecognized, this is a finding.

OR

Locate the sendmail.cf configuration file.

Procedure:
# find / -name sendmail.cf -print
# grep -v ""^#"" <sendmail.cf location> |grep -i ""(goaway|vrfy)""

Verify the VRFY command is disabled with an entry in the sendmail.cf file that reads as one of the following:

Opnovrfy
O PrivacyOptions=novrfy
Opgoaway
O PrivacyOptions=goaway

(Other privacy options, such as noexpn or noetrn, may be included in the same line, separated by commas.  The goaway option encompasses a number of privacy options, including novrfy.)  If the VRFY command is not disabled, this is a finding.","If Sendmail is running, add the line Opnovrfy to the Sendmail configuration file, usually located in /etc/sendmail.cf. For other mail servers, contact the vendor for information on how to disable the verify command. Newer versions of Sendmail are available at http://www.sendmail.org or from ftp://ftp.cs.berkeley.edu/ucb/sendmail.   ","","","false","","","","","System Administrator","","M","Unclass","Solaris 10 SPARC Security Technical Implementation Guide :: Version 1, Release: 24 Benchmark Date: 25 Jan 2019","24","CCI-000366
The organization implements the security configuration settings.
NIST SP 800-53 :: CM-6 b
NIST SP 800-53A :: CM-6.1 (iv)
NIST SP 800-53 Revision 4 :: CM-6 b

",
"V-4694","low","GEN004700","SV-4694r2_rule","GEN004700","The Sendmail service must not have the wizard backdoor active.","Very old installations of the Sendmail mailing system contained a feature whereby a remote user connecting to the SMTP port can enter the WIZ command and be given an interactive shell with root privileges.","ECSC-1","Locate the sendmail.cf configuration file and check for wiz configuration.

Procedure:
# find / -name sendmail.cf -print
# grep -v ""^#"" <sendmail.cf location> |grep -i wiz

If an entry is found for wiz, this is a finding.","If the WIZ command is enabled on Sendmail, it should be disabled by adding this line to the sendmail.cf configuration file (it must be typed in uppercase).

OW*

For the change to take effect, kill the Sendmail process, refreeze the sendmail.cf file, and restart the Sendmail process.","","","false","","","","","System Administrator","","M","Unclass","Solaris 10 SPARC Security Technical Implementation Guide :: Version 1, Release: 24 Benchmark Date: 25 Jan 2019","24","CCI-000366
The organization implements the security configuration settings.
NIST SP 800-53 :: CM-6 b
NIST SP 800-53A :: CM-6.1 (iv)
NIST SP 800-53 Revision 4 :: CM-6 b

",
"V-4695","high","GEN005140","SV-28423r1_rule","GEN005140","Any active TFTP daemon must be authorized and approved in the system accreditation package.","TFTP is a file transfer protocol often used by embedded systems to obtain configuration data or software.    The service is unencrypted and does not require authentication of requests.  Data available using this service may be subject to unauthorized access or interception.","DCSW-1","Determine if the TFTP daemon is active.
# svcs svc:/network/tftp/*
If TFTP is found enabled, it is a finding if it is not documented using site-defined procedures.","Disable the TFTP daemon.
# svcadm disable svc:/network/tftp/*
# svcadm refresh inetd
If TFTP is found enabled, it is a finding if it is not documented.","","","false","","","","","System Administrator","","M","Unclass","Solaris 10 SPARC Security Technical Implementation Guide :: Version 1, Release: 24 Benchmark Date: 25 Jan 2019","24","CCI-000225
The organization employs the concept of least privilege, allowing only authorized accesses for users (and processes acting on behalf of users) which are necessary to accomplish assigned tasks in accordance with organizational missions and business functions.
NIST SP 800-53 :: AC-6
NIST SP 800-53A :: AC-6.1
NIST SP 800-53 Revision 4 :: AC-6

",
"V-4696","medium","GEN005280","SV-28428r2_rule","GEN005280","The system must not have the UUCP service active.","The UUCP utility is designed to assist in transferring files, executing remote commands, and sending email between UNIX systems over phone lines and direct connections between systems. The UUCP utility is a primitive and arcane system with many security issues. There are alternate data transfer utilities/products that can be configured to more securely transfer data by providing for authentication,  as well as encryption.","","# svcs uucp

If UUCP is found enabled and its use is not justified and documented with the ISSO, this is a finding.","# svcadm disable uucp
# svcadm refresh inetd","","","false","","","","","System Administrator","","M","Unclass","Solaris 10 SPARC Security Technical Implementation Guide :: Version 1, Release: 24 Benchmark Date: 25 Jan 2019","24","CCI-001436
The organization disables organization defined networking protocols within the information system deemed to be nonsecure except for explicitly identified components in support of specific operational requirements.
NIST SP 800-53 :: AC-17 (8)
NIST SP 800-53A :: AC-17 (8).1 (ii)

",
"V-4697","high","GEN005200","SV-4697r2_rule","GEN005200","X displays must not be exported to the world.","Open X displays allow an attacker to capture keystrokes and to execute commands remotely. Many users have their X Server set to xhost +, permitting access to the X Server by anyone, from anywhere.","ECSC-1","If X Windows is not used on the system, this is not applicable.

Check the output of the xhost command from an X terminal.

Procedure:
$ xhost
If the output reports access control is enabled (and possibly lists the hosts that can receive X Window logins), this is not a finding. If the xhost command returns a line indicating access control is disabled, this is a finding.

NOTE: It may be necessary to define the display if the command reports it cannot open the display. 

Procedure:
$ DISPLAY=MachineName:0.0; export DISPLAY
MachineName may be replaced with an Internet Protocol Address. Repeat the check procedure after setting the display.","If using an xhost-type authentication the xhost - command can be used to remove current trusted hosts and then selectively allow only trusted hosts to connect with xhost + commands. A cryptographically secure authentication, such as provided by the xauth program, is always preferred. Refer to your X11 server's documentation for further security information.","","","false","","","","","System Administrator","","M","Unclass","Solaris 10 SPARC Security Technical Implementation Guide :: Version 1, Release: 24 Benchmark Date: 25 Jan 2019","24","CCI-000225
The organization employs the concept of least privilege, allowing only authorized accesses for users (and processes acting on behalf of users) which are necessary to accomplish assigned tasks in accordance with organizational missions and business functions.
NIST SP 800-53 :: AC-6
NIST SP 800-53A :: AC-6.1
NIST SP 800-53 Revision 4 :: AC-6

",
"V-4701","low","GEN003860","SV-27441r2_rule","GEN003860","The system must not have the finger service active.","The finger service provides information about the system's users to network clients.  This information could expose information that could be used in subsequent attacks.
","","If the ""SUNWrcmds"" package, containing the finger service executable, is not installed, this is not applicable.

# svcs finger
If the finger service is not disabled, this is a finding.","Disable the finger service and restart inetd.
Procedure:
# svcadm disable finger
# svcadm refresh inetd","","","false","","","","","System Administrator","","M","Unclass","Solaris 10 SPARC Security Technical Implementation Guide :: Version 1, Release: 24 Benchmark Date: 25 Jan 2019","24","CCI-001551
The organization defines approved authorizations for controlling the flow of information between interconnected systems.
NIST SP 800-53 :: AC-4
NIST SP 800-53A :: AC-4.1 (ii)
NIST SP 800-53 Revision 4 :: AC-4

",
"V-4702","medium","GEN004840","SV-4702r2_rule","GEN004840","If the system is an anonymous FTP server, it must be isolated to the DMZ network.","Anonymous FTP is a public data service which is only permitted in a server capacity when located on the DMZ network.","ECSC-1","Use the command ftp to connect the system's FTP service. Attempt to log into this host with a user name of anonymous and a password of guest (also try the password of guest@mail.com). If the logon is not successful, this check is not applicable.

Ask the SA if the system is located on a DMZ network. If the system is not located on a DMZ network, this is a finding.","Move the system to a DMZ network.","","","false","","","","","System Administrator","","M","Unclass","Solaris 10 SPARC Security Technical Implementation Guide :: Version 1, Release: 24 Benchmark Date: 25 Jan 2019","24","CCI-000787
The organization manages information system identifiers for users and devices by selecting an identifier that uniquely identifies a device.
NIST SP 800-53 :: IA-4 b
NIST SP 800-53A :: IA-4.1 (iii)

",
"V-11940","high","GEN000100","SV-27051r1_rule","GEN000100","The operating system must be a supported release.","An operating system release is considered supported if the vendor continues to provide security patches for the product.  With an unsupported release, it will not be possible to resolve security issues discovered in the system software.","VIVM-1","# uname -a

Oracle has committed to indefinite ""sustaining support"" for recent Solaris operating system releases.  Verify proof of purchase of support from Oracle.

If the release is not supported, this is a finding.","Upgrade to a supported version of the operating system.","","","false","","","","","System Administrator","If an extended support agreement provides security patches for the unsupported product is procured from the vendor, this finding may be downgraded to a CAT III.","M","Unclass","Solaris 10 SPARC Security Technical Implementation Guide :: Version 1, Release: 24 Benchmark Date: 25 Jan 2019","24","CCI-001230
The organization incorporates flaw remediation into the organizational configuration management process.
NIST SP 800-53 :: SI-2 c
NIST SP 800-53A :: SI-2.1 (iv)
NIST SP 800-53 Revision 4 :: SI-2 d

",
"V-11941","medium","GEN000140","SV-12442r2_rule","GEN000140","A file integrity baseline must be created and maintained.","A file integrity baseline is a collection of file metadata which is to evaluate the integrity of the system. A minimal baseline must contain metadata for all device files, setuid files, setgid files, system libraries, system binaries, and system configuration files. The minimal metadata must consist of the mode, owner, group owner, and modification times. For regular files, metadata must also include file size and a cryptographic hash of the file’s contents.","DCSW-1","Determine if a file integrity baseline, which includes cryptographic hashes, has been created and maintained for the system. If no file integrity baseline exists for the system, this is a finding. If the file integrity baseline contains no cryptographic hashes, this is a finding. If the file integrity baseline is not maintained (has not been updated to be consistent with the latest approved system configuration changes), this is a finding.","Create a file integrity baseline, including cryptographic hashes, for the system. ","","","false","","","","","System Administrator","","M","Unclass","Solaris 10 SPARC Security Technical Implementation Guide :: Version 1, Release: 24 Benchmark Date: 25 Jan 2019","24","CCI-000293
The organization develops a current baseline configuration of the information system.
NIST SP 800-53 :: CM-2
NIST SP 800-53A :: CM-2.1 (i)
NIST SP 800-53 Revision 4 :: CM-2

",
"V-11945","medium","GEN000220","SV-28610r2_rule","GEN000220","A file integrity tool must be used at least weekly to check for unauthorized file changes, particularly the addition of unauthorized system libraries or binaries, or for unauthorized modification to authorized system libraries or binaries.","Changes in system libraries and binaries can indicate compromise or significant system events, such as patching needing to be checked by automated processes and the results reviewed by the SA.

NOTE: The frequency may be increased to daily, if necessary, in accordance with the contingency plan.","","Determine if there is a cron job, scheduled to run weekly or more frequently, to run the file integrity tool to check for unauthorized system libraries or binaries, or unauthorized modification to authorized system libraries or binaries. 

Procedure:
# crontab -l

If there is no cron job meeting these requirements, this is a finding.

NOTE: The frequency may be increased to daily, if necessary, in accordance with the contingency plan.","Create a cron job, scheduled to run weekly or more frequently, to run the file integrity tool to check for unauthorized system libraries or binaries, or unauthorized modification to authorized system libraries or binaries.

NOTE: The frequency may be increased to daily, if necessary, in accordance with the contingency plan.","","","false","","","","","System Administrator","","M","Unclass","Solaris 10 SPARC Security Technical Implementation Guide :: Version 1, Release: 24 Benchmark Date: 25 Jan 2019","24","CCI-001069
The organization employs automated mechanisms to detect the presence of unauthorized software on organizational information systems and notify designated organizational officials in accordance with the organization defined frequency.
NIST SP 800-53 :: RA-5 (7)
NIST SP 800-53A :: RA-5 (7).1 (ii)

",
"V-11946","medium","GEN000340","SV-12447r2_rule","GEN000340","UIDs reserved for system accounts must not be assigned to non-system accounts.","Reserved UIDs are typically used by system software packages. If non-system accounts have UIDs in this range, they may conflict with system software, possibly leading to the user having permissions to modify system files.
","ECSC-1","Check the UID assignments of all accounts.
# more /etc/passwd

Confirm all accounts with a UID of 99 and below are used by a system account. If a UID reserved for system accounts (0 - 99) is used by a non-system account, this is a finding. ","Change the UID numbers for non-system accounts with reserved UIDs (those less or equal to 99).   ","","","false","","","","","System Administrator","","M","Unclass","Solaris 10 SPARC Security Technical Implementation Guide :: Version 1, Release: 24 Benchmark Date: 25 Jan 2019","24","CCI-000366
The organization implements the security configuration settings.
NIST SP 800-53 :: CM-6 b
NIST SP 800-53A :: CM-6.1 (iv)
NIST SP 800-53 Revision 4 :: CM-6 b

",
"V-11947","medium","GEN000580","SV-27110r2_rule","GEN000580","The system must require passwords contain a minimum of 15 characters.","The use of longer passwords reduces the ability of attackers to successfully obtain valid passwords using guessing or exhaustive search techniques by increasing the password search space.","","Check the system password length setting.
# grep PASSLENGTH /etc/default/passwd
If PASSLENGTH is not set to 15 or more, this is a finding.","Edit /etc/default/passwd and set the PASSLENGTH variable to 15 or greater.","","","false","","","","","System Administrator","","M","Unclass","Solaris 10 SPARC Security Technical Implementation Guide :: Version 1, Release: 24 Benchmark Date: 25 Jan 2019","24","CCI-000205
The information system enforces minimum password length.
NIST SP 800-53 :: IA-5 (1) (a)
NIST SP 800-53A :: IA-5 (1).1 (i)
NIST SP 800-53 Revision 4 :: IA-5 (1) (a)

",
"V-11948","medium","GEN000600","SV-27115r1_rule","GEN000600","The system must require passwords to contain at least one uppercase alphabetic character.","To enforce the use of complex passwords, minimum numbers of characters of different classes are mandated.  The use of complex passwords reduces the ability of attackers to successfully obtain valid passwords using guessing or exhaustive search techniques.  Complexity requirements increase the password search space by requiring users to construct passwords from a larger character set than they may otherwise use.","IAIA-1, IAIA-2","Check the MINUPPER setting.
# egrep MINUPPER /etc/default/passwd
If MINUPPER is not set to 1 or more, this is a finding.","Edit /etc/default/passwd and set the MINUPPER setting to at least 1.","","","false","","","","","System Administrator","","M","Unclass","Solaris 10 SPARC Security Technical Implementation Guide :: Version 1, Release: 24 Benchmark Date: 25 Jan 2019","24","CCI-000192
The information system enforces password complexity by the minimum number of upper case characters used.
NIST SP 800-53 :: IA-5 (1) (a)
NIST SP 800-53A :: IA-5 (1).1 (v)
NIST SP 800-53 Revision 4 :: IA-5 (1) (a)

",
"V-11972","medium","GEN000620","SV-27119r1_rule","GEN000620","The system must require passwords to contain at least one numeric character.","To enforce the use of complex passwords, minimum numbers of characters of different classes are mandated.  The use of complex passwords reduces the ability of attackers to successfully obtain valid passwords using guessing or exhaustive search techniques.  Complexity requirements increase the password search space by requiring users to construct passwords from a larger character set than they may otherwise use.","IAIA-1, IAIA-2","Check the MINDIGIT setting.
# grep MINDIGIT /etc/default/passwd
If the MINDIGIT setting is less than 1, this is a finding.","Edit /etc/default/passwd and set the MINDIGIT setting to 1.","","","false","","","","","System Administrator","","M","Unclass","Solaris 10 SPARC Security Technical Implementation Guide :: Version 1, Release: 24 Benchmark Date: 25 Jan 2019","24","CCI-000194
The information system enforces password complexity by the minimum number of numeric characters used.
NIST SP 800-53 :: IA-5 (1) (a)
NIST SP 800-53A :: IA-5 (1).1 (v)
NIST SP 800-53 Revision 4 :: IA-5 (1) (a)

",
"V-11973","medium","GEN000640","SV-27123r1_rule","GEN000640","The system must require passwords to contain at least one special character.","To enforce the use of complex passwords, minimum numbers of characters of different classes are mandated.  The use of complex passwords reduces the ability of attackers to successfully obtain valid passwords using guessing or exhaustive search techniques.  Complexity requirements increase the password search space by requiring users to construct passwords from a larger character set than they may otherwise use.","IAIA-1, IAIA-2","Check the MINSPECIAL setting.
# grep MINSPECIAL /etc/default/passwd
If the MINSPECIAL setting is less than 1, this is a finding.","Edit /etc/default/passwd and set MINSPECIAL to 1.","","","false","","","","","System Administrator","","M","Unclass","Solaris 10 SPARC Security Technical Implementation Guide :: Version 1, Release: 24 Benchmark Date: 25 Jan 2019","24","CCI-001619
The information system enforces password complexity by the minimum number of special characters used.
NIST SP 800-53 :: IA-5 (1) (a)
NIST SP 800-53A :: IA-5 (1).1 (v)
NIST SP 800-53 Revision 4 :: IA-5 (1) (a)

",
"V-11975","medium","GEN000680","SV-27126r1_rule","GEN000680","The system must require passwords to contain no more than three consecutive repeating characters.","To enforce the use of complex passwords, the number of consecutive repeating characters is limited.  Passwords with excessive repeated characters may be more vulnerable to password-guessing attacks.","IAIA-1, IAIA-2","Check the MAXREPEATS setting.
# grep MAXREPEATS /etc/default/passwd
If the MAXREPEATS setting is greater than 3, this is a finding.","Edit /etc/default/passwd and set MAXREPEATS to 3.","","","false","","","","","System Administrator","","M","Unclass","Solaris 10 SPARC Security Technical Implementation Guide :: Version 1, Release: 24 Benchmark Date: 25 Jan 2019","24","CCI-000366
The organization implements the security configuration settings.
NIST SP 800-53 :: CM-6 b
NIST SP 800-53A :: CM-6.1 (iv)
NIST SP 800-53 Revision 4 :: CM-6 b

",
"V-11976","medium","GEN000700","SV-39845r3_rule","GEN000700","User passwords must be changed at least every 60 days.","Limiting the lifespan of authenticators limits the period of time an unauthorized user has access to the system while using compromised credentials and reduces the period of time available for password-guessing attacks to run against a single password.","IAIA-1, IAIA-2","Check the max days field (the 5th field) of /etc/shadow.
# awk -F: '{print $1 "":"" $5;}' /etc/shadow
If the max days field is equal to 0 or greater than 60 for any account that is not password-locked, this is a finding.","Set the max days field to 60 for all user accounts.
# passwd -x 60 <user> 
Set the MAXWEEKS parameter in /etc/default/passwd to a positive, non-zero value of 8 or less.","","","false","","","","","System Administrator","","M","Unclass","Solaris 10 SPARC Security Technical Implementation Guide :: Version 1, Release: 24 Benchmark Date: 25 Jan 2019","24","CCI-000180
The organization manages information system authenticators by establishing maximum lifetime restrictions for authenticators.
NIST SP 800-53 :: IA-5 f
NIST SP 800-53A :: IA-5.1 (ii)
NIST SP 800-53 Revision 4 :: IA-5 f

",
"V-11977","medium","GEN000740","SV-12478r2_rule","GEN000740","All non-interactive/automated processing account passwords must be changed at least once per year or be locked.","Limiting the lifespan of authenticators limits the period of time an unauthorized user has access to the system while using compromised credentials and reduces the period of time available for password-guessing attacks to run against a single password. Locking the password for non-interactive and automated processing accounts is preferred as it removes the possibility of accessing the account by a password. On some systems, locking the passwords of these accounts may prevent the account from functioning properly. Passwords for non-interactive/automated processing accounts must not be used for direct logon to the system.","IAIA-1, IAIA-2","Ask the SA if there are any automated processing accounts on the system. If there are automated processing accounts on the system, ask the SA if the passwords for those automated accounts are changed at least once a year. If SA indicates passwords for automated processing accounts are not changed once per year, this is a finding.
","Implement or establish procedures to change the passwords of automated processing accounts at least once per year.","","","false","","","","","System Administrator","","M","Unclass","Solaris 10 SPARC Security Technical Implementation Guide :: Version 1, Release: 24 Benchmark Date: 25 Jan 2019","24","CCI-000199
The information system enforces maximum password lifetime restrictions.
NIST SP 800-53 :: IA-5 (1) (d)
NIST SP 800-53A :: IA-5 (1).1 (v)
NIST SP 800-53 Revision 4 :: IA-5 (1) (d)

",
"V-11979","medium","GEN001020","SV-39848r1_rule","GEN001020","The root account must not be used for direct logins.","Direct login with the root account prevents individual user accountability. Acceptable non-routine uses of the root account for direct login are limited to emergency maintenance, the use of single-user mode for maintenance, and situations where individual administrator accounts are not available.","ECPA-1","Check if the root is used for direct logins.

Procedure:
# last root | grep -v reboot

If any direct login records for root exist, this is a finding.

Verify the root user is configured as a role, rather than a normal user.

Procedure:
# egrep '^root:' /etc/user_attr

If the returned line does not include ""type=role"", this is a finding.
","Convert the root user into a role.
# usermod -K type=role root

Add the root role to authorized users' logins.
# usermod -R root <userid>","","","false","","","","","System Administrator","","M","Unclass","Solaris 10 SPARC Security Technical Implementation Guide :: Version 1, Release: 24 Benchmark Date: 25 Jan 2019","24","CCI-000770
The organization requires individuals to be authenticated with an individual authenticator when a group authenticator is employed.
NIST SP 800-53 :: IA-2 (5) (b)
NIST SP 800-53A :: IA-2 (5).2 (ii)
NIST SP 800-53 Revision 4 :: IA-2 (5)

",
"V-11980","medium","GEN001060","SV-39850r1_rule","GEN001060","The system must log successful and unsuccessful access to the root account.","If successful and unsuccessful logins and logouts are not monitored or recorded, access attempts cannot be tracked.  Without this logging, it may be impossible to track unauthorized access to the system.","ECAR-1, ECAR-2, ECAR-3","Check the following log files to determine if access to the root account is being logged.  Try to su - and enter an incorrect password.
# more /var/adm/sulog
If root login accounts are not being logged, this is a finding.","Update /etc/default/su and set SYSLOG=YES.

Ensure /etc/syslog.conf is configured to log auth.crit messages to capture all failed su attempts.","","","false","","","","","System Administrator","","M","Unclass","Solaris 10 SPARC Security Technical Implementation Guide :: Version 1, Release: 24 Benchmark Date: 25 Jan 2019","24","CCI-000126
The organization determines that the organization-defined subset of the auditable events defined in AU-2 are to be audited within the information system.
NIST SP 800-53 :: AU-2 d
NIST SP 800-53A :: AU-2.1 (v)
NIST SP 800-53 Revision 4 :: AU-2 d

",
"V-11981","medium","GEN001720","SV-39829r1_rule","GEN001720","All global initialization files must have mode 0644 or less permissive.","Global initialization files are used to configure the user's shell environment upon login.  Malicious modification of these files could compromise accounts upon logon.","ECLP-1","Check global initialization files permissions.

# ls -l /etc/.login
# ls -l /etc/profile
# ls -l /etc/bashrc
# ls -l /etc/environment
# ls -l /etc/security/environ
# ls -l /etc/csh.login 
# ls -l /etc/csh.cshrc

If global initialization files exist and are more permissive than 0644, this is a finding.","Change the mode of the global initialization file(s) to 0644.
# chmod 0644 <global initialization file>","","","false","","","","","System Administrator","","M","Unclass","Solaris 10 SPARC Security Technical Implementation Guide :: Version 1, Release: 24 Benchmark Date: 25 Jan 2019","24","CCI-000225
The organization employs the concept of least privilege, allowing only authorized accesses for users (and processes acting on behalf of users) which are necessary to accomplish assigned tasks in accordance with organizational missions and business functions.
NIST SP 800-53 :: AC-6
NIST SP 800-53A :: AC-6.1
NIST SP 800-53 Revision 4 :: AC-6

",
"V-11982","medium","GEN001740","SV-39830r1_rule","GEN001740","All global initialization files must be owned by root.","Global initialization files are used to configure the user's shell environment upon login.  Malicious modification of these files could compromise accounts upon logon.  Failure to give ownership of sensitive files or utilities to root or bin provides the designated owner and unauthorized users with the potential to access sensitive information or change the system configuration which could weaken the system's security posture.","ECLP-1","Check the ownership of global initialization files. 
Procedure: 
# ls -lL /etc/.login /etc/profile /etc/bashrc /etc/environment /etc/security/environ /etc/csh.login /etc/csh.cshrc

If any global initialization file exists and is not owned by root, this is a finding. ","Change the ownership of global initialization files with incorrect ownership.

Procedure:
# chown bin <global initialization files>","","","false","","","","","System Administrator","","M","Unclass","Solaris 10 SPARC Security Technical Implementation Guide :: Version 1, Release: 24 Benchmark Date: 25 Jan 2019","24","CCI-000225
The organization employs the concept of least privilege, allowing only authorized accesses for users (and processes acting on behalf of users) which are necessary to accomplish assigned tasks in accordance with organizational missions and business functions.
NIST SP 800-53 :: AC-6
NIST SP 800-53A :: AC-6.1
NIST SP 800-53 Revision 4 :: AC-6

",
"V-11983","medium","GEN001760","SV-39831r1_rule","GEN001760","All global initialization files must be group-owned by root, sys, or bin.","Global initialization files are used to configure the user's shell environment upon login.  Malicious modification of these files could compromise accounts upon logon.  Failure to give ownership of sensitive files or utilities to root or bin provides the designated owner and unauthorized users with the potential to access sensitive information or change the system configuration which could weaken the system's security posture.","ECLP-1","Check the group ownership of global initialization files.

Procedure:
# ls -lL /etc/.login /etc/profile /etc/bashrc /etc/environment /etc/security/environ /etc/csh.login /etc/csh.cshrc

If any global initialization file exists and is not group-owned by root, sys, or bin, this is a finding.","Change the group ownership of the global initialization file(s) with incorrect group ownership.

Procedure:
# chgrp root <global initialization file>","","","false","","","","","System Administrator","","M","Unclass","Solaris 10 SPARC Security Technical Implementation Guide :: Version 1, Release: 24 Benchmark Date: 25 Jan 2019","24","CCI-000225
The organization employs the concept of least privilege, allowing only authorized accesses for users (and processes acting on behalf of users) which are necessary to accomplish assigned tasks in accordance with organizational missions and business functions.
NIST SP 800-53 :: AC-6
NIST SP 800-53A :: AC-6.1
NIST SP 800-53 Revision 4 :: AC-6

",
"V-11984","medium","GEN001820","SV-12485r2_rule","GEN001820","All skeleton files and directories (typically in /etc/skel) must be owned by bin.","If the skeleton files are not protected, unauthorized personnel could change user startup parameters and possibly jeopardize user files.  Failure to give ownership of sensitive files or utilities to bin provides the designated owner and unauthorized users with the potential to access sensitive information or change the system configuration which could weaken the system's security posture.","ECLP-1","Check skeleton files ownership.
# ls -alL /etc/skel
If a skeleton file is not owned by bin, this is a finding.","Change the ownership of skeleton files with incorrect mode.
# chown bin <skeleton file>","","","false","","","","","System Administrator","","M","Unclass","Solaris 10 SPARC Security Technical Implementation Guide :: Version 1, Release: 24 Benchmark Date: 25 Jan 2019","24","CCI-000225
The organization employs the concept of least privilege, allowing only authorized accesses for users (and processes acting on behalf of users) which are necessary to accomplish assigned tasks in accordance with organizational missions and business functions.
NIST SP 800-53 :: AC-6
NIST SP 800-53A :: AC-6.1
NIST SP 800-53 Revision 4 :: AC-6

",
"V-11985","medium","GEN001840","SV-12486r4_rule","GEN001840","All global initialization files executable search paths must contain only authorized paths.","The executable search path (typically the PATH environment variable) contains a list of directories for the shell to search to find executables. If this path includes the current working directory or other relative paths, executables in these directories may be executed instead of system commands. This variable is formatted as a colon-separated list of directories. If there is an empty entry, such as a leading or trailing colon, two consecutive colons, or a single period, this is interpreted as the current working directory. Paths starting with a slash (/) are absolute paths.","","Check the global initialization files' executable search paths.

Procedure:
# grep -i PATH /etc/profile /etc/bashrc /etc/csh.login /etc/csh.cshrc /etc/environment /etc/.login /etc/security/environ

This variable is formatted as a colon-separated list of directories. 

If there is an empty entry, such as a leading or trailing colon, or two consecutive colons, this is a finding. 

If an entry begins with a character other than a slash (/), or has not been documented with the ISSO, this is a finding.
","Edit the global initialization file(s) with PATH variables containing relative paths and remove any relative path form the PATH variables that have not been documented with the ISSO.  

Edit the global initialization file(s) and remove any empty entry that is defined.
","","","false","","","","","System Administrator","","M","Unclass","Solaris 10 SPARC Security Technical Implementation Guide :: Version 1, Release: 24 Benchmark Date: 25 Jan 2019","24","CCI-000366
The organization implements the security configuration settings.
NIST SP 800-53 :: CM-6 b
NIST SP 800-53A :: CM-6.1 (iv)
NIST SP 800-53 Revision 4 :: CM-6 b

",
"V-11986","medium","GEN001900","SV-12487r5_rule","GEN001900","All local initialization files executable search paths must contain only authorized paths.","The executable search path (typically the PATH environment variable) contains a list of directories for the shell to search to find executables. If this path includes the current working directory or other relative paths, executables in these directories may be executed instead of system commands. This variable is formatted as a colon-separated list of directories. If there is an empty entry, such as a leading or trailing colon, two consecutive colons, or a single period, this is interpreted as the current working directory. Paths starting with a slash (/) are absolute paths.","","NOTE: The following must be done in the BASH shell.

Examine the PATH variable contained in any user's local initialization files using a command shell that supports the use of ~USER as USER's home directory.

# cat /etc/passwd | cut -f 1,1 -d "":"" | xargs -n1 -IUSER sh -c 'grep -i PATH ~USER/.*'

The PATH variable is a colon-delimited directory list. 

If there is an empty entry, such as a leading or trailing colon, or two consecutive colons, this is a finding. 

If an entry begins with a character other than a slash (/), or has not been documented with the ISSO, this is a finding.
","Edit the local initialization file(s) and remove the relative path entries from the PATH variable that have not been documented with the ISSO.   

Edit the local initialization file(s) and remove any empty entry that is defined.
","","","false","","","","","System Administrator","","M","Unclass","Solaris 10 SPARC Security Technical Implementation Guide :: Version 1, Release: 24 Benchmark Date: 25 Jan 2019","24","CCI-000366
The organization implements the security configuration settings.
NIST SP 800-53 :: CM-6 b
NIST SP 800-53A :: CM-6.1 (iv)
NIST SP 800-53 Revision 4 :: CM-6 b

",
"V-11987","medium","GEN001980","SV-12488r2_rule","GEN001980","The .rhosts, .shosts, hosts.equiv, shosts.equiv, /etc/passwd, /etc/shadow, and/or /etc/group files must not contain a plus (+) without defining entries for NIS+ netgroups.","A plus (+) in system accounts' files causes the system to lookup the specified entry using NIS.  If the system is not using NIS, no such entries should exist.","ECCD-1, ECCD-2","Check system configuration files for plus (+) entries.

Procedure:
# find / -name .rhosts -exec grep + {} \;

# find / -name .shosts -exec grep + {} \;

# find / -name hosts.equiv -exec grep + {} \;

# find / -name shosts.equiv -exec grep + {} \;


# grep + /etc/passwd
# grep + /etc/shadow
# grep + /etc/group

If the .rhosts, .shosts, hosts.equiv, shosts.equiv, /etc/passwd, /etc/shadow, and/or /etc/group files contain a plus (+) and do not define entries for NIS+ netgroups, this is a finding.

","Edit the .rhosts, .shosts, hosts.equiv, shosts.equiv, /etc/passwd, /etc/shadow, and/or /etc/group files and remove entries containing a plus (+).



","","","false","","","","","System Administrator","","M","Unclass","Solaris 10 SPARC Security Technical Implementation Guide :: Version 1, Release: 24 Benchmark Date: 25 Jan 2019","24","CCI-000366
The organization implements the security configuration settings.
NIST SP 800-53 :: CM-6 b
NIST SP 800-53A :: CM-6.1 (iv)
NIST SP 800-53 Revision 4 :: CM-6 b

",
"V-11988","high","GEN002040","SV-40332r1_rule","GEN002040","There must be no .rhosts, .shosts, hosts.equiv, or shosts.equiv files on the system.","The .rhosts, .shosts, hosts.equiv, and shosts.equiv files are used to configure host-based authentication for individual users or the system.  Host-based authentication is not sufficient for preventing unauthorized access to the system.","ECCD-1, ECCD-2","Check for the existence of the files.  The .rhosts and .shosts files are stored in home directories.  (If a user does not have a home directory assigned in /etc/passwd, the root directory (/) is assigned as a default home directory.)

Procedure (the first command is five lines long):
# for homedir in `cut -d: -f6 /etc/passwd | awk '$1 == """" {$1 = ""/""} {print $1}'`;
     do
        ls -l $homedir/.rhosts;
        ls -l $homedir/.shosts;
     done
# ls -l /etc/hosts.equiv
# ls -l /etc/ssh/shosts.equiv

If .rhosts, .shosts, hosts.equiv, or shosts.equiv are found, this is a finding.","Remove the .rhosts, .shosts, hosts.equiv, and/or shosts.equiv files.
","","","false","","","","","Information Assurance Officer","","M","Unclass","Solaris 10 SPARC Security Technical Implementation Guide :: Version 1, Release: 24 Benchmark Date: 25 Jan 2019","24","CCI-000366
The organization implements the security configuration settings.
NIST SP 800-53 :: CM-6 b
NIST SP 800-53A :: CM-6.1 (iv)
NIST SP 800-53 Revision 4 :: CM-6 b

",
"V-11989","medium","GEN002100","SV-40334r1_rule","GEN002100","The .rhosts file must not be supported in PAM.","The .rhosts files are used to specify a list of hosts that are permitted remote access to a particular account without authenticating.  The use of such a mechanism defeats strong identification and authentication requirements.","ECCD-1, ECCD-2","Check the PAM configuration for rhosts_auth.

Procedure:
# grep rhosts_auth /etc/pam.conf

If a rhosts_auth entry is found that is not commented out, this is a finding.","Edit /etc/pam.conf and remove the reference(s) to the rhosts_auth module.
","","","false","","","","","Information Assurance Officer","","M","Unclass","Solaris 10 SPARC Security Technical Implementation Guide :: Version 1, Release: 24 Benchmark Date: 25 Jan 2019","24","CCI-000366
The organization implements the security configuration settings.
NIST SP 800-53 :: CM-6 b
NIST SP 800-53A :: CM-6.1 (iv)
NIST SP 800-53 Revision 4 :: CM-6 b

",
"V-11990","medium","GEN002540","SV-12491r2_rule","GEN002540","All public directories must be group-owned by root or an application group.","If a public directory has the sticky bit set and is not group-owned by a system GID, unauthorized users may be able to modify files created by others.

The only authorized public directories are those temporary directories supplied with the system or those designed to be temporary file repositories. The setting is normally reserved for directories used by the system and by users for temporary file storage (e.g., /tmp) and for directories requiring global read/write access.","ECLP-1","Check the group ownership of public directories.

Procedure:
# find / -type d -perm -1002 -exec ls -ld {} \;

If any public directory is not group-owned by root, sys, bin, or an application group (such as mail), this is a finding.","Change the group ownership of the public directory.

Procedure:
# chgrp root /tmp

(Replace root with a different system group and/or /tmp with a different public directory as necessary.)","","","false","","","","","System Administrator","","M","Unclass","Solaris 10 SPARC Security Technical Implementation Guide :: Version 1, Release: 24 Benchmark Date: 25 Jan 2019","24","CCI-000225
The organization employs the concept of least privilege, allowing only authorized accesses for users (and processes acting on behalf of users) which are necessary to accomplish assigned tasks in accordance with organizational missions and business functions.
NIST SP 800-53 :: AC-6
NIST SP 800-53A :: AC-6.1
NIST SP 800-53 Revision 4 :: AC-6

",
"V-11994","medium","GEN003040","SV-27333r1_rule","GEN003040","Crontabs must be owned by root or the crontab creator.","To protect the integrity of scheduled system jobs and prevent malicious modification to these jobs, crontab files must be secured.","DCSL-1","List all crontabs on the system.  
# ls -lL /var/spool/cron/crontabs/

If any crontab is not owned by root or the creating user, this is a finding.","Change the crontab owner to root or the crontab creator.
# chown root <crontab file>","","","false","","","","","System Administrator","","M","Unclass","Solaris 10 SPARC Security Technical Implementation Guide :: Version 1, Release: 24 Benchmark Date: 25 Jan 2019","24","CCI-000225
The organization employs the concept of least privilege, allowing only authorized accesses for users (and processes acting on behalf of users) which are necessary to accomplish assigned tasks in accordance with organizational missions and business functions.
NIST SP 800-53 :: AC-6
NIST SP 800-53A :: AC-6.1
NIST SP 800-53 Revision 4 :: AC-6

",
"V-11995","medium","GEN003060","SV-27335r1_rule","GEN003060","Default system accounts (with the exception of root) must not be listed in the cron.allow file or must be included in the cron.deny file, if cron.allow does not exist.","To centralize the management of privileged account crontabs, of the default system accounts, only root may have a crontab.","ECPA-1","Check the cron.allow and cron.deny files for the system.
# more /etc/cron.d/cron.allow
# more /etc/cron.d/cron.deny
If a default system account (such as bin, sys, adm, or others) is listed in the cron.allow file, or not listed in the cron.deny file if no cron.allow file exists, this is a finding.","Remove default system accounts (such as bin, sys, adm, or others) from the cron.allow file if it exists, or add those accounts to the cron.deny file.","","","false","","","","","System Administrator","","M","Unclass","Solaris 10 SPARC Security Technical Implementation Guide :: Version 1, Release: 24 Benchmark Date: 25 Jan 2019","24","CCI-000225
The organization employs the concept of least privilege, allowing only authorized accesses for users (and processes acting on behalf of users) which are necessary to accomplish assigned tasks in accordance with organizational missions and business functions.
NIST SP 800-53 :: AC-6
NIST SP 800-53A :: AC-6.1
NIST SP 800-53 Revision 4 :: AC-6

",
"V-11996","low","GEN003500","SV-27400r1_rule","GEN003500","Process core dumps must be disabled unless needed.","Process core dumps contain the memory in use by the process when it crashed.  Process core dump files can be of significant size and their use can result in file systems filling to capacity, which may result in Denial of Service.  Process core dumps can be useful for software debugging.  ","ECCD-1, ECCD-2","Check the process core dump configuration.
# coreadm |grep enabled
OR
# egrep ""COREADM_.*_ENABLED"" /etc/coreadm.conf.

If any lines are returned by coreadm or if any lines are not set to no in /etc/coreadm.conf, this is a finding.

# grep coredumpsize /etc/system
If the value is 1, this is a finding.","Change the process core dump configuration.
# coreadm -d global
# coreadm -d process
# coreadm -d global-setid
# coreadm -d proc-setid
# coreadm -d log

Edit /etc/system and remove the coredumpsize parameter.","","","false","","","","","System Administrator","","M","Unclass","Solaris 10 SPARC Security Technical Implementation Guide :: Version 1, Release: 24 Benchmark Date: 25 Jan 2019","24","CCI-000366
The organization implements the security configuration settings.
NIST SP 800-53 :: CM-6 b
NIST SP 800-53A :: CM-6.1 (iv)
NIST SP 800-53 Revision 4 :: CM-6 b

",
"V-11997","low","GEN003520","SV-27407r1_rule","GEN003520","The kernel core dump data directory must be owned by root.","Kernel core dumps may contain the full contents of system memory at the time of the crash.  As the system memory may contain sensitive information, it must be protected accordingly. If the kernel core dump data directory is not owned by root, the core dumps contained in the directory may be subject to unauthorized access.","ECLP-1","Check the ownership of the kernel core dump data directory.

# ls -ld /var/crash
OR
# ls -ld `grep DUMPADM_SAVDIR /etc/dumpadm.conf | cut -d= -f2`

If the kernel core dump data directory is not owned by root, this is a finding.","Change the owner of the kernel core dump data directory to root. 
# chown root /var/crash","","","false","","","","","System Administrator","","M","Unclass","Solaris 10 SPARC Security Technical Implementation Guide :: Version 1, Release: 24 Benchmark Date: 25 Jan 2019","24","CCI-000225
The organization employs the concept of least privilege, allowing only authorized accesses for users (and processes acting on behalf of users) which are necessary to accomplish assigned tasks in accordance with organizational missions and business functions.
NIST SP 800-53 :: AC-6
NIST SP 800-53A :: AC-6.1
NIST SP 800-53 Revision 4 :: AC-6

",
"V-11999","medium","GEN003540","SV-27412r2_rule","GEN003540","The system must implement non-executable program stacks.","A common type of exploit is the stack buffer overflow.  An application receives, from an attacker, more data than it is prepared for and stores this information on its stack, writing beyond the space reserved for it.  This can be designed to cause execution of the data written on the stack.  One mechanism to mitigate this vulnerability is for the system to not allow the execution of instructions in sections of memory identified as part of the stack.","","This check applies to the global zone only. Determine the type of zone that you are currently securing.

# zonename

If the command output is ""global"", this check applies.

Determine if the system implements non-executable program stacks.
# grep noexec_user_stack /etc/system

If the noexec_user_stack is not set to 1, this is a finding.","This action applies to the global zone only. Determine the type of zone that you are currently securing.

# zonename

If the command output is ""global"", this action applies.

Edit /etc/system and set the noexec_user_stack parameter to 1.  Restart the system for the setting to take effect.","","","false","","","","","System Administrator","","M","Unclass","Solaris 10 SPARC Security Technical Implementation Guide :: Version 1, Release: 24 Benchmark Date: 25 Jan 2019","24","CCI-000366
The organization implements the security configuration settings.
NIST SP 800-53 :: CM-6 b
NIST SP 800-53A :: CM-6.1 (iv)
NIST SP 800-53 Revision 4 :: CM-6 b

",
"V-12001","medium","GEN003580","SV-27416r1_rule","GEN003580","The system must use initial TCP sequence numbers most resistant to sequence number guessing attacks.","One use of initial TCP sequence numbers is to verify bidirectional communication between two hosts, which provides some protection against spoofed source addresses being used by the connection originator.  If the initial TCP sequence numbers for a host can be determined by an attacker, it may be possible to establish a TCP connection from a spoofed source address without bidirectional communication.","ECSC-1","# grep ""TCP_STRONG_ISS=2"" /etc/default/inetinit
If this variable is not set, this is a finding.","Edit /etc/default/inetinit and set the TCP_STRONG_ISS parameter to 2.","","","false","","","","","System Administrator","","M","Unclass","Solaris 10 SPARC Security Technical Implementation Guide :: Version 1, Release: 24 Benchmark Date: 25 Jan 2019","24","CCI-001436
The organization disables organization defined networking protocols within the information system deemed to be nonsecure except for explicitly identified components in support of specific operational requirements.
NIST SP 800-53 :: AC-17 (8)
NIST SP 800-53A :: AC-17 (8).1 (ii)

",
"V-12002","medium","GEN003600","SV-27420r2_rule","GEN003600","The system must not forward IPv4 source-routed packets.","Source-routed packets allow the source of the packet to suggest that routers forward the packet along a different path than configured on the router, which can be used to bypass network security measures.  This requirement applies only to the forwarding of source-routed traffic, such as when IPv4 forwarding is enabled and the system is functioning as a router.","","Determine the type of zone that you are currently securing.
# zonename

If the zone is not the global zone, determine if any interfaces are exclusive to the zone:
# dladm show-link

If the output indicates ""insufficient privileges"" then this requirement is not applicable.

If the zone is the global zone or the non-global zone has exclusive interfaces verify the network settings: 

# ndd /dev/ip ip_forward_src_routed
If the returned value is not 0, this is a finding.","Configure the system to not forward IPv4 source-routed packets.
Procedure:
# ndd /dev/ip ip_forward_src_routed 0

This command must also be added to a system startup script.","","","false","","","","","System Administrator","","M","Unclass","Solaris 10 SPARC Security Technical Implementation Guide :: Version 1, Release: 24 Benchmark Date: 25 Jan 2019","24","CCI-001551
The organization defines approved authorizations for controlling the flow of information between interconnected systems.
NIST SP 800-53 :: AC-4
NIST SP 800-53A :: AC-4.1 (ii)
NIST SP 800-53 Revision 4 :: AC-4

",
"V-12003","low","GEN003620","SV-28618r3_rule","GEN003620","A separate file system must be used for user home directories (such as /home or equivalent).","The use of separate file systems for different paths can protect the system from failures resulting from a file system becoming full or failing.","ECSC-1","Determine if the /export/home path is a separate file system.

# grep /export/home /etc/vfstab

If no result is returned, /export/home is not on a separate file system and this is a finding.

If ZFS is used for home directories, this is not applicable.","Migrate the /export/home path onto a separate file system.","","","true","","","","","System Administrator","","M","Unclass","Solaris 10 SPARC Security Technical Implementation Guide :: Version 1, Release: 24 Benchmark Date: 25 Jan 2019","24","CCI-001208
The organization partitions the information system into components residing in separate physical domains (or environments) as deemed necessary.
NIST SP 800-53 :: SC-32
NIST SP 800-53A :: SC-32.1

",
"V-12004","medium","GEN003660","SV-12505r2_rule","GEN003660","The system must log authentication informational data.","Monitoring and recording successful and unsuccessful logins assists in tracking unauthorized access to the system.","ECAR-2, ECAR-3","Check /etc/syslog.conf and verify the auth facility is logging both the notice and info level messages by using one of the procedures below.

# grep ""auth.notice"" /etc/syslog.conf
# grep ""auth.info"" /etc/syslog.conf
OR
# grep 'auth.*' /etc/syslog.conf

If auth.* is not found, and either auth.notice or auth.info is not found, this is a finding.","Edit /etc/syslog.conf and add local log destinations for auth.* or both auth.notice and auth.info.","","","false","","","","","System Administrator","","M","Unclass","Solaris 10 SPARC Security Technical Implementation Guide :: Version 1, Release: 24 Benchmark Date: 25 Jan 2019","24","CCI-000126
The organization determines that the organization-defined subset of the auditable events defined in AU-2 are to be audited within the information system.
NIST SP 800-53 :: AU-2 d
NIST SP 800-53A :: AU-2.1 (v)
NIST SP 800-53 Revision 4 :: AU-2 d

",
"V-12005","medium","GEN003700","SV-27426r1_rule","GEN003700","Inetd and xinetd must be disabled or removed if no network services utilizing them are enabled.","Unnecessary services should be disabled to decrease the attack surface of the system.","ECSC-1","Determine if inetd is running,
# svcs -a | grep inetd
If inetd is not running, this check is not a finding.
# inetadm | grep -v disabled
If no enabled/online services are found, yet the inetd daemon is running, this is a finding.","Disable the inetd service.

Procedure:
# svcadm disable inetd","","","false","","","","","System Administrator","","M","Unclass","Solaris 10 SPARC Security Technical Implementation Guide :: Version 1, Release: 24 Benchmark Date: 25 Jan 2019","24","CCI-000305
The organization develops a list of software programs not authorized to execute on the information system.
NIST SP 800-53 :: CM-2 (4) (a)
NIST SP 800-53A :: CM-2 (4).1 (i)
NIST SP 800-53 :: CM-7 (2)
NIST SP 800-53A :: CM-7 (2).1 (i)

",
"V-12006","medium","GEN004540","SV-42309r1_rule","GEN004540","The SMTP service HELP command must not be enabled.","The HELP command should be disabled to mask version information. The version of the SMTP service software could be used by attackers to target vulnerabilities present in specific software versions.","ECSC-1","Check if Help is disabled in Sendmail.

Procedure:
# telnet <host> 25
> help

If the help command returns any Sendmail version information, this is a finding.

If telnet is unavailable for testing, check the value of the HelpFile parameter in the sendmail.cf file.

# grep HelpFile /etc/mail/sendmail.cf

If the contents of the file indicated by the HelpFile parameter contains any Sendmail version information, this is a finding.","To disable the SMTP HELP command, clear the Sendmail help file.
# echo > /etc/mail/helpfile","","","false","","","","","System Administrator","","M","Unclass","Solaris 10 SPARC Security Technical Implementation Guide :: Version 1, Release: 24 Benchmark Date: 25 Jan 2019","24","CCI-000366
The organization implements the security configuration settings.
NIST SP 800-53 :: CM-6 b
NIST SP 800-53A :: CM-6.1 (iv)
NIST SP 800-53 Revision 4 :: CM-6 b

",
"V-12010","medium","GEN004800","SV-28635r1_rule","GEN004800","Unencrypted FTP must not be used on the system.","FTP is typically unencrypted and, therefore, presents confidentiality and integrity risks.  FTP may be protected by encryption in certain cases, such as when used in a Kerberos environment.   SFTP and FTPS are encrypted alternatives to FTP.","ECSC-1","Perform the following to determine if unencrypted FTP is enabled.

# svcs ftp

If FTP is enabled, ask the SA if it is encrypted.  If it is not, this is a finding.","# svcadm disable ftp
","","","true","","","","","System Administrator","","M","Unclass","Solaris 10 SPARC Security Technical Implementation Guide :: Version 1, Release: 24 Benchmark Date: 25 Jan 2019","24","CCI-000366
The organization implements the security configuration settings.
NIST SP 800-53 :: CM-6 b
NIST SP 800-53A :: CM-6.1 (iv)
NIST SP 800-53 Revision 4 :: CM-6 b

",
"V-12011","medium","GEN005040","SV-12512r2_rule","GEN005040","All FTP users must have a default umask of 077.","The umask controls the default access mode assigned to newly created files.  An umask of 077 limits new files to mode 700 or less permissive.  Although umask is stored as a 4-digit number, the first digit representing special access modes is typically ignored or required to be 0.","ECCD-1, ECCD-2","Check the umask setting for the FTP user.

Procedure:
# su - ftp
$ umask

If the umask value does not return 077, this is a finding.","Edit the initialization files for the FTP user and set the umask to 077.","","","false","","","","","System Administrator","","M","Unclass","Solaris 10 SPARC Security Technical Implementation Guide :: Version 1, Release: 24 Benchmark Date: 25 Jan 2019","24","CCI-000225
The organization employs the concept of least privilege, allowing only authorized accesses for users (and processes acting on behalf of users) which are necessary to accomplish assigned tasks in accordance with organizational missions and business functions.
NIST SP 800-53 :: AC-6
NIST SP 800-53A :: AC-6.1
NIST SP 800-53 Revision 4 :: AC-6

",
"V-12014","medium","GEN005180","SV-12515r2_rule","GEN005180","All .Xauthority files must have mode 0600 or less permissive.",".Xauthority files ensure the user is authorized to access the specific X Windows host.  Excessive permissions may permit unauthorized modification of these files, which could lead to Denial of Service to authorized access or allow unauthorized access to be obtained.","ECLP-1","Check the file permissions for the .Xauthority files in the home directories of users of X.

Procedure:
# cd ~<X user>
# ls -lL .Xauthority

If the file mode is more permissive than 0600, this is finding.
","Change the mode of the .Xauthority files.

Procedure:
# chmod 0600 .Xauthority","","","false","","","","","System Administrator","","M","Unclass","Solaris 10 SPARC Security Technical Implementation Guide :: Version 1, Release: 24 Benchmark Date: 25 Jan 2019","24","CCI-000225
The organization employs the concept of least privilege, allowing only authorized accesses for users (and processes acting on behalf of users) which are necessary to accomplish assigned tasks in accordance with organizational missions and business functions.
NIST SP 800-53 :: AC-6
NIST SP 800-53A :: AC-6.1
NIST SP 800-53 Revision 4 :: AC-6

",
"V-12016","medium","GEN005220","SV-12517r2_rule","GEN005220",".Xauthority or X*.hosts (or equivalent) file(s) must be used to restrict access to the X server.","If access to the X server is not restricted, a user's X session may be compromised.","ECCD-1, ECCD-2","Determine if the X server is running.
Procedure:
# ps -ef |grep X

Determine if xauth is being used.
Procedure:
# xauth
xauth> list

If the above command sequence does not show any host other than the localhost, then xauth is not being used.

Search the system for an X*.hosts files, where * is a display number that may be used to limit X window connections.  If no files are found, X*.hosts files are not being used.  If the X*.hosts files contain any unauthorized hosts, this is a finding.

If both xauth and X*.hosts files are not being used, this is a finding.","Create an X*.hosts file, where * is a display number that may be used to limit X window connections.  Add the list of authorized X clients to the file.","","","false","","","","","System Administrator","","M","Unclass","Solaris 10 SPARC Security Technical Implementation Guide :: Version 1, Release: 24 Benchmark Date: 25 Jan 2019","24","CCI-000297
The organization reviews and updates the baseline configuration of the information system when required due to organization defined circumstances.
NIST SP 800-53 :: CM-2 (1) (b)
NIST SP 800-53A :: CM-2 (1).1 (ii)
NIST SP 800-53 Revision 4 :: CM-2 (1) (b)

",
"V-12017","medium","GEN005240","SV-12518r2_rule","GEN005240","The .Xauthority utility must only permit access to authorized hosts.","If unauthorized clients are permitted access to the X server, a user's X session may be compromised.","ECCD-1, ECCD-2","Check the X Window system access is limited to authorized clients.

Procedure:
# xauth
xauth> list

Ask the SA if the clients listed are authorized.  If any are not, this is a finding.","Remove unauthorized clients from the xauth configuration.
# xauth remove <display name>","","","false","","","","","System Administrator","","M","Unclass","Solaris 10 SPARC Security Technical Implementation Guide :: Version 1, Release: 24 Benchmark Date: 25 Jan 2019","24","CCI-000225
The organization employs the concept of least privilege, allowing only authorized accesses for users (and processes acting on behalf of users) which are necessary to accomplish assigned tasks in accordance with organizational missions and business functions.
NIST SP 800-53 :: AC-6
NIST SP 800-53A :: AC-6.1
NIST SP 800-53 Revision 4 :: AC-6

",
"V-12018","medium","GEN005260","SV-12519r2_rule","GEN005260","X Window System connections that are not required must be disabled.","If unauthorized clients are permitted access to the X server, a user's X session may be compromised.","ECSC-1","Determine if the X Window system is running.

Procedure:
# ps -ef |grep X

Ask the SA if the X Window system is an operational requirement. If it is not, this is a finding.","Disable the X Windows server on the system.","","","false","","","","","System Administrator","","M","Unclass","Solaris 10 SPARC Security Technical Implementation Guide :: Version 1, Release: 24 Benchmark Date: 25 Jan 2019","24","CCI-001436
The organization disables organization defined networking protocols within the information system deemed to be nonsecure except for explicitly identified components in support of specific operational requirements.
NIST SP 800-53 :: AC-17 (8)
NIST SP 800-53A :: AC-17 (8).1 (ii)

",
"V-12019","medium","GEN005360","SV-40274r2_rule","GEN005360","The snmpd.conf files must be owned by root.","The snmpd.conf files contain authenticators and must be protected from unauthorized access and modification.  If the files are not owned by root, they may be subject to access and modification from unauthorized users.","","Determine the owner of the SNMP configuration files. 

Procedure:

# ls -lL /etc/sma/snmp/snmpd.conf /etc/snmp/conf/snmpd.conf /var/sma_snmp/snmpd.conf /usr/sfw/lib/sma_snmp/snmpd.conf

If the snmpd.conf files are not owned by root, this is a finding.","Change the owner of the snmpd.conf file to root.

Procedure:
# chown root <snmpd.conf file> ","","","false","","","","","System Administrator","","M","Unclass","Solaris 10 SPARC Security Technical Implementation Guide :: Version 1, Release: 24 Benchmark Date: 25 Jan 2019","24","CCI-000225
The organization employs the concept of least privilege, allowing only authorized accesses for users (and processes acting on behalf of users) which are necessary to accomplish assigned tasks in accordance with organizational missions and business functions.
NIST SP 800-53 :: AC-6
NIST SP 800-53A :: AC-6.1
NIST SP 800-53 Revision 4 :: AC-6

",
"V-12020","medium","GEN005440","SV-41515r1_rule","GEN005440","The system must not be used as a syslog server (log host) for systems external to the enclave.","Syslog messages are typically unencrypted and may contain sensitive information and are, therefore, restricted to the enclave.","ECSC-1","Ask the SA if the log host server is collecting data for hosts outside the local enclave.  If it is, this is a finding.","Configure the hosts outside of the local enclave to not log to this system.","","","false","","","","","System Administrator","","M","Unclass","Solaris 10 SPARC Security Technical Implementation Guide :: Version 1, Release: 24 Benchmark Date: 25 Jan 2019","24","CCI-000366
The organization implements the security configuration settings.
NIST SP 800-53 :: CM-6 b
NIST SP 800-53A :: CM-6.1 (iv)
NIST SP 800-53 Revision 4 :: CM-6 b

",
"V-12021","medium","GEN005480","SV-28431r1_rule","GEN005480","The syslog daemon must not accept remote messages unless it is a syslog server documented using site-defined procedures.","Unintentionally running a syslog server accepting remote messages puts the system at increased risk.  Malicious syslog messages sent to the server could exploit vulnerabilities in the server software itself, could introduce misleading information in to the system's logs, or could fill the system's storage leading to a Denial of Service.","ECSC-1","# svcprop system-log | grep log_from_remote

If the config/log_from_remote value is not false, this is a finding.
","# svccfg -s system-log setprop config/log_from_remote=false
# svcadm refresh system-log","","","false","","","","","System Administrator","","M","Unclass","Solaris 10 SPARC Security Technical Implementation Guide :: Version 1, Release: 24 Benchmark Date: 25 Jan 2019","24","CCI-000366
The organization implements the security configuration settings.
NIST SP 800-53 :: CM-6 b
NIST SP 800-53A :: CM-6.1 (iv)
NIST SP 800-53 Revision 4 :: CM-6 b

",
"V-12022","medium","GEN005540","SV-40279r1_rule","GEN005540","The SSH daemon must be configured for IP filtering.","The SSH daemon must be configured for IP filtering to provide a layered defense against connection attempts from unauthorized addresses.","ECSC-1","Check the TCP wrappers configuration files to determine if SSHD is configured to use TCP wrappers.

Procedure:
# egrep '^[^#:]*(ALL|sshd)' /etc/hosts.deny
# egrep '^[^#:]*(ALL|sshd)' /etc/hosts.allow

If neither of the hosts.deny or hosts.allow files exist, this is a finding.
If no entries are returned, the TCP wrappers are not configured for SSHD, this is a finding.","Add appropriate IP restrictions for SSH to the /etc/hosts.deny and/or /etc/hosts.allow files.","","","false","","","","","System Administrator","","M","Unclass","Solaris 10 SPARC Security Technical Implementation Guide :: Version 1, Release: 24 Benchmark Date: 25 Jan 2019","24","CCI-000366
The organization implements the security configuration settings.
NIST SP 800-53 :: CM-6 b
NIST SP 800-53A :: CM-6.1 (iv)
NIST SP 800-53 Revision 4 :: CM-6 b

",
"V-12023","medium","GEN005600","SV-28581r1_rule","GEN005600","IP forwarding for IPv4 must not be enabled, unless the system is a router.","If the system is configured for IP forwarding and is not a designated router, it could be used to bypass network security by providing a path for communication not filtered by network devices.","ECSC-1","Determine if the system is configured for IPv4 forwarding.
# svcs | grep svc:/network/ipv4-forwarding
If the service is enabled, this is a finding.","Disable IPv4 forwarding on the system.
# svcadm disable svc:/network/ipv4-forwarding
","","","false","","","","","System Administrator","","M","Unclass","Solaris 10 SPARC Security Technical Implementation Guide :: Version 1, Release: 24 Benchmark Date: 25 Jan 2019","24","CCI-000366
The organization implements the security configuration settings.
NIST SP 800-53 :: CM-6 b
NIST SP 800-53A :: CM-6.1 (iv)
NIST SP 800-53 Revision 4 :: CM-6 b

",
"V-12024","medium","GEN006000","SV-41525r1_rule","GEN006000","The system must not have a public Instant Messaging (IM) client installed.","Public Instant Messaging (IM) systems are not approved for use and may result in the unauthorized distribution of information. IM clients provide a way for a user to send a message to one or more other users in real time. Additional capabilities may include file transfer and support for distributed game playing. Communication between clients and associated directory services are managed through messaging servers. Commercial IM clients include AOL Instant Messenger (AIM), MSN Messenger, and Yahoo! Messenger.

IM clients present a security issue when the clients route messages through public servers. The obvious implication is potentially sensitive information could be intercepted or altered in the course of transmission. This same issue is associated with the use of public email servers. In order to reduce the potential for disclosure of sensitive Government information and to ensure the validity of official government information, IM clients connecting to public IM services will not be installed. Clients used to access internal or DoD-controlled IM services are permitted.","ECIM-1","If an IM client is installed, ask the SA if it has access to any public domain IM servers.  If it does have access to public servers, this is a finding.

","Uninstall the IM client from the system, or configure the client to only connect to DoD-approved IM services.
","","","false","","","","","System Administrator","","M","Unclass","Solaris 10 SPARC Security Technical Implementation Guide :: Version 1, Release: 24 Benchmark Date: 25 Jan 2019","24","CCI-000366
The organization implements the security configuration settings.
NIST SP 800-53 :: CM-6 b
NIST SP 800-53A :: CM-6.1 (iv)
NIST SP 800-53 Revision 4 :: CM-6 b

CCI-001154
The information system or supporting environment blocks both inbound and outbound traffic between instant messaging clients that are independently configured by end users and external service providers.
NIST SP 800-53 :: SC-15 (2)
NIST SP 800-53A :: SC-15 (2).1

",
"V-12025","medium","GEN006040","SV-12526r2_rule","GEN006040","The system must not have any peer-to-peer file-sharing application installed.","Peer-to-peer file-sharing software can result in the unintentional exfiltration of information.  There are also many legal issues associated with these types of utilities including copyright infringement or other intellectual property issues.  The ASD Memo ""Use of Peer-to-Peer (P2P) File-Sharing Applications across the DoD"" states the following:

“P2P file-sharing applications are authorized for use on DoD networks with approval by the appropriate Designated Approval Authority (DAA).  Documented requirements, security architecture, configuration management process, and a training program for users are all requirements within the approval process.  The unauthorized use of application or services, including P2P applications, is prohibited, and such applications or services must be eliminated.”

P2P applications include, but are not limited to, the following:

-Napster,
-Kazaa,
-ARES,
-Limewire,
-IRC Chat Relay, and
-BitTorrent.","ECSC-1","Ask the SA if any peer-to-peer file-sharing applications are installed.  Some examples of these applications include:

- Napster,
- Kazaa,
- ARES,
- Limewire,
- IRC Chat Relay, and
- BitTorrent.

If any of these applications are installed, this is a finding.","Uninstall the peer-to-peer file sharing application(s) from the system.","","","false","","","","","System Administrator","","M","Unclass","Solaris 10 SPARC Security Technical Implementation Guide :: Version 1, Release: 24 Benchmark Date: 25 Jan 2019","24","CCI-001436
The organization disables organization defined networking protocols within the information system deemed to be nonsecure except for explicitly identified components in support of specific operational requirements.
NIST SP 800-53 :: AC-17 (8)
NIST SP 800-53A :: AC-17 (8).1 (ii)

",
"V-12026","medium","GEN006420","SV-12527r2_rule","GEN006420","NIS maps must be protected through hard-to-guess domain names.","The use of hard-to-guess NIS domain names provides additional protection from unauthorized access to the NIS directory information.","ECSC-1","Check the domain name for NIS maps.

Procedure:
# domainname

If the name returned is simple to guess, such as the organization name, building, or room name, etc., this is a finding.","Change the NIS domain name to a value difficult to guess.  Consult vendor documentation for the required procedure.","","","false","","","","","System Administrator","","M","Unclass","Solaris 10 SPARC Security Technical Implementation Guide :: Version 1, Release: 24 Benchmark Date: 25 Jan 2019","24","CCI-000366
The organization implements the security configuration settings.
NIST SP 800-53 :: CM-6 b
NIST SP 800-53A :: CM-6.1 (iv)
NIST SP 800-53 Revision 4 :: CM-6 b

",
"V-12028","medium","GEN006560","SV-41530r1_rule","GEN006560","The system vulnerability assessment tool, host-based intrusion detection tool, and file integrity tool must notify the SA and the IAO of a security breach or a suspected security breach.","Timely notifications of potential security compromises minimize the potential damage.

Minimally, the system must log these events and the SA and the IAO will receive the notifications during the daily system log review.  If feasible, active alerting (such as email or paging) should be employed consistent with the site’s established operations management systems and procedures.","ECAT-1, ECAT-2","For each security tool on the system, determine if the tool is configured to notify the IAO and SA of any detected security problem.  If such notifications are not configured, this is a finding.","Configure the security tools on the system to notify the IAO and SA when any security issues are detected.","","","false","","","","","Information Assurance Officer","","M","Unclass","Solaris 10 SPARC Security Technical Implementation Guide :: Version 1, Release: 24 Benchmark Date: 25 Jan 2019","24","CCI-000366
The organization implements the security configuration settings.
NIST SP 800-53 :: CM-6 b
NIST SP 800-53A :: CM-6.1 (iv)
NIST SP 800-53 Revision 4 :: CM-6 b

CCI-001266
The information system notifies an organization-defined list of incident response personnel (identified by name and/or by role) of detected suspicious events.
NIST SP 800-53 :: SI-4 (7)
NIST SP 800-53A :: SI-4 (7).1 (iii)
NIST SP 800-53 Revision 4 :: SI-4 (7)

",
"V-12030","medium","GEN006620","SV-41532r1_rule","GEN006620","The system's access control program must be configured to grant or deny system access to specific hosts.","If the system's access control program is not configured with appropriate rules for allowing and denying access to system network resources, services may be accessible to unauthorized hosts.","ECSC-1","Check for the existence of the /etc/hosts.allow and /etc/hosts.deny files.

Procedure:
# ls -la /etc/hosts.allow
# ls -la /etc/hosts.deny

If either file does not exist, this is a finding.

Check for the presence of a default deny entry.

Procedure:
# grep ""ALL: ALL"" /etc/hosts.deny

If the ""ALL: ALL"" entry is not present in the /etc/hosts.deny file, any TCP service from a host or network not matching other rules will be allowed access.  If the entry is not in /etc/hosts.deny, this is a finding.","Edit the /etc/hosts.allow and /etc/hosts.deny files to configure access restrictions.
","","","false","","","","","System Administrator","","M","Unclass","Solaris 10 SPARC Security Technical Implementation Guide :: Version 1, Release: 24 Benchmark Date: 25 Jan 2019","24","CCI-000366
The organization implements the security configuration settings.
NIST SP 800-53 :: CM-6 b
NIST SP 800-53A :: CM-6.1 (iv)
NIST SP 800-53 Revision 4 :: CM-6 b

",
"V-12031","medium","GEN000000-SOL00020","SV-12532r3_rule","GEN000000-SOL00020","The nosuid option must be configured in the /etc/rmmount.conf file.","The rmmount.conf file controls the mounting of removable media on a Solaris system. Removable media is not to be trusted with privileged access, and therefore the filesystems must be mounted with the nosuid option, which prevents any executables with the setuid bit set on this filesystem from running with owner privileges.","","# grep mount /etc/rmmount.conf

Confirm the nosuid option is configured.

mount * hsfs udfs ufs -o nosuid

If the nosuid option is not configured in the /etc/rmmount.conf file, this is a finding.

","Edit /etc/rmmount.conf and add the nosuid mount option to the configuration.","","","false","","","","","System Administrator","","M","Unclass","Solaris 10 SPARC Security Technical Implementation Guide :: Version 1, Release: 24 Benchmark Date: 25 Jan 2019","24","CCI-000225
The organization employs the concept of least privilege, allowing only authorized accesses for users (and processes acting on behalf of users) which are necessary to accomplish assigned tasks in accordance with organizational missions and business functions.
NIST SP 800-53 :: AC-6
NIST SP 800-53A :: AC-6.1
NIST SP 800-53 Revision 4 :: AC-6

CCI-000366
The organization implements the security configuration settings.
NIST SP 800-53 :: CM-6 b
NIST SP 800-53A :: CM-6.1 (iv)
NIST SP 800-53 Revision 4 :: CM-6 b

",
"V-12032","medium","GEN000000-SOL00420","SV-12533r2_rule","GEN000000-SOL00420","Hidden extended file attributes must not exist on the system.","Solaris extended attributes are essentially files themselves that are of an arbitrary size and content.  They could be used to hide files from ordinary system file scans.","ECSC-1","Search for all files with hidden extended attributes.

# find / -xattr -print -exec runat {} ls -al \;

If hidden extended file attributes exist, this is a finding.
","Remove the hidden extended file attributes.
# runat <file name> rm <attribute name>
","","","false","","","","","System Administrator","","M","Unclass","Solaris 10 SPARC Security Technical Implementation Guide :: Version 1, Release: 24 Benchmark Date: 25 Jan 2019","24","CCI-000032
The information system enforces information flow control using organization-defined security policy filters as a basis for flow control decisions for organization-defined information flows.
NIST SP 800-53 :: AC-4 (8)
NIST SP 800-53A :: AC-4 (8).1 (ii)
NIST SP 800-53 Revision 4 :: AC-4 (8)

",
"V-12033","high","GEN000000-SOL00440","SV-12534r2_rule","GEN000000-SOL00440","The root account must be the only account with GID of 0.","Accounts with a GID of 0 have root group privileges.","IAIA-1, IAIA-2","Check passwd and group files for non-root user ids and group ids with a GID of 0.

# more /etc/passwd 
# more /etc/group

OR

# awk -F: '$4 == 0' /etc/passwd
# awk -F: '$3 == 0' /etc/group

Confirm the only account with a group id of 0 is root.

If the root account is not the only account with GID of 0, this is a finding.
","Change the default GID of non-root accounts to a valid GID other than 0.
","","","false","","","","","System Administrator","","M","Unclass","Solaris 10 SPARC Security Technical Implementation Guide :: Version 1, Release: 24 Benchmark Date: 25 Jan 2019","24","CCI-000225
The organization employs the concept of least privilege, allowing only authorized accesses for users (and processes acting on behalf of users) which are necessary to accomplish assigned tasks in accordance with organizational missions and business functions.
NIST SP 800-53 :: AC-6
NIST SP 800-53A :: AC-6.1
NIST SP 800-53 Revision 4 :: AC-6

CCI-000764
The information system uniquely identifies and authenticates organizational users (or processes acting on behalf of organizational users).
NIST SP 800-53 :: IA-2
NIST SP 800-53A :: IA-2.1
NIST SP 800-53 Revision 4 :: IA-2

",
"V-12049","medium","GEN003865","SV-40811r1_rule","GEN003865","Network analysis tools must not be installed.","Network analysis tools allow for the capture of network traffic visible to the system.","DCPA-1","Determine if any network analysis tools are installed.

Procedure:
# find / -name ethereal
# find / -name wireshark
# find / -name tshark
# find / -name netcat
# find / -name tcpdump
# find / -name snoop

If any network analysis tools are found, this is a finding.","Remove the network analysis tool binary from the system. The snoop binary is part of the SUNWrcmdc package, which may also be removed if none of its components are required.

Procedure:
# rm <binary>
# pkgrm SUNWrcmdc","","","false","","","","","System Administrator","","M","Unclass","Solaris 10 SPARC Security Technical Implementation Guide :: Version 1, Release: 24 Benchmark Date: 25 Jan 2019","24","CCI-000305
The organization develops a list of software programs not authorized to execute on the information system.
NIST SP 800-53 :: CM-2 (4) (a)
NIST SP 800-53A :: CM-2 (4).1 (i)
NIST SP 800-53 :: CM-7 (2)
NIST SP 800-53A :: CM-7 (2).1 (i)

",
"V-12765","medium","GEN006640","SV-28461r6_rule","GEN006640","The system must use a virus scan program.","Virus scanning software can be used to protect a system from penetration by computer viruses and to limit their spread through intermediate systems.","","The operator will ensure that anti-virus software is installed and operating.

If the operator is unable to provide a documented configuration for an installed anti-virus software system or if not properly used, this is a finding.","The operator will ensure that anti-virus software is installed and operating.","","","false","","","","","System Administrator","","M","Unclass","Solaris 10 SPARC Security Technical Implementation Guide :: Version 1, Release: 24 Benchmark Date: 25 Jan 2019","24","CCI-001668
The organization employs malicious code protection mechanisms at workstations, servers, or mobile computing devices on the network to detect and eradicate malicious code transported by electronic mail, electronic mail attachments, web accesses, removable media, or other common means or inserted through the exploitation of information system vulnerabilities.
NIST SP 800-53 :: SI-3 a
NIST SP 800-53A :: SI-3.1 (ii)

",
"V-22290","medium","GEN000241","SV-26291r2_rule","GEN000241","The system clock must be synchronized continuously.","A synchronized system clock is critical for the enforcement of time-based policies and the correlation of logs and audit records with other systems.  Internal system clocks tend to drift and require periodic resynchronization to ensure their accuracy.  Software, such as NTPD, can be used to continuously synchronize the system clock with authoritative sources.  Alternatively, the system may be synchronized periodically, with a maximum of one day between synchronizations.

If the system is completely isolated (no connections to networks or other systems), time synchronization is not required as no correlation of events or operation of time-dependent protocols between systems will be necessary. If the system is completely isolated, this requirement is not applicable.","","NTP must be used and used only in the global zone.  Determine the type of zone that you are currently securing.

# zonename

If the command output is not ""global"", then NTP must be disabled.  Check the system for a running NTP daemon.

# svcs -Ho state ntp

If NTP is online, this is a finding.

If the output from ""zonename"" is ""global"", then NTP must be enabled.  Check the system for a running NTP daemon.

# svcs -Ho state ntp

If NTP is not online, this is a finding.","Determine the type of zone that you are currently securing.

# zonename

If the command output is not ""global"", then NTP must be disabled.

# svcadm disable ntp

If the output from ""zonename"" is ""global"", then NTP must be enabled.  

# svcadm enable ntp","","","false","","","","","System Administrator","","M","Unclass","Solaris 10 SPARC Security Technical Implementation Guide :: Version 1, Release: 24 Benchmark Date: 25 Jan 2019","24","CCI-000366
The organization implements the security configuration settings.
NIST SP 800-53 :: CM-6 b
NIST SP 800-53A :: CM-6.1 (iv)
NIST SP 800-53 Revision 4 :: CM-6 b

",
"V-22291","medium","GEN000242","SV-26303r2_rule","GEN000242","The system must use at least two time sources for clock synchronization.","A synchronized system clock is critical for the enforcement of time-based policies and the correlation of logs and audit records with other systems.  For redundancy, two time sources are required so synchronization continues to function if one source fails.  

If the system is completely isolated (no connections to networks or other systems), time synchronization is not required as no correlation of events or operation of time-dependent protocols between systems will be necessary.  If the system is completely isolated, this requirement is not applicable.

NOTE:  For the Network Time Protocol (NTP), the requirement is two servers, but it is recommended to configure at least four distinct time servers which allow NTP to effectively exclude a time source not consistent with the others.  The system's local clock must be excluded from the count of time sources.","","Determine the zone that you are currently securing.

# zonename

If the command output is not ""global"", this is not applicable.

Check the NTP daemon configuration for at least two external servers.
# grep '^server' /etc/inet/ntp.conf | egrep -v '(127.127.1.1|127.127.1.0)'
If less than two servers or external reference clocks (127.127.x.x other than 127.127.1.0 or 127.127.1.1) are listed, this is a finding.","Add an additional server line to /etc/inet/ntp.conf for each additional NTP server.","","","false","","","","","System Administrator","","M","Unclass","Solaris 10 SPARC Security Technical Implementation Guide :: Version 1, Release: 24 Benchmark Date: 25 Jan 2019","24","CCI-000160
The information system synchronizes internal information system clocks on an organization defined frequency with an organization defined authoritative time source.
NIST SP 800-53 :: AU-8 (1)
NIST SP 800-53A :: AU-8 (1).1 (iii)

",
"V-22292","low","GEN000244","SV-26305r2_rule","GEN000244","The system must use time sources local to the enclave.","A synchronized system clock is critical for the enforcement of time-based policies and the correlation of logs and audit records with other systems.  The network architecture should provide multiple time servers within an enclave that provide local service to the enclave and synchronize with time sources outside of the enclave.

If this server is an enclave time server, this requirement is not applicable.

If the system is completely isolated (no connections to networks or other systems), time synchronization is not required as no correlation of events or operation of time-dependent protocols between systems will be necessary.  If the system is completely isolated, this requirement is not applicable.","","Determine the zone that you are currently securing.

# zonename

If the command output is not ""global"", this is not applicable.

Check the NTP daemon configuration. 
# grep '^server' /etc/inet/ntp.conf
If an NTP server is listed outside of the enclave, this is a finding.","Remove the server line from /etc/inet/ntp.conf for each NTP server that is external to the enclave.","","","false","","","","","System Administrator","","M","Unclass","Solaris 10 SPARC Security Technical Implementation Guide :: Version 1, Release: 24 Benchmark Date: 25 Jan 2019","24","CCI-000160
The information system synchronizes internal information system clocks on an organization defined frequency with an organization defined authoritative time source.
NIST SP 800-53 :: AU-8 (1)
NIST SP 800-53A :: AU-8 (1).1 (iii)

",
"V-22294","medium","GEN000250","SV-26293r1_rule","GEN000250","The time synchronization configuration file (such as /etc/ntp.conf) must be owned by root.","A synchronized system clock is critical for the enforcement of time-based policies and the correlation of logs and audit records with other systems.  If an illicit time source is used for synchronization, the integrity of system logs and the security of the system could be compromised.  If the configuration files controlling time synchronization are not owned by a system account, unauthorized modifications could result in the failure of time synchronization.","ECLP-1","Run ls -l /etc/inet/ntp.conf to display the owner of the NTP configuration file.  If the owner is not root, this is a finding.","Change the owner of the NTP configuration file to root.
# chown root /etc/inet/ntp.conf","","","false","","","","","System Administrator","","M","Unclass","Solaris 10 SPARC Security Technical Implementation Guide :: Version 1, Release: 24 Benchmark Date: 25 Jan 2019","24","CCI-000225
The organization employs the concept of least privilege, allowing only authorized accesses for users (and processes acting on behalf of users) which are necessary to accomplish assigned tasks in accordance with organizational missions and business functions.
NIST SP 800-53 :: AC-6
NIST SP 800-53A :: AC-6.1
NIST SP 800-53 Revision 4 :: AC-6

",
"V-22295","medium","GEN000251","SV-26296r1_rule","GEN000251","The time synchronization configuration file (such as /etc/ntp.conf) must be group-owned by root, bin, or sys.","A synchronized system clock is critical for the enforcement of time-based policies and the correlation of logs and audit records with other systems.  If an illicit time source is used for synchronization, the integrity of system logs and the security of the system could be compromised.  If the configuration files controlling time synchronization are not owned by a system group, unauthorized modifications could result in the failure of time synchronization.","ECLP-1","Check the group ownership of the NTP configuration file.

Procedure:
# ls -l /etc/inet/ntp.conf

If the group owner is not root, bin, or sys, this is a finding.","Change the group owner of the NTP configuration file.

Procedure:
# chgrp root /etc/inet/ntp.conf","","","false","","","","","System Administrator","","M","Unclass","Solaris 10 SPARC Security Technical Implementation Guide :: Version 1, Release: 24 Benchmark Date: 25 Jan 2019","24","CCI-000225
The organization employs the concept of least privilege, allowing only authorized accesses for users (and processes acting on behalf of users) which are necessary to accomplish assigned tasks in accordance with organizational missions and business functions.
NIST SP 800-53 :: AC-6
NIST SP 800-53A :: AC-6.1
NIST SP 800-53 Revision 4 :: AC-6

",
"V-22296","medium","GEN000252","SV-26298r1_rule","GEN000252","The time synchronization configuration file (such as /etc/ntp.conf) must have mode 0640 or less permissive.","A synchronized system clock is critical for the enforcement of time-based policies and the correlation of logs and audit records with other systems.  If an illicit time source is used for synchronization, the integrity of system logs and the security of the system could be compromised.  If the configuration files controlling time synchronization are not protected, unauthorized modifications could result in the failure of time synchronization.","ECLP-1","Verify the mode for the NTP configuration file is not more permissive than 0640.
# ls -l /etc/inet/ntp.conf

If the mode is more permissive than 0640, this is a finding.","Change the mode of the NTP configuration file to 0640 or less permissive.
# chmod 0640 /etc/inet/ntp.conf
","","","false","","","","","System Administrator","","M","Unclass","Solaris 10 SPARC Security Technical Implementation Guide :: Version 1, Release: 24 Benchmark Date: 25 Jan 2019","24","CCI-000225
The organization employs the concept of least privilege, allowing only authorized accesses for users (and processes acting on behalf of users) which are necessary to accomplish assigned tasks in accordance with organizational missions and business functions.
NIST SP 800-53 :: AC-6
NIST SP 800-53A :: AC-6.1
NIST SP 800-53 Revision 4 :: AC-6

",
"V-22297","medium","GEN000253","SV-26301r1_rule","GEN000253","The time synchronization configuration file (such as /etc/ntp.conf) must not have an extended ACL.","A synchronized system clock is critical for the enforcement of time-based policies and the correlation of logs and audit records with other systems.  If an illicit time source is used for synchronization, the integrity of system logs and the security of the system could be compromised.  If the configuration files controlling time synchronization are not protected, unauthorized modifications could result in the failure of time synchronization.","ECLP-1","Check for an extended ACL on the NTP configuration file.
# ls -l /etc/inet/ntp.conf
If the permissions contain a ""+"", the file has an extended ACL and this is a finding.","Remove the extended ACL from the file.
# chmod A- /etc/inet/ntp.conf","","","false","","","","","System Administrator","","M","Unclass","Solaris 10 SPARC Security Technical Implementation Guide :: Version 1, Release: 24 Benchmark Date: 25 Jan 2019","24","CCI-000225
The organization employs the concept of least privilege, allowing only authorized accesses for users (and processes acting on behalf of users) which are necessary to accomplish assigned tasks in accordance with organizational missions and business functions.
NIST SP 800-53 :: AC-6
NIST SP 800-53A :: AC-6.1
NIST SP 800-53 Revision 4 :: AC-6

",
"V-22299","low","GEN000452","SV-26310r1_rule","GEN000452","The system must display the date and time of the last successful account login upon login.","Providing users with feedback on when account accesses last occurred facilitates user recognition and reporting of unauthorized account use.","ECSC-1","Determine if the system displays the date and time of the last successful login upon logging in. This can be accomplished by logging into the system and verifying whether or not the necessary information is displayed. If the system does not provide this information upon login, this is a finding.

Last login information is provided automatically by the login(1) program for telnet and console login sessions.

Verify the SSH daemon is configured to display last login information.

# grep -i PrintLastLog /etc/ssh/sshd_config
If PrintLastLog is present in the configuration and not disabled, this is not a finding. Otherwise, this is a finding.","Configure the system to display the date and time of the last successful login upon logging in.

Enable PrintLastLog in the SSH daemon.

To enable PrintLastLog in the SSH daemon, remove any lines disabling this option from /etc/ssh/sshd_config.","","","false","","","","","System Administrator","","M","Unclass","Solaris 10 SPARC Security Technical Implementation Guide :: Version 1, Release: 24 Benchmark Date: 25 Jan 2019","24","CCI-000052
The information system notifies the user, upon successful logon (access) to the system, of the date and time of the last logon (access).
NIST SP 800-53 :: AC-9
NIST SP 800-53A :: AC-9.1
NIST SP 800-53 Revision 4 :: AC-9

",
"V-22301","low","GEN000510","SV-39865r1_rule","GEN000510","The system must display a publicly-viewable pattern during a graphical desktop environment session lock.","To protect the on-screen content of a session, it must be replaced with a publicly-viewable pattern upon session lock. Examples of publicly viewable patterns include screen saver patterns, photographic images, solid colors, or a blank screen, so long as none of those patterns convey sensitive information.

This requirement applies to graphical desktop environments provided by the system to locally attached displays and input devices, as well as, to graphical desktop environments provided to remote systems using remote access protocols.","PESL-1","Determine if a publicly-viewable pattern is displayed during a session lock. If the session lock pattern is not publicly-viewable, this is a finding.

Acceptable checks for settings.

# grep -i dtsession /etc/dt/config/C/sys.resources | egrep -i ""saverList|saverTimeout""

The saverTimeout value should be 15 (see GEN000500).
The saverList value of StartDtscreenBlank is an acceptable screensaver.","Edit the /etc/dt/config/C/sys.resources file and add/edit the following lines, using 15 for the saverTimeout, and using StartDtscreenBlank for the saverList.

dtsession*saverTimeout:  15
dtsession*saverList: StartDtscreenBlank","","","false","","","","","System Administrator","","M","Unclass","Solaris 10 SPARC Security Technical Implementation Guide :: Version 1, Release: 24 Benchmark Date: 25 Jan 2019","24","CCI-000061
The organization identifies and defines organization-defined user actions that can be performed on the information system without identification or authentication consistent with organizational missions/business functions.
NIST SP 800-53 :: AC-14 a
NIST SP 800-53A :: AC-14.1 (i)
NIST SP 800-53 Revision 4 :: AC-14 a

",
"V-22302","medium","GEN000585","SV-26318r1_rule","GEN000585","The system must enforce compliance of the entire password during authentication.","Some common password hashing schemes only process the first eight characters of a user's password, which reduces the effective strength of the password.","IAIA-1, IAIA-2","Verify no password hash in /etc/passwd or /etc/shadow begins with a character other than an underscore (_) or dollar sign ($).

# cut -d ':' -f2 /etc/passwd | egrep -v '^[*!$_]'
# cut -d ':' -f2 /etc/shadow | egrep -v '^[*!$_]'

If any unlocked password hash is present without an initial underscore (_) or dollar sign ($) character, this is a finding.","Edit /etc/security/policy.conf and add or change the CRYPT_DEFAULT setting to something other than __unix__, such as 6.  Allowable values for CRYPT_DEFAULT may be found in the /etc/security/crypt.conf file.

Change any passwords using non-compliant hashes.","","","false","","","","","System Administrator","","M","Unclass","Solaris 10 SPARC Security Technical Implementation Guide :: Version 1, Release: 24 Benchmark Date: 25 Jan 2019","24","CCI-000205
The information system enforces minimum password length.
NIST SP 800-53 :: IA-5 (1) (a)
NIST SP 800-53A :: IA-5 (1).1 (i)
NIST SP 800-53 Revision 4 :: IA-5 (1) (a)

",
"V-22303","medium","GEN000590","SV-40776r2_rule","GEN000590","The system must use a FIPS 140-2 approved cryptographic hashing algorithm for generating account password hashes.","Systems must employ cryptographic hashes for passwords using the SHA-2 family of algorithms or FIPS 140-2 approved successors. The use of unapproved algorithms may result in weak password hashes more vulnerable to compromise.","","Verify the traditional UNIX crypt algorithm is deprecated.
# egrep CRYPT_ALGORITHMS_ALLOW /etc/security/policy.conf
If CRYPT_ALGORITHMS_ALLOW is not set, is not set to ""6"", or is not set to ""5,6"", this is a finding.

Verify new password hashes are generated using either the SHA-256 or SHA-512 cryptographic hashing algorithm.
# egrep CRYPT_DEFAULT /etc/security/policy.conf
If CRYPT_DEFAULT is not set or is not equal to 5 or 6, this is a finding.","Edit the /etc/security/policy.conf file.
# vi /etc/security/policy.conf
Uncomment or add the CRYPT_ALGORITHMS_ALLOW line and set it to ""5,6"". Update the CRYPT_DEFAULT default line to be equal to 5 or 6. The following lines are acceptable.

CRYPT_ALGORITHMS_ALLOW=5,6
CRYPT_DEFAULT=6","","","false","","","","","System Administrator","","M","Unclass","Solaris 10 SPARC Security Technical Implementation Guide :: Version 1, Release: 24 Benchmark Date: 25 Jan 2019","24","CCI-000803
The information system implements mechanisms for authentication to a cryptographic module that meet the requirements of applicable federal laws, Executive Orders, directives, policies, regulations, standards, and guidance for such authentication.
NIST SP 800-53 :: IA-7
NIST SP 800-53A :: IA-7.1
NIST SP 800-53 Revision 4 :: IA-7

",
"V-22304","medium","GEN000595","SV-40790r2_rule","GEN000595","The password hashes stored on the system must have been generated using a FIPS 140-2 approved cryptographic hashing algorithm.","Systems must employ cryptographic hashes for passwords using the SHA-2 family of algorithms or FIPS 140-2 approved successors. The use of unapproved algorithms may result in weak password hashes more vulnerable to compromise.","","Determine if any password hashes stored on the system were not generated using a FIPS 140-2 approved cryptographic hashing algorithm.

Procedure:
# cut -d ':' -f2 /etc/passwd
# cut -d ':' -f2 /etc/shadow

If any password hashes are present not beginning with $5$ or $6$,  this is a finding.

Verify that FIPS 140-2 approved cryptographic hashing algorithms are available.
# egrep '^[56]' /etc/security/crypt.conf
If no lines are returned, this is a finding.","If the /etc/security/crypt.conf file does not support FIPS 140-2 approved cryptographic hashing algorithms, upgrade to at least the Solaris 10 8/07 release.

Edit the /etc/security/policy.conf file.
# vi /etc/security/policy.conf
Uncomment or add the CRYPT_ALGORITHMS_ALLOW line and set it to ""5,6"". Update the CRYPT_DEFAULT default line to be equal to 5 or 6. The following lines are acceptable.

CRYPT_ALGORITHMS_ALLOW=5,6
CRYPT_DEFAULT=6

Update passwords for all accounts with non-compliant password hashes.","","","false","","","","","System Administrator","","M","Unclass","Solaris 10 SPARC Security Technical Implementation Guide :: Version 1, Release: 24 Benchmark Date: 25 Jan 2019","24","CCI-000196
The information system, for password-based authentication, stores only encrypted representations of passwords.
NIST SP 800-53 :: IA-5 (1) (c)
NIST SP 800-53A :: IA-5 (1).1 (v)
NIST SP 800-53 Revision 4 :: IA-5 (1) (c)

",
"V-22306","medium","GEN000750","SV-26324r2_rule","GEN000750","The system must require at least eight characters be changed between the old and new passwords during a password change.","To ensure password changes are effective in their goals, the system must ensure old and new passwords have significant differences.  Without significant changes, new passwords may be easily guessed based on the value of a previously compromised password.","","Check /etc/default/passwd to verify the MINDIFF setting. 

# grep MINDIFF /etc/default/passwd

If the setting is not present, or is less than 8, this is a finding.","Edit /etc/default/passwd and set or add a MINDIFF setting equal to or greater than 8.","","","false","","","","","System Administrator","","M","Unclass","Solaris 10 SPARC Security Technical Implementation Guide :: Version 1, Release: 24 Benchmark Date: 25 Jan 2019","24","CCI-000195
The information system, for password-based authentication, when new passwords are created, enforces that at least an organization-defined number of characters are changed.
NIST SP 800-53 :: IA-5 (1) (b)
NIST SP 800-53A :: IA-5 (1).1 (v)
NIST SP 800-53 Revision 4 :: IA-5 (1) (b)

",
"V-22307","medium","GEN000790","SV-26345r1_rule","GEN000790","The system must prevent the use of dictionary words for passwords.","An easily guessable password provides an open door to any external or internal malicious intruder.  Many computer compromises occur as the result of account name and password guessing.  This is generally done by someone with an automated script using repeated logon attempts until the correct account and password pair is guessed.  Utilities, such as cracklib, can be used to validate passwords are not dictionary words and meet other criteria during password changes.","IAIA-1, IAIA-2","Check /etc/default/passwd for dictionary check configuration.

# grep DICTION /etc/default/passwd

If the DICTIONLIST or DICTIONDBDIR settings are not present, or are set to non-existent files or directories, this is a finding.","Edit /etc/default/passwd; add or set DICTIONLIST to the dictionary file and DICTIONDBDIR to a database directory such as /var/passwd.  Generate the password dictionary by running the mkpwdict command.","","","false","","","","","System Administrator","","M","Unclass","Solaris 10 SPARC Security Technical Implementation Guide :: Version 1, Release: 24 Benchmark Date: 25 Jan 2019","24","CCI-000189
The organization employs automated tools to determine if authenticators are sufficiently strong to resist attacks intended to discover or otherwise compromise the authenticators.
NIST SP 800-53 :: IA-5 (4)
NIST SP 800-53A :: IA-5 (4).1

",
"V-22308","low","GEN000850","SV-39876r1_rule","GEN000850","The system must restrict the ability to switch to the root user to members of a defined group.","Configuring a supplemental group for users permitted to switch to the root user prevents unauthorized users from accessing the root account, even with knowledge of the root credentials.","ECLP-1","Verify the root user is configured as a role, rather than a normal user.
# egrep '^root:' /etc/user_attr
If the returned line does not include ""type=role"", this is a finding.

Verify at least one local user has been assigned the root role.
# egrep '[:;]roles=[^;]*,?root([,;]|$)' /etc/user_attr
If no lines are returned, no users are permitted to assume the root role, this is a finding.","Convert the root user into a role.
# usermod -K type=role root

Add the root role to authorized users' logins.
# usermod -R root <userid>","","","false","","","","","System Administrator","","M","Unclass","Solaris 10 SPARC Security Technical Implementation Guide :: Version 1, Release: 24 Benchmark Date: 25 Jan 2019","24","CCI-000009
The organization manages information system accounts by identifying authorized users of the information system and specifying access privileges.
NIST SP 800-53 :: AC-2 c
NIST SP 800-53A :: AC-2.1 (i)

",
"V-22309","medium","GEN000930","SV-26353r1_rule","GEN000930","The root account's home directory must not have an extended ACL.","File system extended ACLs provide access to files beyond what is allowed by the mode numbers of the files.","ECLP-1","Verify the root account's home directory has no extended ACL.
# ls -ld ~root
If the permissions include a ""+"", the directory has an extended ACL and this is a finding.","Remove the extended ACL from the directory.
# chmod A- ~root","","","false","","","","","System Administrator","","M","Unclass","Solaris 10 SPARC Security Technical Implementation Guide :: Version 1, Release: 24 Benchmark Date: 25 Jan 2019","24","CCI-000225
The organization employs the concept of least privilege, allowing only authorized accesses for users (and processes acting on behalf of users) which are necessary to accomplish assigned tasks in accordance with organizational missions and business functions.
NIST SP 800-53 :: AC-6
NIST SP 800-53A :: AC-6.1
NIST SP 800-53 Revision 4 :: AC-6

",
"V-22310","medium","GEN000945","SV-26355r1_rule","GEN000945","The root account's library search path must be the system default and must contain only absolute paths.","The library search path environment variable(s) contain a list of directories for the dynamic linker to search to find libraries.  If this path includes the current working directory or other relative paths, libraries in these directories may be loaded instead of system libraries.  This variable is formatted as a colon-separated list of directories.  If there is an empty entry, such as a leading or trailing colon or two consecutive colons, this is interpreted as the current working directory.  Entries starting with a slash (/) are absolute paths.","ECSC-1","Verify the LD_LIBRARY_PATH environment variable is empty or not defined for the root user.
# echo $LD_LIBRARY_PATH
If a path list is returned, this is a finding.","Edit the root user initialization files and remove any definition of LD_LIBRARY_PATH.","","","false","","","","","System Administrator","","M","Unclass","Solaris 10 SPARC Security Technical Implementation Guide :: Version 1, Release: 24 Benchmark Date: 25 Jan 2019","24","CCI-000366
The organization implements the security configuration settings.
NIST SP 800-53 :: CM-6 b
NIST SP 800-53A :: CM-6.1 (iv)
NIST SP 800-53 Revision 4 :: CM-6 b

",
"V-22311","medium","GEN000950","SV-26357r1_rule","GEN000950","The root account's list of preloaded libraries must be empty.","The library preload list environment variable contains a list of libraries for the dynamic linker to load before loading the libraries required by the binary.  If this list contains paths to libraries relative to the current working directory, unintended libraries may be preloaded.  This variable is formatted as a space-separated list of libraries.  Paths starting with (/) are absolute paths.","ECSC-1","Verify the LD_PRELOAD environment variable is empty or not defined for the root user.
# echo $LD_PRELOAD
If a path list is returned, this is a finding.","Edit the root user initialization files and remove any definition of LD_PRELOAD.","","","false","","","","","System Administrator","","M","Unclass","Solaris 10 SPARC Security Technical Implementation Guide :: Version 1, Release: 24 Benchmark Date: 25 Jan 2019","24","CCI-000366
The organization implements the security configuration settings.
NIST SP 800-53 :: CM-6 b
NIST SP 800-53A :: CM-6.1 (iv)
NIST SP 800-53 Revision 4 :: CM-6 b

",
"V-22312","medium","GEN001170","SV-26358r1_rule","GEN001170","All files and directories must have a valid group-owner.","Files without a valid group-owner may be unintentionally inherited if a group is assigned the same GID as the GID of the files without a valid group-owner.","ECSC-1","Search the system for files without a valid group-owner.
# find / -nogroup -print
If any files are found, this is a finding.","Change the group owner for each file without a valid group owner.
# chgrp <a-valid-group> /tmp/a-file-without-a-valid-group-owner   ","","","false","","","","","System Administrator","","M","Unclass","Solaris 10 SPARC Security Technical Implementation Guide :: Version 1, Release: 24 Benchmark Date: 25 Jan 2019","24","CCI-000366
The organization implements the security configuration settings.
NIST SP 800-53 :: CM-6 b
NIST SP 800-53A :: CM-6.1 (iv)
NIST SP 800-53 Revision 4 :: CM-6 b

",
"V-22313","medium","GEN001190","SV-26361r1_rule","GEN001190","All network services daemon files must not have extended ACLs.","Restricting permission on daemons will protect them from unauthorized modification and possible system compromise.","ECLP-1","Verify network services daemon files have no extended ACLs.
# ls -la /usr/sbin
# ls -la /usr/bin
If the permissions include a ""+"", the file has an extended ACL and this is a finding.
NOTE: Network daemons not residing in these directories (such as httpd or sshd) must also be checked for the correct permissions.

A way to locate network daemons, such as httpd and sshd, is with the ps command.
# ps -ef | egrep '(sshd|httpd)'","Remove the extended ACL from the file.
# chmod A- [file with extended ACL]","","","false","","","","","System Administrator","","M","Unclass","Solaris 10 SPARC Security Technical Implementation Guide :: Version 1, Release: 24 Benchmark Date: 25 Jan 2019","24","CCI-000225
The organization employs the concept of least privilege, allowing only authorized accesses for users (and processes acting on behalf of users) which are necessary to accomplish assigned tasks in accordance with organizational missions and business functions.
NIST SP 800-53 :: AC-6
NIST SP 800-53A :: AC-6.1
NIST SP 800-53 Revision 4 :: AC-6

",
"V-22314","medium","GEN001210","SV-26365r1_rule","GEN001210","All system command files must not have extended ACLs.","Restricting permissions will protect system command files from unauthorized modification.  System command files include files present in directories used by the operating system for storing default system executables and files present in directories included in the system's default executable search paths.","ECLP-1","Verify all system command files have no extended ACLs.
# ls -lL /etc /bin /usr/bin /usr/lbin /usr/ucb /sbin /usr/sbin
If the permissions include a ""+"", the file has an extended ACL, this is a finding.","Remove the extended ACL from the file. 
# chmod A- [file with extended ACL]","","","false","","","","","System Administrator","","M","Unclass","Solaris 10 SPARC Security Technical Implementation Guide :: Version 1, Release: 24 Benchmark Date: 25 Jan 2019","24","CCI-001499
The organization limits privileges to change software resident within software libraries.
NIST SP 800-53 :: CM-5 (6)
NIST SP 800-53A :: CM-5 (6).1
NIST SP 800-53 Revision 4 :: CM-5 (6)

",
"V-22315","medium","GEN001270","SV-26369r1_rule","GEN001270","System log files must not have extended ACLs, except as needed to support authorized software.","If the system log files are not protected, unauthorized users could change the logged data, eliminating its forensic value.  Authorized software may be given log file access through the use of extended ACLs when needed and configured to provide the least privileges required.","ECLP-1, ECTP-1","Verify all system log files have no extended ACLs.

Procedure: 
# ls -lL /var/adm 
If the permissions include a ""+"", the file has an extended ACL. If an extended ACL exists, verify with the SA if the ACL is required to support authorized software and provides the minimum necessary permissions. If an extended ACL exists that provides access beyond the needs of authorized software, this is a finding.","Remove the extended ACL from the file.
# chmod A- [file with extended ACL]","","","true","","","","","System Administrator","","M","Unclass","Solaris 10 SPARC Security Technical Implementation Guide :: Version 1, Release: 24 Benchmark Date: 25 Jan 2019","24","CCI-001314
The information system reveals error messages only to organization-defined personnel or roles.
NIST SP 800-53 :: SI-11 c
NIST SP 800-53A :: SI-11.1 (iv)
NIST SP 800-53 Revision 4 :: SI-11 b

",
"V-22316","low","GEN001290","SV-26373r1_rule","GEN001290","All manual page files must not have extended ACLs.","If manual pages are compromised, misleading information could be inserted, causing actions that may compromise the system.","ECLP-1","Verify all manual page files have no extended ACLs. Check environment variable $MANPATH for full list of manpage locations. 
# echo $MANPATH 
Check for ACLs, note only a partial list is presented below. 
# ls -lLR /usr/share/man /usr/sfw/man /usr/sfw/share/man

If the permissions include a ""+"", the file has an extended ACL and this is a finding.","Remove the extended ACL from the file.
# chmod A- [file with extended ACL]","","","false","","","","","System Administrator","","M","Unclass","Solaris 10 SPARC Security Technical Implementation Guide :: Version 1, Release: 24 Benchmark Date: 25 Jan 2019","24","CCI-000225
The organization employs the concept of least privilege, allowing only authorized accesses for users (and processes acting on behalf of users) which are necessary to accomplish assigned tasks in accordance with organizational missions and business functions.
NIST SP 800-53 :: AC-6
NIST SP 800-53A :: AC-6.1
NIST SP 800-53 Revision 4 :: AC-6

",
"V-22317","medium","GEN001310","SV-26377r1_rule","GEN001310","All library files must not have extended ACLs.","Unauthorized access could destroy the integrity of the library files.","ECLP-1","Verify system libraries have no extended ACLs. 

# ls -lL /usr/lib/* /lib/* /usr/sfw/lib

If the permissions include a ""+"", the file has an extended ACL and this is a finding. 
","Remove the extended ACL from the file.
# chmod A- [file with extended ACL]","","","false","","","","","System Administrator","","M","Unclass","Solaris 10 SPARC Security Technical Implementation Guide :: Version 1, Release: 24 Benchmark Date: 25 Jan 2019","24","CCI-001499
The organization limits privileges to change software resident within software libraries.
NIST SP 800-53 :: CM-5 (6)
NIST SP 800-53A :: CM-5 (6).1
NIST SP 800-53 Revision 4 :: CM-5 (6)

",
"V-22318","medium","GEN001361","SV-26388r1_rule","GEN001361","NIS/NIS+/yp command files must not have extended ACLs.","NIS/NIS+/yp files are part of the system's identification and authentication processes and are, therefore, critical to system security.  ACLs on these files could result in unauthorized modification, which could compromise these processes and the system.  ","ECLP-1","Verify NIS/NIS+/yp files have no extended ACLs.
# ls -lLRa /usr/lib/netsvc/yp /var/yp
If the permissions include a ""+"", the file has an extended ACL and this is a finding.","Remove the extended ACL from the directory and files.
# chmod -R A- /usr/lib/netsvc/yp /var/yp","","","false","","","","","System Administrator","","M","Unclass","Solaris 10 SPARC Security Technical Implementation Guide :: Version 1, Release: 24 Benchmark Date: 25 Jan 2019","24","CCI-000225
The organization employs the concept of least privilege, allowing only authorized accesses for users (and processes acting on behalf of users) which are necessary to accomplish assigned tasks in accordance with organizational missions and business functions.
NIST SP 800-53 :: AC-6
NIST SP 800-53A :: AC-6.1
NIST SP 800-53 Revision 4 :: AC-6

",
"V-22319","medium","GEN001362","SV-26395r1_rule","GEN001362","The /etc/resolv.conf file must be owned by root.","The resolv.conf (or equivalent) file configures the system's DNS resolver.  DNS is used to resolve host names to IP addresses.  If DNS configuration is modified maliciously, host name resolution may fail or return incorrect information.  DNS may be used by a variety of system security functions, such as time synchronization, centralized authentication, and remote system logging.
","ECLP-1","Verify the /etc/resolv.conf file is owned by root.

Procedure:
# ls -l /etc/resolv.conf
If the file is not owned by root, this is a finding.","Change the owner of the /etc/resolv.conf file to root.
# chown root /etc/resolv.conf","","","false","","","","","System Administrator","","M","Unclass","Solaris 10 SPARC Security Technical Implementation Guide :: Version 1, Release: 24 Benchmark Date: 25 Jan 2019","24","CCI-000225
The organization employs the concept of least privilege, allowing only authorized accesses for users (and processes acting on behalf of users) which are necessary to accomplish assigned tasks in accordance with organizational missions and business functions.
NIST SP 800-53 :: AC-6
NIST SP 800-53A :: AC-6.1
NIST SP 800-53 Revision 4 :: AC-6

",
"V-22320","medium","GEN001363","SV-39894r1_rule","GEN001363","The /etc/resolv.conf file must be group-owned by root, bin, or sys.","The resolv.conf (or equivalent) file configures the system's DNS resolver.  DNS is used to resolve host names to IP addresses.  If DNS configuration is modified maliciously, host name resolution may fail or return incorrect information.  DNS may be used by a variety of system security functions such as time synchronization, centralized authentication, and remote system logging.","ECLP-1","Check the group ownership of the resolv.conf file.

Procedure:
# ls -lL /etc/resolv.conf

If the file is not group owned by root, bin, or sys, this is a finding.","Change the group owner of the /etc/resolv.conf file to root, bin, or sys.

Procedure:
# chgrp root /etc/resolv.conf","","","false","","","","","System Administrator","","M","Unclass","Solaris 10 SPARC Security Technical Implementation Guide :: Version 1, Release: 24 Benchmark Date: 25 Jan 2019","24","CCI-000225
The organization employs the concept of least privilege, allowing only authorized accesses for users (and processes acting on behalf of users) which are necessary to accomplish assigned tasks in accordance with organizational missions and business functions.
NIST SP 800-53 :: AC-6
NIST SP 800-53A :: AC-6.1
NIST SP 800-53 Revision 4 :: AC-6

",
"V-22321","medium","GEN001364","SV-26397r1_rule","GEN001364","The /etc/resolv.conf file must have mode 0644 or less permissive.
","The resolv.conf (or equivalent) file configures the system's DNS resolver.  DNS is used to resolve host names to IP addresses.  If DNS configuration is modified maliciously, host name resolution may fail or return incorrect information.  DNS may be used by a variety of system security functions, such as time synchronization, centralized authentication, and remote system logging.","ECLP-1","Check the mode of the /etc/resolv.conf file.

Procedure:
# ls -l /etc/resolv.conf
If the file mode is more permissive than 0644, this is a finding.","Change the mode of the /etc/resolv.conf file to 0644 or less permissive.

# chmod 0644 /etc/resolv.conf","","","false","","","","","System Administrator","","M","Unclass","Solaris 10 SPARC Security Technical Implementation Guide :: Version 1, Release: 24 Benchmark Date: 25 Jan 2019","24","CCI-000225
The organization employs the concept of least privilege, allowing only authorized accesses for users (and processes acting on behalf of users) which are necessary to accomplish assigned tasks in accordance with organizational missions and business functions.
NIST SP 800-53 :: AC-6
NIST SP 800-53A :: AC-6.1
NIST SP 800-53 Revision 4 :: AC-6

",
"V-22322","medium","GEN001365","SV-26402r1_rule","GEN001365","The /etc/resolv.conf file must not have an extended ACL.","The resolv.conf (or equivalent) file configures the system's DNS resolver.  DNS is used to resolve host names to IP addresses.  If DNS configuration is modified maliciously, host name resolution may fail or return incorrect information.  DNS may be used by a variety of system security functions such as time synchronization, centralized authentication, and remote system logging.","ECLP-1","Verify /etc/resolv.conf has no extended ACL.
# ls -l /etc/resolv.conf
If the permissions include a ""+"", the file has an extended ACL, this is a finding.","Remove the extended ACL from the file.
# chmod A- /etc/resolv.conf","","","false","","","","","System Administrator","","M","Unclass","Solaris 10 SPARC Security Technical Implementation Guide :: Version 1, Release: 24 Benchmark Date: 25 Jan 2019","24","CCI-000225
The organization employs the concept of least privilege, allowing only authorized accesses for users (and processes acting on behalf of users) which are necessary to accomplish assigned tasks in accordance with organizational missions and business functions.
NIST SP 800-53 :: AC-6
NIST SP 800-53A :: AC-6.1
NIST SP 800-53 Revision 4 :: AC-6

",
"V-22323","medium","GEN001366","SV-26410r2_rule","GEN001366","The /etc/hosts file must be owned by root.","The /etc/hosts file (or equivalent) configures local host name to IP address mappings that typically take precedence over DNS resolution.  If this file is maliciously modified, it could cause the failure or compromise of security functions requiring name resolution, which may include time synchronization, centralized authentication, and remote system logging.","","Verify the /etc/hosts file is owned by root.

Procedure:
# ls -lL /etc/hosts
If the file is not owned by root, this is a finding.","Change the owner of the /etc/hosts file to root.

# chown root /etc/hosts","","","false","","","","","System Administrator","","M","Unclass","Solaris 10 SPARC Security Technical Implementation Guide :: Version 1, Release: 24 Benchmark Date: 25 Jan 2019","24","CCI-000225
The organization employs the concept of least privilege, allowing only authorized accesses for users (and processes acting on behalf of users) which are necessary to accomplish assigned tasks in accordance with organizational missions and business functions.
NIST SP 800-53 :: AC-6
NIST SP 800-53A :: AC-6.1
NIST SP 800-53 Revision 4 :: AC-6

",
"V-22324","medium","GEN001367","SV-39896r1_rule","GEN001367","The /etc/hosts file must be group-owned by root, bin, or sys.","The /etc/hosts file (or equivalent) configures local host name to IP address mappings that typically take precedence over DNS resolution.  If this file is maliciously modified, it could cause the failure or compromise of security functions requiring name resolution, which may include time synchronization, centralized authentication, and remote system logging.","ECLP-1","Check the /etc/hosts file's group ownership.

Procedure:
# ls -lL /etc/hosts

If the file is not group-owned by root, bin, or sys, this is a finding.","Change the group owner of the /etc/hosts file to root, sys, or bin.

Procedure:
# chgrp root /etc/hosts","","","false","","","","","System Administrator","","M","Unclass","Solaris 10 SPARC Security Technical Implementation Guide :: Version 1, Release: 24 Benchmark Date: 25 Jan 2019","24","CCI-000225
The organization employs the concept of least privilege, allowing only authorized accesses for users (and processes acting on behalf of users) which are necessary to accomplish assigned tasks in accordance with organizational missions and business functions.
NIST SP 800-53 :: AC-6
NIST SP 800-53A :: AC-6.1
NIST SP 800-53 Revision 4 :: AC-6

",
"V-22325","medium","GEN001368","SV-26412r1_rule","GEN001368","The /etc/hosts file must have mode 0644 or less permissive.","The /etc/hosts file (or equivalent) configures local host name to IP address mappings that typically take precedence over DNS resolution.  If this file is maliciously modified, it could cause the failure or compromise of security functions requiring name resolution, which may include time synchronization, centralized authentication, and remote system logging.","ECLP-1","Check the mode of the /etc/hosts file.

Procedure:
# ls -l /etc/hosts
If the file mode is more permissive than 0644, this is a finding.","Change the mode of the /etc/hosts file to 0644 or less permissive.

# chmod 0644 /etc/hosts","","","false","","","","","System Administrator","","M","Unclass","Solaris 10 SPARC Security Technical Implementation Guide :: Version 1, Release: 24 Benchmark Date: 25 Jan 2019","24","CCI-000225
The organization employs the concept of least privilege, allowing only authorized accesses for users (and processes acting on behalf of users) which are necessary to accomplish assigned tasks in accordance with organizational missions and business functions.
NIST SP 800-53 :: AC-6
NIST SP 800-53A :: AC-6.1
NIST SP 800-53 Revision 4 :: AC-6

",
"V-22326","medium","GEN001369","SV-26415r1_rule","GEN001369","The /etc/hosts file must not have an extended ACL.","The /etc/hosts file (or equivalent) configures local host name to IP address mappings that typically take precedence over DNS resolution.  If this file is maliciously modified, it could cause the failure or compromise of security functions requiring name resolution, which may include time synchronization, centralized authentication, and remote system logging.","ECLP-1","Verify /etc/hosts has no extended ACL.
# ls -lL /etc/hosts
If the permissions include a ""+"", the file has an extended ACL and this is a finding.","Remove the extended ACL from the file.
# chmod A- /etc/hosts","","","false","","","","","System Administrator","","M","Unclass","Solaris 10 SPARC Security Technical Implementation Guide :: Version 1, Release: 24 Benchmark Date: 25 Jan 2019","24","CCI-000225
The organization employs the concept of least privilege, allowing only authorized accesses for users (and processes acting on behalf of users) which are necessary to accomplish assigned tasks in accordance with organizational missions and business functions.
NIST SP 800-53 :: AC-6
NIST SP 800-53A :: AC-6.1
NIST SP 800-53 Revision 4 :: AC-6

",
"V-22327","medium","GEN001371","SV-26417r1_rule","GEN001371","The /etc/nsswitch.conf file must be owned by root.","The nsswitch.conf file (or equivalent) configures the source of a variety of system security information including account, group, and host lookups.  Malicious changes could prevent the system from functioning or compromise system security.","ECLP-1","Verify the /etc/nsswitch.conf file is owned by root.

Procedure:
# ls -l /etc/nsswitch.conf
If the file is not owned by root, this is a finding.","Change the owner of the /etc/nsswitch.conf file to root.

# chown root /etc/nsswitch.conf","","","false","","","","","System Administrator","","M","Unclass","Solaris 10 SPARC Security Technical Implementation Guide :: Version 1, Release: 24 Benchmark Date: 25 Jan 2019","24","CCI-000225
The organization employs the concept of least privilege, allowing only authorized accesses for users (and processes acting on behalf of users) which are necessary to accomplish assigned tasks in accordance with organizational missions and business functions.
NIST SP 800-53 :: AC-6
NIST SP 800-53A :: AC-6.1
NIST SP 800-53 Revision 4 :: AC-6

",
"V-22328","medium","GEN001372","SV-39897r1_rule","GEN001372","The /etc/nsswitch.conf file must be group-owned by root, bin, or sys.","The nsswitch.conf file (or equivalent) configures the source of a variety of system security information including account, group, and host lookups.  Malicious changes could prevent the system from functioning or compromise system security.","ECLP-1","Check the group ownership of the nsswitch.conf file.

Procedure:
# ls -lL /etc/nsswitch.conf

If the file is not group-owned by root, bin, or sys, this is a finding.","Change the group owner of the /etc/nsswitch.conf file to root, bin, or sys.

Procedure:
# chgrp root /etc/nsswitch.conf","","","false","","","","","System Administrator","","M","Unclass","Solaris 10 SPARC Security Technical Implementation Guide :: Version 1, Release: 24 Benchmark Date: 25 Jan 2019","24","CCI-000225
The organization employs the concept of least privilege, allowing only authorized accesses for users (and processes acting on behalf of users) which are necessary to accomplish assigned tasks in accordance with organizational missions and business functions.
NIST SP 800-53 :: AC-6
NIST SP 800-53A :: AC-6.1
NIST SP 800-53 Revision 4 :: AC-6

",
"V-22329","medium","GEN001373","SV-26419r1_rule","GEN001373","The /etc/nsswitch.conf file must have mode 0644 or less permissive.","The nsswitch.conf file (or equivalent) configures the source of a variety of system security information including account, group, and host lookups.  Malicious changes could prevent the system from functioning or compromise system security.","ECLP-1","Check the mode of the /etc/nsswitch.conf file.

Procedure:
# ls -l /etc/nsswitch.conf
If the file mode is more permissive than 0644, this is a finding.","Change the mode of the /etc/nsswitch.conf file to 0644 or less permissive.

Procedure:
# chmod 0644 /etc/nsswitch.conf","","","false","","","","","System Administrator","","M","Unclass","Solaris 10 SPARC Security Technical Implementation Guide :: Version 1, Release: 24 Benchmark Date: 25 Jan 2019","24","CCI-000225
The organization employs the concept of least privilege, allowing only authorized accesses for users (and processes acting on behalf of users) which are necessary to accomplish assigned tasks in accordance with organizational missions and business functions.
NIST SP 800-53 :: AC-6
NIST SP 800-53A :: AC-6.1
NIST SP 800-53 Revision 4 :: AC-6

",
"V-22330","medium","GEN001374","SV-26422r1_rule","GEN001374","The /etc/nsswitch.conf file must not have an extended ACL.","The nsswitch.conf file (or equivalent) configures the source of a variety of system security information including account, group, and host lookups.  Malicious changes could prevent the system from functioning or compromise system security.","ECLP-1","Verify /etc/nsswitch.conf has no extended ACL.

Procedure:
# ls -l /etc/nsswitch.conf
If the permissions include a ""+"", the file has an extended ACL and this is a finding.","Remove the extended ACL from the file.
# chmod A- /etc/nsswitch.conf","","","false","","","","","System Administrator","","M","Unclass","Solaris 10 SPARC Security Technical Implementation Guide :: Version 1, Release: 24 Benchmark Date: 25 Jan 2019","24","CCI-000225
The organization employs the concept of least privilege, allowing only authorized accesses for users (and processes acting on behalf of users) which are necessary to accomplish assigned tasks in accordance with organizational missions and business functions.
NIST SP 800-53 :: AC-6
NIST SP 800-53A :: AC-6.1
NIST SP 800-53 Revision 4 :: AC-6

",
"V-22332","medium","GEN001378","SV-26425r1_rule","GEN001378","The /etc/passwd file must be owned by root.","The /etc/passwd file contains the list of local system accounts.  It is vital to system security and must be protected from unauthorized modification.","ECLP-1","Verify the /etc/passwd file is owned by root.

Procedure:
# ls -l /etc/passwd
If the file is not owned by root, this is a finding.","Change the owner of the /etc/passwd file to root.

# chown root /etc/passwd","","","false","","","","","System Administrator","","M","Unclass","Solaris 10 SPARC Security Technical Implementation Guide :: Version 1, Release: 24 Benchmark Date: 25 Jan 2019","24","CCI-000225
The organization employs the concept of least privilege, allowing only authorized accesses for users (and processes acting on behalf of users) which are necessary to accomplish assigned tasks in accordance with organizational missions and business functions.
NIST SP 800-53 :: AC-6
NIST SP 800-53A :: AC-6.1
NIST SP 800-53 Revision 4 :: AC-6

",
"V-22333","medium","GEN001379","SV-39898r1_rule","GEN001379","The /etc/passwd file must be group-owned by root, bin, or sys.","The /etc/passwd file contains the list of local system accounts.  It is vital to system security and must be protected from unauthorized modification.","ECLP-1","Check the group ownership of the passwd file.

Procedure:
# ls -lL /etc/passwd

If the file is not group-owned by root, bin, or sys, this is a finding.","Change the group owner of the /etc/passwd file to root, bin, or sys.

Procedure:
# chgrp root /etc/passwd","","","false","","","","","System Administrator","","M","Unclass","Solaris 10 SPARC Security Technical Implementation Guide :: Version 1, Release: 24 Benchmark Date: 25 Jan 2019","24","CCI-000225
The organization employs the concept of least privilege, allowing only authorized accesses for users (and processes acting on behalf of users) which are necessary to accomplish assigned tasks in accordance with organizational missions and business functions.
NIST SP 800-53 :: AC-6
NIST SP 800-53A :: AC-6.1
NIST SP 800-53 Revision 4 :: AC-6

",
"V-22334","medium","GEN001390","SV-26429r1_rule","GEN001390","The /etc/passwd file must not have an extended ACL.","File system ACLs can provide access to files beyond what is allowed by the mode numbers of the files.  The /etc/passwd file contains the list of local system accounts. It is vital to system security and must be protected from unauthorized modification.","ECLP-1","Verify /etc/passwd has no extended ACL.
# ls -l /etc/passwd
If the permissions include a ""+"", the file has an extended ACL, this is a finding.","Remove the extended ACL from the file.
# chmod A- /etc/passwd
","","","false","","","","","System Administrator","","M","Unclass","Solaris 10 SPARC Security Technical Implementation Guide :: Version 1, Release: 24 Benchmark Date: 25 Jan 2019","24","CCI-000225
The organization employs the concept of least privilege, allowing only authorized accesses for users (and processes acting on behalf of users) which are necessary to accomplish assigned tasks in accordance with organizational missions and business functions.
NIST SP 800-53 :: AC-6
NIST SP 800-53A :: AC-6.1
NIST SP 800-53 Revision 4 :: AC-6

",
"V-22335","medium","GEN001391","SV-26431r1_rule","GEN001391","The /etc/group file must be owned by root.","The /etc/group file is critical to system security and must be owned by a privileged user.  The group file contains a list of system groups and associated information.","ECLP-1","Verify the /etc/group file is owned by root.

Procedure:
# ls -l /etc/group
If the file is not owned by root, this is a finding.","Change the owner of the /etc/group file to root.

# chown root /etc/group","","","false","","","","","System Administrator","","M","Unclass","Solaris 10 SPARC Security Technical Implementation Guide :: Version 1, Release: 24 Benchmark Date: 25 Jan 2019","24","CCI-000225
The organization employs the concept of least privilege, allowing only authorized accesses for users (and processes acting on behalf of users) which are necessary to accomplish assigned tasks in accordance with organizational missions and business functions.
NIST SP 800-53 :: AC-6
NIST SP 800-53A :: AC-6.1
NIST SP 800-53 Revision 4 :: AC-6

",
"V-22336","medium","GEN001392","SV-39899r1_rule","GEN001392","The /etc/group file must be group-owned by root, bin, or sys.","The /etc/group file is critical to system security and must be protected from unauthorized modification.  The group file contains a list of system groups and associated information.","ECLP-1","Check the group ownership of the /etc/group file.

Procedure:
# ls -lL /etc/group

If the file is not group-owned by root, bin, or sys, this is a finding.","Change the group owner of the /etc/group file.

Procedure:
# chgrp root /etc/group","","","false","","","","","System Administrator","","M","Unclass","Solaris 10 SPARC Security Technical Implementation Guide :: Version 1, Release: 24 Benchmark Date: 25 Jan 2019","24","CCI-000225
The organization employs the concept of least privilege, allowing only authorized accesses for users (and processes acting on behalf of users) which are necessary to accomplish assigned tasks in accordance with organizational missions and business functions.
NIST SP 800-53 :: AC-6
NIST SP 800-53A :: AC-6.1
NIST SP 800-53 Revision 4 :: AC-6

",
"V-22337","medium","GEN001393","SV-26433r1_rule","GEN001393","The /etc/group file must have mode 0644 or less permissive.","The /etc/group file is critical to system security and must be protected from unauthorized modification.  The group file contains a list of system groups and associated information.","ECLP-1","Check the mode of the /etc/group file.

Procedure:
# ls -l /etc/group
If the file mode is more permissive than 0644, this is a finding.","Change the mode of the /etc/group file to 0644 or less permissive.
# chmod 0644 /etc/group","","","false","","","","","System Administrator","","M","Unclass","Solaris 10 SPARC Security Technical Implementation Guide :: Version 1, Release: 24 Benchmark Date: 25 Jan 2019","24","CCI-000225
The organization employs the concept of least privilege, allowing only authorized accesses for users (and processes acting on behalf of users) which are necessary to accomplish assigned tasks in accordance with organizational missions and business functions.
NIST SP 800-53 :: AC-6
NIST SP 800-53A :: AC-6.1
NIST SP 800-53 Revision 4 :: AC-6

",
"V-22338","medium","GEN001394","SV-26436r1_rule","GEN001394","The /etc/group file must not have an extended ACL.","The /etc/group file is critical to system security and must be protected from unauthorized modification.  The group file contains a list of system groups and associated information.","ECLP-1","Verify /etc/group has no extended ACL.
# ls -l /etc/group
If the permissions include a ""+"", the file has an extended ACL and this is a finding.","Remove the extended ACL from the file.
# chmod A- /etc/group","","","false","","","","","System Administrator","","M","Unclass","Solaris 10 SPARC Security Technical Implementation Guide :: Version 1, Release: 24 Benchmark Date: 25 Jan 2019","24","CCI-000225
The organization employs the concept of least privilege, allowing only authorized accesses for users (and processes acting on behalf of users) which are necessary to accomplish assigned tasks in accordance with organizational missions and business functions.
NIST SP 800-53 :: AC-6
NIST SP 800-53A :: AC-6.1
NIST SP 800-53 Revision 4 :: AC-6

",
"V-22339","medium","GEN001410","SV-39900r1_rule","GEN001410","The /etc/shadow file (or equivalent) must be group-owned by root, bin, or sys.","The /etc/shadow file contains the list of local system accounts.  It is vital to system security and must be protected from unauthorized modification.  The file also contains password hashes which must not be accessible to users other than root.","ECLP-1","Check the ownership of the /etc/shadow file.

Procedure:
# ls -lL /etc/shadow

If the file is not group-owned by root, bin, or sys, this is a finding.","Change the group owner of the /etc/shadow file.

Procedure:
# chgrp root /etc/shadow","","","false","","","","","System Administrator","","M","Unclass","Solaris 10 SPARC Security Technical Implementation Guide :: Version 1, Release: 24 Benchmark Date: 25 Jan 2019","24","CCI-000225
The organization employs the concept of least privilege, allowing only authorized accesses for users (and processes acting on behalf of users) which are necessary to accomplish assigned tasks in accordance with organizational missions and business functions.
NIST SP 800-53 :: AC-6
NIST SP 800-53A :: AC-6.1
NIST SP 800-53 Revision 4 :: AC-6

",
"V-22340","medium","GEN001430","SV-26440r1_rule","GEN001430","The /etc/shadow file must not have an extended ACL.
","The /etc/shadow file contains the list of local system accounts.  It is vital to system security and must be protected from unauthorized modification.  The file also contains password hashes which must not be accessible to users other than root.","ECLP-1","Verify /etc/shadow has no extended ACL.
# ls -lL /etc/shadow

If the permissions include a '+', the file has an extended ACL and this is a finding.","Remove the extended ACL from the file.
# chmod A- /etc/shadow","","","false","","","","","System Administrator","","M","Unclass","Solaris 10 SPARC Security Technical Implementation Guide :: Version 1, Release: 24 Benchmark Date: 25 Jan 2019","24","CCI-000225
The organization employs the concept of least privilege, allowing only authorized accesses for users (and processes acting on behalf of users) which are necessary to accomplish assigned tasks in accordance with organizational missions and business functions.
NIST SP 800-53 :: AC-6
NIST SP 800-53A :: AC-6.1
NIST SP 800-53 Revision 4 :: AC-6

",
"V-22347","medium","GEN001470","SV-26467r1_rule","GEN001470","The /etc/passwd file must not contain password hashes.","If password hashes are readable by non-administrators, the passwords are subject to attack through lookup tables or cryptographic weaknesses in the hashes.","ECLP-1","Verify no password hashes are present in /etc/passwd.
# cut -d : -f 2 /etc/passwd | grep -v '^x$'
If any password hashes are returned, this is a finding.","Migrate /etc/passwd password hashes to /etc/shadow.
# pwconv   ","","","false","","","","","System Administrator","","M","Unclass","Solaris 10 SPARC Security Technical Implementation Guide :: Version 1, Release: 24 Benchmark Date: 25 Jan 2019","24","CCI-000201
The organization protects authenticators commensurate with the security category of the information to which use of the authenticator permits access.
NIST SP 800-53 :: IA-5 (6)
NIST SP 800-53A :: IA-5 (6).1
NIST SP 800-53 Revision 4 :: IA-5 (6)

",
"V-22348","medium","GEN001475","SV-26447r1_rule","GEN001475","The /etc/group file must not contain any group password hashes.","Group passwords are typically shared and should not be used.  Additionally, if password hashes are readable by non-administrators, the passwords are subject to attack through lookup tables or cryptographic weaknesses in the hashes.","ECLP-1","Check the /etc/group file for password hashes.
Procedure:
# cut -d : -f 2 /etc/group | egrep -v '^(x|!)$'
If any password hashes are returned, this is a finding.
If no password hashes are returned, there is no finding.","Edit /etc/group and change the password field to an exclamation point (!) to lock the group password.","","","false","","","","","System Administrator","","M","Unclass","Solaris 10 SPARC Security Technical Implementation Guide :: Version 1, Release: 24 Benchmark Date: 25 Jan 2019","24","CCI-000225
The organization employs the concept of least privilege, allowing only authorized accesses for users (and processes acting on behalf of users) which are necessary to accomplish assigned tasks in accordance with organizational missions and business functions.
NIST SP 800-53 :: AC-6
NIST SP 800-53A :: AC-6.1
NIST SP 800-53 Revision 4 :: AC-6

",
"V-22350","low","GEN001490","SV-26451r1_rule","GEN001490","User's home directories must not have extended ACLs.","Excessive permissions on home directories allow unauthorized access to user's files.","ECLP-1","Verify user's home directories have no extended ACLs.

# cut -d : -f 6 /etc/passwd | xargs -n1 ls -ld 

If the permissions include a ""+"", the file has an extended ACL, this is a finding.","Remove the extended ACL from the file.
# chmod A- [user home directory with extended ACL]","","","false","","","","","System Administrator","","M","Unclass","Solaris 10 SPARC Security Technical Implementation Guide :: Version 1, Release: 24 Benchmark Date: 25 Jan 2019","24","CCI-000225
The organization employs the concept of least privilege, allowing only authorized accesses for users (and processes acting on behalf of users) which are necessary to accomplish assigned tasks in accordance with organizational missions and business functions.
NIST SP 800-53 :: AC-6
NIST SP 800-53A :: AC-6.1
NIST SP 800-53 Revision 4 :: AC-6

",
"V-22351","medium","GEN001550","SV-39877r1_rule","GEN001550","All files and directories contained in user home directories must be group-owned by a group of which the home directory's owner is a member.","If a user's files are group-owned by a group of which the user is not a member, unintended users may be able to access them.","ECLP-1","Check the contents of user home directories for files group-owned by a group of which the home directory's owner is not a member.

1. List the user accounts.
# cut -d : -f 1/etc/passwd
2. For each user account, get a list of GIDs for files in the user's home directory.
# find < users home directory > -exec ls -lLd \;
3. Obtain the list of GIDs associated with the user's account.
# id  < user name >
4. Check the GID lists. If there are GIDs in the file list not present in the user list, this is a finding.","Change the group of a file not group-owned by a group where the home directory's owner is a member.
# chgrp < user's primary group > <file with bad group ownership >","","","false","","","","","System Administrator","","M","Unclass","Solaris 10 SPARC Security Technical Implementation Guide :: Version 1, Release: 24 Benchmark Date: 25 Jan 2019","24","CCI-000225
The organization employs the concept of least privilege, allowing only authorized accesses for users (and processes acting on behalf of users) which are necessary to accomplish assigned tasks in accordance with organizational missions and business functions.
NIST SP 800-53 :: AC-6
NIST SP 800-53A :: AC-6.1
NIST SP 800-53 Revision 4 :: AC-6

",
"V-22352","medium","GEN001570","SV-26456r1_rule","GEN001570","All files and directories contained in user home directories must not have extended ACLs.","Excessive permissions allow unauthorized access to user files.","ECLP-1","Check the contents of interactive user's home directories (99 < UID < 60000) for files with extended ACLs. 

# ls -alLR < users home dir >

If the permissions include a ""+"", the file has an extended ACL and this is a finding.","Remove the extended ACL from the file.
# chmod A- [user file with extended ACL]","","","false","","","","","System Administrator","","M","Unclass","Solaris 10 SPARC Security Technical Implementation Guide :: Version 1, Release: 24 Benchmark Date: 25 Jan 2019","24","CCI-000225
The organization employs the concept of least privilege, allowing only authorized accesses for users (and processes acting on behalf of users) which are necessary to accomplish assigned tasks in accordance with organizational missions and business functions.
NIST SP 800-53 :: AC-6
NIST SP 800-53A :: AC-6.1
NIST SP 800-53 Revision 4 :: AC-6

",
"V-22353","medium","GEN001590","SV-26460r1_rule","GEN001590","All run control scripts must have no extended ACLs.","If the startup files are writable by other users, they could modify the startup files to insert malicious commands into the startup files.","ECLP-1","Verify run control scripts have no extended ACLs.
# ls -lL /etc/rc* /etc/init.d
If the permissions include a ""+"", the file has an extended ACL and this is a finding.","Remove the extended ACL from the file.
# chmod A- [run control script with extended ACL]","","","false","","","","","System Administrator","","M","Unclass","Solaris 10 SPARC Security Technical Implementation Guide :: Version 1, Release: 24 Benchmark Date: 25 Jan 2019","24","CCI-000225
The organization employs the concept of least privilege, allowing only authorized accesses for users (and processes acting on behalf of users) which are necessary to accomplish assigned tasks in accordance with organizational missions and business functions.
NIST SP 800-53 :: AC-6
NIST SP 800-53A :: AC-6.1
NIST SP 800-53 Revision 4 :: AC-6

",
"V-22354","medium","GEN001605","SV-26462r3_rule","GEN001605","Run control scripts lists of preloaded libraries must contain only authorized paths.","The library preload list environment variable contains a list of libraries for the dynamic linker to load before loading the libraries required by the binary. If this list contains paths to libraries to the current working directory that have not been authorized, unintended libraries may be preloaded. This variable is formatted as a space-separated list of libraries. Paths starting with a slash (/) are absolute paths.","","Verify run control scripts' library preload list. 

Procedure:
# find /etc/rc* /etc/init.d -type f -print | xargs grep LD_PRELOAD


This variable is formatted as a colon-separated list of paths.

If there is an empty entry, such as a leading or trailing colon, or two consecutive colons, this is a finding.

If an entry begins with a character other than a slash (/), or has not been documented with the ISSO, this is a finding.
","Edit the run control script and remove the relative path entry from the library preload variables that are not documented with the ISSO. 

Edit the run control script and remove any empty entry that is defined.
","","","false","","","","","System Administrator","","M","Unclass","Solaris 10 SPARC Security Technical Implementation Guide :: Version 1, Release: 24 Benchmark Date: 25 Jan 2019","24","CCI-000366
The organization implements the security configuration settings.
NIST SP 800-53 :: CM-6 b
NIST SP 800-53A :: CM-6.1 (iv)
NIST SP 800-53 Revision 4 :: CM-6 b

",
"V-22355","medium","GEN001610","SV-26464r3_rule","GEN001610","Run control scripts lists of preloaded libraries must contain only authorized paths.","The library preload list environment variable contains a list of libraries for the dynamic linker to load before loading the libraries required by the binary. If this list contains paths to libraries to the current working directory that have not been authorized, unintended libraries may be preloaded. This variable is formatted as a space-separated list of libraries. Paths starting with a slash (/) are absolute paths.","","Verify run control scripts' library preload list. 

Procedure:
# find /etc/rc* /etc/init.d -type f -print | xargs grep LD_PRELOAD


This variable is formatted as a colon-separated list of paths.

If there is an empty entry, such as a leading or trailing colon, or two consecutive colons, this is a finding.

If an entry begins with a character other than a slash (/), or has not been documented with the ISSO, this is a finding.
","Edit the run control script and remove the relative path entry from the library preload variables that are not documented with the ISSO. 

Edit the run control script and remove any empty entry that is defined.
","","","false","","","","","System Administrator","","M","Unclass","Solaris 10 SPARC Security Technical Implementation Guide :: Version 1, Release: 24 Benchmark Date: 25 Jan 2019","24","CCI-000366
The organization implements the security configuration settings.
NIST SP 800-53 :: CM-6 b
NIST SP 800-53A :: CM-6.1 (iv)
NIST SP 800-53 Revision 4 :: CM-6 b

",
"V-22356","medium","GEN001730","SV-26471r1_rule","GEN001730","All global initialization files must not have extended ACLs.","Global initialization files are used to configure the user's shell environment upon login.  Malicious modification of these files could compromise accounts upon logon.","ECLP-1","Check global initialization files for extended ACLs.
# ls -lL /etc/profile /etc/bashrc /etc/csh.login /etc/csh.cshrc /etc/environment /etc/.login /etc/security/environ
If the permissions on an existing file include a ""+"", the file has an extended ACL, this is a finding.","Remove the extended ACL from the file.
# chmod A- [global initialization file with extended ACL]","","","false","","","","","System Administrator","","M","Unclass","Solaris 10 SPARC Security Technical Implementation Guide :: Version 1, Release: 24 Benchmark Date: 25 Jan 2019","24","CCI-000225
The organization employs the concept of least privilege, allowing only authorized accesses for users (and processes acting on behalf of users) which are necessary to accomplish assigned tasks in accordance with organizational missions and business functions.
NIST SP 800-53 :: AC-6
NIST SP 800-53A :: AC-6.1
NIST SP 800-53 Revision 4 :: AC-6

",
"V-22357","medium","GEN001810","SV-26475r1_rule","GEN001810","Skeleton files must not have extended ACLs.","If the skeleton files are not protected, unauthorized personnel could change user's startup parameters and possibly jeopardize user's files.","ECLP-1","Check skeleton files for extended ACLs.
# ls -alL /etc/skel
If the permissions include a ""+"", the file has an extended ACL and this is a finding.","Remove the extended ACL from the file.
# chmod A- [skeleton file with extended ACL]","","","false","","","","","System Administrator","","M","Unclass","Solaris 10 SPARC Security Technical Implementation Guide :: Version 1, Release: 24 Benchmark Date: 25 Jan 2019","24","CCI-000225
The organization employs the concept of least privilege, allowing only authorized accesses for users (and processes acting on behalf of users) which are necessary to accomplish assigned tasks in accordance with organizational missions and business functions.
NIST SP 800-53 :: AC-6
NIST SP 800-53A :: AC-6.1
NIST SP 800-53 Revision 4 :: AC-6

",
"V-22358","medium","GEN001830","SV-39901r2_rule","GEN001830","All skeleton files (typically in /etc/skel) must be group-owned by root, bin, or sys.","If the skeleton files are not protected, unauthorized personnel could change user startup parameters and possibly jeopardize user files.","ECLP-1","Verify the skeleton files are group-owned by root, bin, or sys.

Procedure:
# ls -alL /etc/skel

If a skeleton file is not group-owned by root, bin, or sys, this is a finding.","Change the group owner of the skeleton file to root.

Procedure:
# chgrp <group> /etc/skel/[skeleton file]   ","","","false","","","","","System Administrator","","M","Unclass","Solaris 10 SPARC Security Technical Implementation Guide :: Version 1, Release: 24 Benchmark Date: 25 Jan 2019","24","CCI-000225
The organization employs the concept of least privilege, allowing only authorized accesses for users (and processes acting on behalf of users) which are necessary to accomplish assigned tasks in accordance with organizational missions and business functions.
NIST SP 800-53 :: AC-6
NIST SP 800-53A :: AC-6.1
NIST SP 800-53 Revision 4 :: AC-6

",
"V-22359","medium","GEN001845","SV-26478r3_rule","GEN001845","Global initialization files library search paths must contain only authorized paths.","The library search path environment variable(s) contain a list of directories for the dynamic linker to search to find libraries. If this path includes the current working directory or other relative paths, libraries in these directories may be loaded instead of system libraries. This variable is formatted as a colon-separated list of directories. If there is an empty entry, such as a leading or trailing colon, two consecutive colons, or a single period, this is interpreted as the current working directory. Paths starting with a slash (/) are absolute paths.","","Check the global initialization files' library search paths.
# grep LD_LIBRARY_PATH /etc/profile /etc/bashrc /etc/csh.login /etc/csh.cshrc /etc/environment /etc/.login /etc/security/environ

This variable is formatted as a colon-separated list of directories.

If there is an empty entry, such as a leading or trailing colon, or two consecutive colons, this is a finding.

If an entry begins with a character other than a slash (/), or has not been documented with the ISSO, this is a finding.","Edit the global initialization file and remove the relative path entries from the library search path variables that have not been documented with the ISSO.   

Edit the global initialization file(s) and remove any empty entry that is defined.
","","","false","","","","","System Administrator","","M","Unclass","Solaris 10 SPARC Security Technical Implementation Guide :: Version 1, Release: 24 Benchmark Date: 25 Jan 2019","24","CCI-000366
The organization implements the security configuration settings.
NIST SP 800-53 :: CM-6 b
NIST SP 800-53A :: CM-6.1 (iv)
NIST SP 800-53 Revision 4 :: CM-6 b

",
"V-22360","medium","GEN001850","SV-39839r3_rule","GEN001850","Global initialization files lists of preloaded libraries must contain only authorized paths.","The library preload list environment variable contains a list of libraries for the dynamic linker to load before loading the libraries required by the binary. If this list contains paths to libraries to the current working directory that have not been authorized, unintended libraries may be preloaded. This variable is formatted as a space-separated list of libraries. Paths starting with a slash (/) are absolute paths.","","Check the global initialization files' library preload list. 

Procedure:
# grep LD_PRELOAD /etc/profile /etc/bashrc /etc/csh.login /etc/csh.cshrc /etc/environment /etc/.login /etc/security/environ 

This variable is formatted as a colon-separated list of paths.

If there is an empty entry, such as a leading or trailing colon, or two consecutive colons, this is a finding.

If an entry begins with a character other than a slash (/), or has not been documented with the ISSO, this is a finding.","Edit the global initialization file(s) and remove the relative path entry from the library preload list variables that have not been documented with the ISSO.
  
Edit the global initialization file(s) and remove any empty entry that is defined.
","","","false","","","","","System Administrator","","M","Unclass","Solaris 10 SPARC Security Technical Implementation Guide :: Version 1, Release: 24 Benchmark Date: 25 Jan 2019","24","CCI-000366
The organization implements the security configuration settings.
NIST SP 800-53 :: CM-6 b
NIST SP 800-53A :: CM-6.1 (iv)
NIST SP 800-53 Revision 4 :: CM-6 b

",
"V-22361","medium","GEN001870","SV-37101r1_rule","GEN001870","Local initialization files must be group-owned by the user's primary group or root.","Local initialization files are used to configure the user's shell environment upon login.  Malicious modification of these files could compromise accounts upon logon.","ECLP-1","Check user home directories for local initialization files group-owned by a group other than the user's primary group or root.
1. List user accounts and their primary GID.
# cut -d : -f 1,4 /etc/passwd
 
2. Check local initialization files for each user.
# ls -al /<usershomedirectory>/.login
# ls -al /<usershomedirectory>/.cshrc
# ls -al /<usershomedirectory>/.logout
# ls -al /<usershomedirectory>/.profile
# ls -al /<usershomedirectory>/.bash_profile
# ls -al /<usershomedirectory>/.bashrc
# ls -al /<usershomedirectory>/.bash_logout
# ls -al /<usershomedirectory>/.env
# ls -al /<usershomedirectory>/.dtprofile
# ls -al /<usershomedirectory>/.dispatch
# ls -al /<usershomedirectory>/.emacs
# ls -al /<usershomedirectory>/.exrc
# find /<usershomedirectory>/.dt ! -fstype nfs ! -group <primary_group> -exec ls -ld {} \;
 
3. If any file is not group-owned by root or the user's primary GID, this is a finding.

","Change the group-owner of the local initialization file to the user's primary group, or root.
# chgrp [USER's primary GID] ~USER/[local initialization file]   ","","","false","","","","","System Administrator","","M","Unclass","Solaris 10 SPARC Security Technical Implementation Guide :: Version 1, Release: 24 Benchmark Date: 25 Jan 2019","24","CCI-000225
The organization employs the concept of least privilege, allowing only authorized accesses for users (and processes acting on behalf of users) which are necessary to accomplish assigned tasks in accordance with organizational missions and business functions.
NIST SP 800-53 :: AC-6
NIST SP 800-53A :: AC-6.1
NIST SP 800-53 Revision 4 :: AC-6

",
"V-22362","medium","GEN001890","SV-26484r1_rule","GEN001890","Local initialization files must not have extended ACLs.","Local initialization files are used to configure the user's shell environment upon login.  Malicious modification of these files could compromise accounts upon logon.","ECLP-1","Check user home directories for local initialization files with extended ACLs.
# cut -d : -f 6 /etc/passwd | xargs -n1 -IDIR ls -alL DIR/.login DIR/.cshrc DIR/.logout DIR/.profile DIR/.bash_profile DIR/.bashrc DIR/.bash_logout DIR/.env DIR/.dtprofile DIR/.dispatch DIR/.emacs DIR/.exrc

If the permissions include a ""+"", the file has an extended ACL, this is a finding.

","Remove the extended ACL from the file.
# chmod A- [local initialization file with extended ACL]","","","false","","","","","System Administrator","","M","Unclass","Solaris 10 SPARC Security Technical Implementation Guide :: Version 1, Release: 24 Benchmark Date: 25 Jan 2019","24","CCI-000225
The organization employs the concept of least privilege, allowing only authorized accesses for users (and processes acting on behalf of users) which are necessary to accomplish assigned tasks in accordance with organizational missions and business functions.
NIST SP 800-53 :: AC-6
NIST SP 800-53A :: AC-6.1
NIST SP 800-53 Revision 4 :: AC-6

",
"V-22363","medium","GEN001901","SV-26486r4_rule","GEN001901","Local initialization files library search paths must contain only authorized paths.","The library search path environment variable(s) contain a list of directories for the dynamic linker to search to find libraries. If this path includes the current working directory or other relative paths, libraries in these directories may be loaded instead of system libraries. This variable is formatted as a colon-separated list of directories. If there is an empty entry, such as a leading or trailing colon, two consecutive colons, or a single period, this is interpreted as the current working directory. Paths starting with a slash (/) are absolute paths.","","NOTE: This command should be used in the BASH shell.

Verify local initialization files have library search path containing only authorized paths.
# cut -d : -f 1 /etc/passwd | xargs -n1 -IUSER sh -c 'grep -l LD_LIBRARY_PATH ~USER/.*'

This variable is formatted as a colon-separated list of directories.

If there is an empty entry, such as a leading or trailing colon, or two consecutive colons, this is a finding.

If an entry begins with a character other than a slash (/), or has not been documented with the ISSO, this is a finding.
","Edit the local initialization file and remove the relative path entries from the library search path variables that have not been documented with the ISSO.  

Edit the local initialization file and remove any empty entry that is defined.
","","","false","","","","","System Administrator","","M","Unclass","Solaris 10 SPARC Security Technical Implementation Guide :: Version 1, Release: 24 Benchmark Date: 25 Jan 2019","24","CCI-000366
The organization implements the security configuration settings.
NIST SP 800-53 :: CM-6 b
NIST SP 800-53A :: CM-6.1 (iv)
NIST SP 800-53 Revision 4 :: CM-6 b

",
"V-22364","medium","GEN001902","SV-26488r4_rule","GEN001902","Local initialization files lists of preloaded libraries must contain only authorized paths.","The library preload list environment variable contains a list of libraries for the dynamic linker to load before loading the libraries required by the binary If this list contains paths to libraries to the current working directory that have not been authorized, unintended libraries may be preloaded. This variable is formatted as a space-separated list of libraries. Paths starting with a slash (/) are absolute paths.","","NOTE: The following must be done in the BASH shell

Verify local initialization files have library preload list containing only authorized paths.
# cut -d : -f 1 /etc/passwd | xargs -n1 -IUSER sh -c 'grep -l LD_PRELOAD ~USER/.*'

This variable is formatted as a colon-separated list of paths.

If there is an empty entry, such as a leading or trailing colon, or two consecutive colons, this is a finding.

If an entry begins with a character other than a slash (/), or has not been documented with the ISSO, this is a finding.
","Edit the local initialization file and remove the relative path entries from the library preload variables that have not been documented with the ISSO. 
  
Edit the local initialization file(s) and remove any empty entry that is defined.
","","","false","","","","","System Administrator","","M","Unclass","Solaris 10 SPARC Security Technical Implementation Guide :: Version 1, Release: 24 Benchmark Date: 25 Jan 2019","24","CCI-000366
The organization implements the security configuration settings.
NIST SP 800-53 :: CM-6 b
NIST SP 800-53A :: CM-6.1 (iv)
NIST SP 800-53 Revision 4 :: CM-6 b

",
"V-22365","medium","GEN002210","SV-39902r1_rule","GEN002210","All shell files must be group-owned by root, bin, or sys.","If shell files are group-owned by users other than root or a system group, they could be modified by intruders or malicious users to perform unauthorized actions.","ECLP-1","If /etc/shells exists, check the group ownership of each shell referenced.

Procedure:
# cat /etc/shells | xargs -n1 ls -lL

Otherwise, check any shells found on the system.
Procedure:
# find / -name ""*sh"" | xargs -n1 ls -lL

If a shell is not group-owned by root, bin, or sys, this is a finding.","Change the group-owner of the shell to root, bin, or sys.

Procedure:
# chgrp root <shell>","","","false","","","","","System Administrator","","M","Unclass","Solaris 10 SPARC Security Technical Implementation Guide :: Version 1, Release: 24 Benchmark Date: 25 Jan 2019","24","CCI-000225
The organization employs the concept of least privilege, allowing only authorized accesses for users (and processes acting on behalf of users) which are necessary to accomplish assigned tasks in accordance with organizational missions and business functions.
NIST SP 800-53 :: AC-6
NIST SP 800-53A :: AC-6.1
NIST SP 800-53 Revision 4 :: AC-6

",
"V-22366","medium","GEN002230","SV-26492r1_rule","GEN002230","All shell files must not have extended ACLs.","Shells with world/group write permissions give the ability to maliciously modify the shell to obtain unauthorized access.","ECLP-1","If /etc/shells exists, check the permissions of each shell referenced.
# cat /etc/shells | xargs -n1 ls -lL

Otherwise, check any shells found on the system.
# find / -name ""*sh"" | xargs -n1 ls -lL

If the permissions include a ""+"", the file has an extended ACL, this is a finding.","Remove the extended ACL from the file.
# chmod A- [shell]","","","false","","","","","System Administrator","","M","Unclass","Solaris 10 SPARC Security Technical Implementation Guide :: Version 1, Release: 24 Benchmark Date: 25 Jan 2019","24","CCI-000225
The organization employs the concept of least privilege, allowing only authorized accesses for users (and processes acting on behalf of users) which are necessary to accomplish assigned tasks in accordance with organizational missions and business functions.
NIST SP 800-53 :: AC-6
NIST SP 800-53A :: AC-6.1
NIST SP 800-53 Revision 4 :: AC-6

",
"V-22367","medium","GEN002330","SV-26496r1_rule","GEN002330","Audio devices must not have extended ACLs.","File system ACLs can provide access to files beyond what is allowed by the mode numbers of the files.","ECLP-1","Check the permissions of audio devices.
# ls -lL /dev/audio
If the permissions include a ""+"", the file has an extended ACL and this is a finding.","Remove the extended ACL from the file.
# chmod A- /dev/audio","","","false","","","","","System Administrator","","M","Unclass","Solaris 10 SPARC Security Technical Implementation Guide :: Version 1, Release: 24 Benchmark Date: 25 Jan 2019","24","CCI-000225
The organization employs the concept of least privilege, allowing only authorized accesses for users (and processes acting on behalf of users) which are necessary to accomplish assigned tasks in accordance with organizational missions and business functions.
NIST SP 800-53 :: AC-6
NIST SP 800-53A :: AC-6.1
NIST SP 800-53 Revision 4 :: AC-6

",
"V-22369","medium","GEN002710","SV-26502r1_rule","GEN002710","All system audit files must not have extended ACLs.","If a user can write to the audit logs, then audit trails can be modified or destroyed and system intrusion may not be detected.","ECTP-1","Check the audit configuration to determine the location of the system audit log files.
# more /etc/security/audit_control
Check the system audit log files for extended ACLs.
# ls -la [audit log dir]
If the permissions include a ""+"", the file has an extended ACL and this is a finding.","Remove the extended ACL from the file. 
# chmod A- [audit file]","","","false","","","","","System Administrator","","M","Unclass","Solaris 10 SPARC Security Technical Implementation Guide :: Version 1, Release: 24 Benchmark Date: 25 Jan 2019","24","CCI-000163
The information system protects audit information from unauthorized modification.
NIST SP 800-53 :: AU-9
NIST SP 800-53A :: AU-9.1
NIST SP 800-53 Revision 4 :: AU-9

",
"V-22370","low","GEN002715","SV-26505r1_rule","GEN002715","System audit tool executables must be owned by root.","To prevent unauthorized access or manipulation of system audit logs, the tools for manipulating those logs must be protected.","ECLP-1","Verify the audit tool executables are owned by root.
# ls -l /usr/sbin/auditd /usr/sbin/audit /usr/sbin/bsmrecord /usr/sbin/auditreduce /usr/sbin/praudit /usr/sbin/auditconfig
If any listed file is not owned by root, this is a finding.
","Change the owner of the audit tool executable to root.
# chown root [audit tool executable]","","","false","","","","","System Administrator","","M","Unclass","Solaris 10 SPARC Security Technical Implementation Guide :: Version 1, Release: 24 Benchmark Date: 25 Jan 2019","24","CCI-001493
The information system protects audit tools from unauthorized access.
NIST SP 800-53 :: AU-9
NIST SP 800-53A :: AU-9.1
NIST SP 800-53 Revision 4 :: AU-9

",
"V-22371","low","GEN002716","SV-26508r1_rule","GEN002716","System audit tool executables must be group-owned by root, bin, or sys.","To prevent unauthorized access or manipulation of system audit logs, the tools for manipulating those logs must be protected.","ECLP-1","Verify the audit tool executables are group-owned by root, bin, or sys.

Procedure:
# ls -lL /usr/sbin/auditd /usr/sbin/audit /usr/sbin/bsmrecord /usr/sbin/auditreduce /usr/sbin/praudit /usr/sbin/auditconfig

If any listed file is not group-owned by root, bin, or sys, this is a finding.","Change the group-owner of the audit tool executable to root, bin, or sys.

Procedure:
# chgrp root <audit tool executable>","","","false","","","","","System Administrator","","M","Unclass","Solaris 10 SPARC Security Technical Implementation Guide :: Version 1, Release: 24 Benchmark Date: 25 Jan 2019","24","CCI-001493
The information system protects audit tools from unauthorized access.
NIST SP 800-53 :: AU-9
NIST SP 800-53A :: AU-9.1
NIST SP 800-53 Revision 4 :: AU-9

",
"V-22372","low","GEN002717","SV-26511r1_rule","GEN002717","System audit tool executables must have mode 0750 or less permissive.","To prevent unauthorized access or manipulation of system audit logs, the tools for manipulating those logs must be protected.","ECLP-1","Check the mode of audit tool executables.
# ls -l /usr/sbin/auditd /usr/sbin/audit /usr/sbin/bsmrecord /usr/sbin/auditreduce /usr/sbin/praudit /usr/sbin/auditconfig
If any listed file has a mode more permissive than 0750, this is a finding.","Change the mode of the audit tool executable to 0750, or less permissive.
# chmod 0750 [audit tool executable]","","","false","","","","","System Administrator","","M","Unclass","Solaris 10 SPARC Security Technical Implementation Guide :: Version 1, Release: 24 Benchmark Date: 25 Jan 2019","24","CCI-001493
The information system protects audit tools from unauthorized access.
NIST SP 800-53 :: AU-9
NIST SP 800-53A :: AU-9.1
NIST SP 800-53 Revision 4 :: AU-9

",
"V-22373","low","GEN002718","SV-26515r1_rule","GEN002718","System audit tool executables must not have extended ACLs.","To prevent unauthorized access or manipulation of system audit logs, the tools for manipulating those logs must be protected.","ECLP-1","Check the permissions of audit tool executables.
# ls -l /usr/sbin/auditd /usr/sbin/audit /usr/sbin/bsmrecord /usr/sbin/auditreduce /usr/sbin/praudit /usr/sbin/auditconfig
If the permissions include a ""+"", the file has an extended ACL and this is a finding.","Remove the extended ACL from the file.
# chmod A- [audit file]","","","false","","","","","System Administrator","","M","Unclass","Solaris 10 SPARC Security Technical Implementation Guide :: Version 1, Release: 24 Benchmark Date: 25 Jan 2019","24","CCI-001493
The information system protects audit tools from unauthorized access.
NIST SP 800-53 :: AU-9
NIST SP 800-53A :: AU-9.1
NIST SP 800-53 Revision 4 :: AU-9

",
"V-22374","low","GEN002719","SV-40562r1_rule","GEN002719","The audit system must alert the SA in the event of an audit processing failure.","An accurate and current audit trail is essential for maintaining 
a record of system activity. If the system fails, the SA must be notified and must take prompt 
action to correct the problem.

Minimally, the system must log this event and the SA will receive this notification during the 
daily system log review. If feasible, active alerting (such as email or paging) should be 
employed consistent with the site’s established operations management systems and procedures.
","ECAT-1","Verify the presence of an audit_warn entry in /etc/mail/aliases.

# grep audit_warn /etc/mail/aliases

If there is no audit_warn entry in /etc/mail/aliases, this is a finding.","Add an audit_warn alias to /etc/mail/aliases that will forward to designated system administrator(s).

# vi /etc/mail/aliases

Put the updated aliases file into service.

# newaliases","","","false","","","","","System Administrator","","M","Unclass","Solaris 10 SPARC Security Technical Implementation Guide :: Version 1, Release: 24 Benchmark Date: 25 Jan 2019","24","CCI-000139
The information system alerts designated organization-defined personnel or roles in the event of an audit processing failure.
NIST SP 800-53 :: AU-5 a
NIST SP 800-53A :: AU-5.1 (ii)
NIST SP 800-53 Revision 4 :: AU-5 a

",
"V-22375","medium","GEN002730","SV-40564r1_rule","GEN002730","The audit system must alert the SA when the audit storage volume approaches its capacity.","An accurate and current audit trail is essential for maintaining a record of system activity.  If the system fails, the SA must be notified and must take prompt action to correct the problem.

Minimally, the system must log this event and the SA will receive this notification during the daily system log review.  If feasible, active alerting (such as email or paging) should be employed consistent with the site’s established operations management systems and procedures.","ECSC-1","Verify the presence of an audit_warn entry in /etc/mail/aliases.

# grep audit_warn /etc/mail/aliases

If there is no audit_warn entry in /etc/mail/aliases, this is a finding.

Verify the minfree parameter in /etc/security/audit_control.

# egrep '^minfree:' /etc/security/audit_control

If the minfree parameter is set to zero or not set at all, this is a finding.","If necessary, add an audit_warn alias to /etc/mail/aliases that will forward to designated system administrator(s).

# vi /etc/mail/aliases

Put the updated aliases file into service.

# newaliases

If necessary, add or update the minfree: parameter in /etc/security/audit_control.  

# vi /etc/security/audit_control

Ensure the minfree value is greater than zero and less than 100.","","","false","","","","","System Administrator","","M","Unclass","Solaris 10 SPARC Security Technical Implementation Guide :: Version 1, Release: 24 Benchmark Date: 25 Jan 2019","24","CCI-000143
The information system provides a warning when allocated audit record storage volume reaches an organization defined percentage of maximum audit record storage capacity.
NIST SP 800-53 :: AU-5 (1)
NIST SP 800-53A :: AU-5 (1).1 (ii)

",
"V-22376","low","GEN002750","SV-40605r1_rule","GEN002750","The audit system must be configured to audit account creation.","If the system is not configured to audit certain activities and write them to an audit log, it is more difficult to detect and track system compromises, and damages incurred during a system compromise.","ECAT-1","Check the system's audit configuration.

# grep ua /etc/security/audit_control

If the ua flag is not set, and both the +ua and -ua flags are not set, this is a finding.
If the ua naflag is not set, and both the +ua and -ua naflags are not set, this is a finding.","Edit /etc/security/audit_control and add ua to the flags list and naflags list.
Refresh auditd.
# svcadm refresh auditd","","","false","","","","","System Administrator","","M","Unclass","Solaris 10 SPARC Security Technical Implementation Guide :: Version 1, Release: 24 Benchmark Date: 25 Jan 2019","24","CCI-000018
The information system automatically audits account creation actions.
NIST SP 800-53 :: AC-2 (4)
NIST SP 800-53A :: AC-2 (4).1 (i&ii)
NIST SP 800-53 Revision 4 :: AC-2 (4)

",
"V-22377","low","GEN002751","SV-40607r1_rule","GEN002751","The audit system must be configured to audit account modification.","If the system is not configured to audit certain activities and write them to an audit log, it is more difficult to detect and track system compromises and damages incurred during a system compromise.","ECAT-1","Check the system's audit configuration.

# grep ua /etc/security/audit_control

If the ua flag is not set, and both the +ua and -ua flags are not set, this is a finding.
If the ua naflag is not set, and both the +ua and -ua naflags are not set, this is a finding.","Edit /etc/security/audit_control and add ua to the flags list and naflags list.
Refresh auditd.
# svcadm refresh auditd","","","false","","","","","System Administrator","","M","Unclass","Solaris 10 SPARC Security Technical Implementation Guide :: Version 1, Release: 24 Benchmark Date: 25 Jan 2019","24","CCI-001403
The information system automatically audits account modification actions.
NIST SP 800-53 :: AC-2 (4)
NIST SP 800-53A :: AC-2 (4).1 (i&ii)
NIST SP 800-53 Revision 4 :: AC-2 (4)

",
"V-22378","low","GEN002752","SV-40610r1_rule","GEN002752","The audit system must be configured to audit account disabling.","If the system is not configured to audit certain activities and write them to an audit log, it is more difficult to detect and track system compromises and damages incurred during a system compromise.","ECAT-1","Check the system's audit configuration.

# grep ua /etc/security/audit_control

If the ua flag is not set, and both the +ua and -ua flags are not set, this is a finding.
If the ua naflag is not set, and both the +ua and -ua naflags are not set, this is a finding.","Edit /etc/security/audit_control and add ua to the flags list and naflags list.
Refresh auditd.
# svcadm refresh auditd","","","false","","","","","System Administrator","","M","Unclass","Solaris 10 SPARC Security Technical Implementation Guide :: Version 1, Release: 24 Benchmark Date: 25 Jan 2019","24","CCI-001404
The information system automatically audits account disabling actions.
NIST SP 800-53 :: AC-2 (4)
NIST SP 800-53A :: AC-2 (4).1 (i&ii)
NIST SP 800-53 Revision 4 :: AC-2 (4)

",
"V-22382","low","GEN002753","SV-40611r1_rule","GEN002753","The audit system must be configured to audit account termination.","If the system is not configured to audit certain activities and write them to an audit log, it is more difficult to detect and track system compromises and damages incurred during a system compromise.","ECAT-1","Check the system's audit configuration.

# grep ua /etc/security/audit_control

If the ua flag is not set, and both the +ua and -ua flags are not set, this is a finding.
If the ua naflag is not set, and both the +ua and -ua naflags are not set, this is a finding.","Edit /etc/security/audit_control and add ua to the flags list and naflags list.
Refresh auditd.
# svcadm refresh auditd","","","false","","","","","System Administrator","","M","Unclass","Solaris 10 SPARC Security Technical Implementation Guide :: Version 1, Release: 24 Benchmark Date: 25 Jan 2019","24","CCI-001405
The information system automatically audits account removal actions.
NIST SP 800-53 :: AC-2 (4)
NIST SP 800-53A :: AC-2 (4).1 (i&ii)
NIST SP 800-53 Revision 4 :: AC-2 (4)

",
"V-22383","medium","GEN002825","SV-26524r1_rule","GEN002825","The audit system must be configured to audit the loading and unloading of dynamic kernel modules.","Actions concerning dynamic kernel modules must be recorded as they are substantial events.  Dynamic kernel modules can increase the attack surface of a system.  A malicious kernel module can be used to substantially alter the functioning of a system, often with the purpose of hiding a compromise from the SA.","ECAR-1","Check /etc/security/audit_control file. 
# grep flags /etc/security/audit_control
If the as element is missing from the flags line, this is a finding.","Edit /etc/security/audit_control and add the as flag to the flag parameter.","","","false","","","","","System Administrator","","M","Unclass","Solaris 10 SPARC Security Technical Implementation Guide :: Version 1, Release: 24 Benchmark Date: 25 Jan 2019","24","CCI-000126
The organization determines that the organization-defined subset of the auditable events defined in AU-2 are to be audited within the information system.
NIST SP 800-53 :: AU-2 d
NIST SP 800-53A :: AU-2.1 (v)
NIST SP 800-53 Revision 4 :: AU-2 d

",
"V-22384","medium","GEN002990","SV-26528r1_rule","GEN002990","The cron.allow file must not have an extended ACL.","A cron.allow file that is readable and/or writable by other than root could allow potential intruders and malicious users to use the file contents to help discern information, such as who is allowed to execute cron programs, which could be harmful to overall system and network security.","ECLP-1","Check the permissions of the cron.allow file.
# ls -l /etc/cron.allow
If the permissions include a ""+"", the file has an extended ACL and this is a finding.","Remove the extended ACL from the file.
# chmod A- /etc/cron.allow","","","false","","","","","System Administrator","","M","Unclass","Solaris 10 SPARC Security Technical Implementation Guide :: Version 1, Release: 24 Benchmark Date: 25 Jan 2019","24","CCI-000225
The organization employs the concept of least privilege, allowing only authorized accesses for users (and processes acting on behalf of users) which are necessary to accomplish assigned tasks in accordance with organizational missions and business functions.
NIST SP 800-53 :: AC-6
NIST SP 800-53A :: AC-6.1
NIST SP 800-53 Revision 4 :: AC-6

",
"V-22385","medium","GEN003050","SV-41044r1_rule","GEN003050","Crontab files must be group-owned by root, sys, or the crontab creator's primary group.","To protect the integrity of scheduled system jobs and prevent malicious modification to these jobs, crontab files must be secured.","ECLP-1","Check the group ownership of the crontab files.
# ls -lL /var/spool/cron/crontabs/
If the group owner is not root, sys, or the crontab owner's primary group, this is a finding.","Change the group owner of the crontab file to root, sys, or the crontab's primary group.
Procedure:
# chgrp root [crontab file]","","","false","","","","","System Administrator","","M","Unclass","Solaris 10 SPARC Security Technical Implementation Guide :: Version 1, Release: 24 Benchmark Date: 25 Jan 2019","24","CCI-000225
The organization employs the concept of least privilege, allowing only authorized accesses for users (and processes acting on behalf of users) which are necessary to accomplish assigned tasks in accordance with organizational missions and business functions.
NIST SP 800-53 :: AC-6
NIST SP 800-53A :: AC-6.1
NIST SP 800-53 Revision 4 :: AC-6

",
"V-22386","medium","GEN003090","SV-26534r1_rule","GEN003090","Crontab files must not have extended ACLs.","To protect the integrity of scheduled system jobs and to prevent malicious modification to these jobs, crontab files must be secured.  ACLs on crontab files may provide unauthorized access to the files.","ECLP-1","Check the permissions of the crontab files.
# ls -lL /var/spool/cron/crontabs/

If the permissions include a ""+"", the file has an extended ACL and this is a finding.

","Remove the extended ACL from the file.
# chmod A- [crontab file]","","","false","","","","","System Administrator","","M","Unclass","Solaris 10 SPARC Security Technical Implementation Guide :: Version 1, Release: 24 Benchmark Date: 25 Jan 2019","24","CCI-000225
The organization employs the concept of least privilege, allowing only authorized accesses for users (and processes acting on behalf of users) which are necessary to accomplish assigned tasks in accordance with organizational missions and business functions.
NIST SP 800-53 :: AC-6
NIST SP 800-53A :: AC-6.1
NIST SP 800-53 Revision 4 :: AC-6

",
"V-22387","medium","GEN003110","SV-26538r1_rule","GEN003110","Cron and crontab directories must not have extended ACLs.","To protect the integrity of scheduled system jobs and to prevent malicious modification to these jobs, crontab files must be secured.  ACLs on cron and crontab directories may provide unauthorized access to these directories.  Unauthorized modifications to these directories or their contents may result in the addition of unauthorized cron jobs or deny service to authorized cron jobs.","ECLP-1","Check the permissions of the crontab directories.
# ls -ld /var/spool/cron/crontabs/

If the permissions include a ""+"", the directory has an extended ACL and this is a finding.

","Remove the extended ACL from the directory.
# chmod A- /var/spool/cron/crontabs/","","","false","","","","","System Administrator","","M","Unclass","Solaris 10 SPARC Security Technical Implementation Guide :: Version 1, Release: 24 Benchmark Date: 25 Jan 2019","24","CCI-000225
The organization employs the concept of least privilege, allowing only authorized accesses for users (and processes acting on behalf of users) which are necessary to accomplish assigned tasks in accordance with organizational missions and business functions.
NIST SP 800-53 :: AC-6
NIST SP 800-53A :: AC-6.1
NIST SP 800-53 Revision 4 :: AC-6

",
"V-22388","medium","GEN003190","SV-26542r1_rule","GEN003190","The cron log files must not have extended ACLs.","Cron logs contain reports of scheduled system activities and must be protected from unauthorized access or manipulation.","ECLP-1, ECTP-1","Check the permissions of the file.
# ls -lL /var/cron/log
If the permissions include a ""+"", the file has an extended ACL and this is a finding.","Remove the extended ACL from the file.
# chmod A- /var/cron/log","","","false","","","","","System Administrator","","M","Unclass","Solaris 10 SPARC Security Technical Implementation Guide :: Version 1, Release: 24 Benchmark Date: 25 Jan 2019","24","CCI-000225
The organization employs the concept of least privilege, allowing only authorized accesses for users (and processes acting on behalf of users) which are necessary to accomplish assigned tasks in accordance with organizational missions and business functions.
NIST SP 800-53 :: AC-6
NIST SP 800-53A :: AC-6.1
NIST SP 800-53 Revision 4 :: AC-6

",
"V-22389","medium","GEN003210","SV-26546r1_rule","GEN003210","The cron.deny file must not have an extended ACL.","If file permissions for cron.deny are more permissive than 0700, sensitive information could be viewed or edited by unauthorized users.","ECLP-1","Check the permissions of the file.
# ls -lL /etc/cron.d/cron.deny
If the permissions include a ""+"", the file has an extended ACL and this is a finding.","Remove the extended ACL from the file.
# chmod A- /etc/cron.d/cron.deny","","","false","","","","","System Administrator","","M","Unclass","Solaris 10 SPARC Security Technical Implementation Guide :: Version 1, Release: 24 Benchmark Date: 25 Jan 2019","24","CCI-000225
The organization employs the concept of least privilege, allowing only authorized accesses for users (and processes acting on behalf of users) which are necessary to accomplish assigned tasks in accordance with organizational missions and business functions.
NIST SP 800-53 :: AC-6
NIST SP 800-53A :: AC-6.1
NIST SP 800-53 Revision 4 :: AC-6

",
"V-22390","medium","GEN003245","SV-26550r1_rule","GEN003245","The at.allow file must not have an extended ACL.","File system extended ACLs provide access to files beyond what is allowed by the mode numbers of the files.  Unauthorized modification of the at.allow file could result in Denial of Service to authorized at users and the granting of the ability to run at jobs to unauthorized users.","ECLP-1","Check the permissions of the file.
# ls -lL /etc/cron.d/at.allow
If the permissions include a ""+"", the file has an extended ACL and this is a finding.","Remove the extended ACL from the file.
# chmod A- /etc/cron.d/at.allow","","","false","","","","","System Administrator","","M","Unclass","Solaris 10 SPARC Security Technical Implementation Guide :: Version 1, Release: 24 Benchmark Date: 25 Jan 2019","24","CCI-000225
The organization employs the concept of least privilege, allowing only authorized accesses for users (and processes acting on behalf of users) which are necessary to accomplish assigned tasks in accordance with organizational missions and business functions.
NIST SP 800-53 :: AC-6
NIST SP 800-53A :: AC-6.1
NIST SP 800-53 Revision 4 :: AC-6

",
"V-22391","medium","GEN003250","SV-26553r1_rule","GEN003250","The cron.allow file must be group-owned by root, bin, or sys.","If the group of the cron.allow is not set to root, bin, or sys, the possibility exists for an unauthorized user to view or edit the list of users permitted to use cron.  Unauthorized modification of this file could cause Denial of Service to authorized cron users or provide unauthorized users with the ability to run cron jobs.","ECLP-1","Check the group ownership of the file.

Procedure:
# ls -lL /etc/cron.d/cron.allow

If the file is not group-owned by root, bin, or sys, this is a finding.","Change the group ownership of the file.

Procedure:
# chgrp root /etc/cron.d/cron.allow","","","false","","","","","System Administrator","","M","Unclass","Solaris 10 SPARC Security Technical Implementation Guide :: Version 1, Release: 24 Benchmark Date: 25 Jan 2019","24","CCI-000225
The organization employs the concept of least privilege, allowing only authorized accesses for users (and processes acting on behalf of users) which are necessary to accomplish assigned tasks in accordance with organizational missions and business functions.
NIST SP 800-53 :: AC-6
NIST SP 800-53A :: AC-6.1
NIST SP 800-53 Revision 4 :: AC-6

",
"V-22392","medium","GEN003252","SV-26556r1_rule","GEN003252","The at.deny file must have mode 0600 or less permissive.","The at daemon control files restrict access to scheduled job manipulation and must be protected.  Unauthorized modification of the at.deny file could result in Denial of Service to authorized at users or provide unauthorized users with the ability to run at jobs.","ECLP-1","Check the permissions of the file.
# ls -lL /etc/cron.d/at.deny
If the file has a mode more permissive than 0600, this is a finding.","Change the mode of the file.
# chmod 0600 /etc/cron.d/at.deny","","","false","","","","","System Administrator","","M","Unclass","Solaris 10 SPARC Security Technical Implementation Guide :: Version 1, Release: 24 Benchmark Date: 25 Jan 2019","24","CCI-000225
The organization employs the concept of least privilege, allowing only authorized accesses for users (and processes acting on behalf of users) which are necessary to accomplish assigned tasks in accordance with organizational missions and business functions.
NIST SP 800-53 :: AC-6
NIST SP 800-53A :: AC-6.1
NIST SP 800-53 Revision 4 :: AC-6

",
"V-22393","medium","GEN003255","SV-26560r1_rule","GEN003255","The at.deny file must not have an extended ACL.","The ""at"" daemon control files restrict access to scheduled job manipulation and must be protected.  Unauthorized modification of the at.deny file could result in Denial of Service to authorized ""at"" users or provide unauthorized users with the ability to run ""at"" jobs.","ECLP-1","Check the permissions of the file.
# ls -lL /etc/cron.d/at.deny
If the permissions include a ""+"", the file has an extended ACL and this is a finding.","Remove the extended ACL from the file.
# chmod A- /etc/cron.d/at.deny","","","false","","","","","System Administrator","","M","Unclass","Solaris 10 SPARC Security Technical Implementation Guide :: Version 1, Release: 24 Benchmark Date: 25 Jan 2019","24","CCI-000225
The organization employs the concept of least privilege, allowing only authorized accesses for users (and processes acting on behalf of users) which are necessary to accomplish assigned tasks in accordance with organizational missions and business functions.
NIST SP 800-53 :: AC-6
NIST SP 800-53A :: AC-6.1
NIST SP 800-53 Revision 4 :: AC-6

",
"V-22394","medium","GEN003270","SV-26563r1_rule","GEN003270","The cron.deny file must be group-owned by root, bin, or sys.","Cron daemon control files restrict the scheduling of automated tasks and must be protected.  Unauthorized modification of the cron.deny file could result in Denial of Service to authorized cron users or could provide unauthorized users with the ability to run cron jobs.","ECLP-1","Check the group ownership of the file.

Procedure:
# ls -lL /etc/cron.d/cron.deny

If the file is not group-owned by root, bin, or sys,  this is a finding.","Change the group ownership of the file to root, sys, or bin.

Procedure:
# chgrp root /etc/cron.d/cron.deny","","","false","","","","","System Administrator","","M","Unclass","Solaris 10 SPARC Security Technical Implementation Guide :: Version 1, Release: 24 Benchmark Date: 25 Jan 2019","24","CCI-000225
The organization employs the concept of least privilege, allowing only authorized accesses for users (and processes acting on behalf of users) which are necessary to accomplish assigned tasks in accordance with organizational missions and business functions.
NIST SP 800-53 :: AC-6
NIST SP 800-53A :: AC-6.1
NIST SP 800-53 Revision 4 :: AC-6

",
"V-22395","medium","GEN003410","SV-26566r1_rule","GEN003410","The ""at"" directory must not have an extended ACL.","If the ""at"" directory has an extended ACL, unauthorized users could be allowed to view or to edit files containing sensitive information within the ""at"" directory.  Unauthorized modifications could result in Denial of Service to authorized ""at"" jobs.","ECLP-1","Check the permissions of the directory.
# ls -lLd /var/spool/cron/atjobs
If the permissions include a ""+"", the directory has an extended ACL and this is a finding.","Remove the extended ACL from the file.
# chmod A- /var/spool/cron/atjobs","","","false","","","","","System Administrator","","M","Unclass","Solaris 10 SPARC Security Technical Implementation Guide :: Version 1, Release: 24 Benchmark Date: 25 Jan 2019","24","CCI-000225
The organization employs the concept of least privilege, allowing only authorized accesses for users (and processes acting on behalf of users) which are necessary to accomplish assigned tasks in accordance with organizational missions and business functions.
NIST SP 800-53 :: AC-6
NIST SP 800-53A :: AC-6.1
NIST SP 800-53 Revision 4 :: AC-6

",
"V-22396","medium","GEN003430","SV-40414r1_rule","GEN003430","The ""at"" directory must be group-owned by root, bin, or sys.","If the ""at"" directory's group owner is not root, bin, or sys, unauthorized users could be allowed to view or edit files containing sensitive information within the directory.","ECLP-1","Check the group ownership of the ""at"" directory.

Procedure:
# ls -lLd /var/spool/cron/atjobs

If the ""at"" directory is not group-owned by root, bin, or sys, this is a finding.","Change the group ownership of the ""at"" directory to root, bin, or sys.

Procedure:
# chgrp sys /var/spool/cron/atjobs  ","","","false","","","","","System Administrator","","M","Unclass","Solaris 10 SPARC Security Technical Implementation Guide :: Version 1, Release: 24 Benchmark Date: 25 Jan 2019","24","CCI-000225
The organization employs the concept of least privilege, allowing only authorized accesses for users (and processes acting on behalf of users) which are necessary to accomplish assigned tasks in accordance with organizational missions and business functions.
NIST SP 800-53 :: AC-6
NIST SP 800-53A :: AC-6.1
NIST SP 800-53 Revision 4 :: AC-6

",
"V-22397","medium","GEN003470","SV-26570r1_rule","GEN003470","The at.allow file must be group-owned by root, bin, or sys.","If the group owner of the at.allow file is not set to root, bin, or sys, unauthorized users could be allowed to view or edit the list of users permitted to run at jobs.  Unauthorized modification could result in Denial of Service to authorized at users or provide unauthorized users with the ability to run at jobs.","ECLP-1","Check the group ownership of the file.

Procedure:
# ls -lL /etc/cron.d/at.allow

If the file is not group-owned by root, bin, or sys, this is a finding.","Change the group ownership of the file.

Procedure:
# chgrp root /etc/cron.d/at.allow","","","false","","","","","System Administrator","","M","Unclass","Solaris 10 SPARC Security Technical Implementation Guide :: Version 1, Release: 24 Benchmark Date: 25 Jan 2019","24","CCI-000225
The organization employs the concept of least privilege, allowing only authorized accesses for users (and processes acting on behalf of users) which are necessary to accomplish assigned tasks in accordance with organizational missions and business functions.
NIST SP 800-53 :: AC-6
NIST SP 800-53A :: AC-6.1
NIST SP 800-53 Revision 4 :: AC-6

",
"V-22398","medium","GEN003490","SV-26573r1_rule","GEN003490","The at.deny file must be group-owned by root, bin, or sys.","If the group owner of the at.deny file is not set to root, bin, or sys, unauthorized users could be allowed to view or edit sensitive information contained within the file.  Unauthorized modification could result in Denial of Service to authorized ""at"" users or provide unauthorized users with the ability to run ""at"" jobs.","ECLP-1","Check the group ownership of the file.

Procedure:
# ls -lL /etc/cron.d/at.deny

If the file is not group-owned by root, bin, or sys, this is a finding.","Change the group ownership of the at.deny file to root, bin, or sys.

Procedure:
# chgrp root /etc/cron.d/at.deny","","","false","","","","","System Administrator","","M","Unclass","Solaris 10 SPARC Security Technical Implementation Guide :: Version 1, Release: 24 Benchmark Date: 25 Jan 2019","24","CCI-000225
The organization employs the concept of least privilege, allowing only authorized accesses for users (and processes acting on behalf of users) which are necessary to accomplish assigned tasks in accordance with organizational missions and business functions.
NIST SP 800-53 :: AC-6
NIST SP 800-53A :: AC-6.1
NIST SP 800-53 Revision 4 :: AC-6

",
"V-22399","low","GEN003501","SV-26576r2_rule","GEN003501","The system must be configured to store any process core dumps in a specific, centralized directory.","Specifying a centralized location for core file creation allows for the centralized protection of core files.  Process core dumps contain the memory in use by the process when it crashed.  Any data the process was handling may be contained in the core file, and it must be protected accordingly.  If process core dump creation is not configured to use a centralized directory, core dumps may be created in a directory that does not have appropriate ownership or permissions configured, which could result in unauthorized access to the core dumps.","ECLP-1","Verify a directory is defined for process core dumps.

# grep COREADM_GLOB_PATTERN /etc/coreadm.conf

If the parameter is not an absolute path (does not start with a slash [/]), this is a finding.","Change the core file pattern.
# coreadm -g /var/core/core.%f.%p

Then:
# coreadm -u
In order to force a reload of the configuration.","","","false","","","","","System Administrator","","M","Unclass","Solaris 10 SPARC Security Technical Implementation Guide :: Version 1, Release: 24 Benchmark Date: 25 Jan 2019","24","CCI-000225
The organization employs the concept of least privilege, allowing only authorized accesses for users (and processes acting on behalf of users) which are necessary to accomplish assigned tasks in accordance with organizational missions and business functions.
NIST SP 800-53 :: AC-6
NIST SP 800-53A :: AC-6.1
NIST SP 800-53 Revision 4 :: AC-6

",
"V-22400","low","GEN003502","SV-26579r1_rule","GEN003502","The centralized process core dump data directory must be owned by root.","Process core dumps contain the memory in use by the process when it crashed.  Any data the process was handling may be contained in the core file, and it must be protected accordingly.  If the centralized process core dump data directory is not owned by root, the core dumps contained in the directory may be subject to unauthorized access.","ECLP-1","Check the defined directory for process core dumps.

# coreadm | grep ""global core file pattern""
OR
# grep COREADM_GLOB_PATTERN /etc/coreadm.conf

Check the ownership of the directory.
# ls -lLd [core file directory]
If the directory is not owned by root, this is a finding.","Change the owner of the core file directory.
# chown root [core file directory]","","","false","","","","","System Administrator","","M","Unclass","Solaris 10 SPARC Security Technical Implementation Guide :: Version 1, Release: 24 Benchmark Date: 25 Jan 2019","24","CCI-000225
The organization employs the concept of least privilege, allowing only authorized accesses for users (and processes acting on behalf of users) which are necessary to accomplish assigned tasks in accordance with organizational missions and business functions.
NIST SP 800-53 :: AC-6
NIST SP 800-53A :: AC-6.1
NIST SP 800-53 Revision 4 :: AC-6

",
"V-22401","low","GEN003503","SV-26582r2_rule","GEN003503","The centralized process core dump data directory must be group-owned by root, bin, or sys.","Process core dumps contain the memory in use by the process when it crashed.  Any data the process was handling may be contained in the core file, and it must be protected accordingly.  If the centralized process core dump data directory is not group-owned by a system group, the core dumps contained in the directory may be subject to unauthorized access.","ECLP-1","Check the defined directory for process core dumps.

# coreadm | grep ""global core file pattern""
OR 
# grep COREADM_GLOB_PATTERN /etc/coreadm.conf

Check the group ownership of the directory.
# ls -lLd [core file directory]
If the directory is not group-owned by root, bin, or sys, this is a finding.","Change the group-owner of the core file directory.
# chgrp root [core file directory]","","","false","","","","","System Administrator","","M","Unclass","Solaris 10 SPARC Security Technical Implementation Guide :: Version 1, Release: 24 Benchmark Date: 25 Jan 2019","24","CCI-000225
The organization employs the concept of least privilege, allowing only authorized accesses for users (and processes acting on behalf of users) which are necessary to accomplish assigned tasks in accordance with organizational missions and business functions.
NIST SP 800-53 :: AC-6
NIST SP 800-53A :: AC-6.1
NIST SP 800-53 Revision 4 :: AC-6

",
"V-22402","low","GEN003504","SV-26596r1_rule","GEN003504","The centralized process core dump data directory must have mode 0700 or less permissive.","Process core dumps contain the memory in use by the process when it crashed.  Any data the process was handling may be contained in the core file, and it must be protected accordingly.  If the process core dump data directory has a mode more permissive than 0700, unauthorized users may be able to view or to modify sensitive information contained any process core dumps in the directory.","ECLP-1","Check the defined directory for process core dumps.

# coreadm | grep ""global core file pattern""
OR
# grep COREADM_GLOB_PATTERN /etc/coreadm.conf

Check the permissions of the directory.
# ls -lLd [core file directory]
If the directory has a mode more permissive than 0700, this is a finding.","Change the mode of the core file directory.
# chmod 0700 [core file directory]","","","false","","","","","System Administrator","","M","Unclass","Solaris 10 SPARC Security Technical Implementation Guide :: Version 1, Release: 24 Benchmark Date: 25 Jan 2019","24","CCI-000225
The organization employs the concept of least privilege, allowing only authorized accesses for users (and processes acting on behalf of users) which are necessary to accomplish assigned tasks in accordance with organizational missions and business functions.
NIST SP 800-53 :: AC-6
NIST SP 800-53A :: AC-6.1
NIST SP 800-53 Revision 4 :: AC-6

",
"V-22403","low","GEN003505","SV-26602r1_rule","GEN003505","The centralized process core dump data directory must not have an extended ACL.","Process core dumps contain the memory in use by the process when it crashed.  Any data the process was handling may be contained in the core file, and it must be protected accordingly.  If the process core dump data directory has an extended ACL, unauthorized users may be able to view or to modify sensitive information contained any process core dumps in the directory.","ECLP-1","Check the defined directory for process core dumps.

# coreadm | grep ""global core file pattern""
OR
# grep COREADM_GLOB_PATTERN /etc/coreadm.conf

Check the permissions of the directory.
# ls -lLd [core file directory]
If the permissions include a ""+"", the file has an extended ACL and this is a finding.","Remove the extended ACL from the directory.
# chmod A- [core file directory]","","","false","","","","","System Administrator","","M","Unclass","Solaris 10 SPARC Security Technical Implementation Guide :: Version 1, Release: 24 Benchmark Date: 25 Jan 2019","24","CCI-000225
The organization employs the concept of least privilege, allowing only authorized accesses for users (and processes acting on behalf of users) which are necessary to accomplish assigned tasks in accordance with organizational missions and business functions.
NIST SP 800-53 :: AC-6
NIST SP 800-53A :: AC-6.1
NIST SP 800-53 Revision 4 :: AC-6

",
"V-22404","medium","GEN003510","SV-26605r1_rule","GEN003510","Kernel core dumps must be disabled unless needed.","Kernel core dumps may contain the full contents of system memory at the time of the crash.  Kernel core dumps may consume a considerable amount of disk space and may result in Denial of Service by exhausting the available space on the target file system.  The kernel core dump process may increase the amount of time a system is unavailable due to a crash.  Kernel core dumps can be useful for kernel debugging.","ECSC-1","Verify savecore is not used.
# dumpadm | grep 'Savecore enabled'
If the value is true, this is a finding.

OR

# grep DUMPADM_ENABLE /etc/dumpadm.conf
If the value is yes, this is a finding.","Disable savecore.
# dumpadm -n","","","false","","","","","System Administrator","","M","Unclass","Solaris 10 SPARC Security Technical Implementation Guide :: Version 1, Release: 24 Benchmark Date: 25 Jan 2019","24","CCI-000366
The organization implements the security configuration settings.
NIST SP 800-53 :: CM-6 b
NIST SP 800-53A :: CM-6.1 (iv)
NIST SP 800-53 Revision 4 :: CM-6 b

",
"V-22405","low","GEN003521","SV-26610r1_rule","GEN003521","The kernel core dump data directory must be group-owned by root.","Kernel core dumps may contain the full contents of system memory at the time of the crash.  As the system memory may contain sensitive information, it must be protected accordingly.  If the kernel core dump data directory is not group-owned by a system group, the core dumps contained in the directory may be subject to unauthorized access.","ECLP-1","Determine the kernel core dump data directory. 

# dumpadm | grep ""Savecore directory""
OR
# grep DUMPADM_SAVDIR /etc/dumpadm.conf

Check ownership of the core dump data directory.
# ls -l [savecore directory]
If the directory is not group-owned by root, this is a finding.","Change the group-owner of the kernel core dump data directory.
# chgrp root [kernel core dump data directory]","","","false","","","","","System Administrator","","M","Unclass","Solaris 10 SPARC Security Technical Implementation Guide :: Version 1, Release: 24 Benchmark Date: 25 Jan 2019","24","CCI-000225
The organization employs the concept of least privilege, allowing only authorized accesses for users (and processes acting on behalf of users) which are necessary to accomplish assigned tasks in accordance with organizational missions and business functions.
NIST SP 800-53 :: AC-6
NIST SP 800-53A :: AC-6.1
NIST SP 800-53 Revision 4 :: AC-6

",
"V-22406","low","GEN003522","SV-26614r1_rule","GEN003522","The kernel core dump data directory must have mode 0700 or less permissive.","Kernel core dumps may contain the full contents of system memory at the time of the crash.  As the system memory may contain sensitive information, it must be protected accordingly.  If the mode of the kernel core dump data directory is more permissive than 0700, unauthorized users may be able to view or to modify kernel core dump data files.","ECLP-1","Determine the kernel core dump data directory. 

# dumpadm | grep ""Savecore directory""
OR
# grep DUMPADM_SAVDIR /etc/dumpadm.conf

Check the permissions of the kernel core dump data directory.
# ls -l [savecore directory]
If the directory has a mode more permissive than 0700, this is a finding.","Change the group-owner of the kernel core dump data directory.
# chmod 0700 [kernel core dump data directory]","","","false","","","","","System Administrator","","M","Unclass","Solaris 10 SPARC Security Technical Implementation Guide :: Version 1, Release: 24 Benchmark Date: 25 Jan 2019","24","CCI-000225
The organization employs the concept of least privilege, allowing only authorized accesses for users (and processes acting on behalf of users) which are necessary to accomplish assigned tasks in accordance with organizational missions and business functions.
NIST SP 800-53 :: AC-6
NIST SP 800-53A :: AC-6.1
NIST SP 800-53 Revision 4 :: AC-6

",
"V-22407","low","GEN003523","SV-26618r1_rule","GEN003523","The kernel core dump data directory must not have an extended ACL.","Kernel core dumps may contain the full contents of system memory at the time of the crash.  As the system memory may contain sensitive information, it must be protected accordingly.  If there is an extended ACL for the kernel core dump data directory, unauthorized users may be able to view or to modify kernel core dump data files.","ECLP-1","Determine the kernel core dump data directory.

# dumpadm | grep ""Savecore directory""
OR
# grep DUMPADM_SAVDIR /etc/dumpadm.conf

Check the kernel core dump data directory permissions.
# ls -ld [savecore directory]
If the permissions include a ""+"", the file has an extended ACL and this is a finding.","Remove the extended ACL from the file.
# chmod A- [kernel core dump directory]","","","false","","","","","System Administrator","","M","Unclass","Solaris 10 SPARC Security Technical Implementation Guide :: Version 1, Release: 24 Benchmark Date: 25 Jan 2019","24","CCI-000225
The organization employs the concept of least privilege, allowing only authorized accesses for users (and processes acting on behalf of users) which are necessary to accomplish assigned tasks in accordance with organizational missions and business functions.
NIST SP 800-53 :: AC-6
NIST SP 800-53A :: AC-6.1
NIST SP 800-53 Revision 4 :: AC-6

",
"V-22409","low","GEN003602","SV-26621r2_rule","GEN003602","The system must not process ICMP timestamp requests.","The processing of Internet Control Message Protocol (ICMP) timestamp requests increases the attack surface of the system.","","Determine the type of zone that you are currently securing.
# zonename

If the zone is not the global zone, determine if any interfaces are exclusive to the zone:
# dladm show-link

If the output indicates ""insufficient privileges"" then this requirement is not applicable.

If the zone is the global zone or the non-global zone has exclusive interfaces verify the system does not respond to ICMP timestamp requests.
# ndd /dev/ip ip_respond_to_timestamp

If the result is not 0, this is a finding.","Disable ICMP timestamp responses on the system.
# ndd -set /dev/ip ip_respond_to_timestamp 0
Also add this command to a system startup script.","","","false","","","","","System Administrator","","M","Unclass","Solaris 10 SPARC Security Technical Implementation Guide :: Version 1, Release: 24 Benchmark Date: 25 Jan 2019","24","CCI-001551
The organization defines approved authorizations for controlling the flow of information between interconnected systems.
NIST SP 800-53 :: AC-4
NIST SP 800-53A :: AC-4.1 (ii)
NIST SP 800-53 Revision 4 :: AC-4

",
"V-22410","medium","GEN003603","SV-26622r2_rule","GEN003603","The system must not respond to ICMPv4 echoes sent to a broadcast address.","Responding to broadcast Internet Control Message Protocol (ICMP) echoes facilitates network mapping and provides a vector for amplification attacks.","","Determine the type of zone that you are currently securing.
# zonename

If the zone is not the global zone, determine if any interfaces are exclusive to the zone:
# dladm show-link

If the output indicates ""insufficient privileges"" then this requirement is not applicable.

If the zone is the global zone or the non-global zone has exclusive interfaces verify the system does not respond to ICMP ECHO_REQUESTs set to broadcast addresses.
# ndd /dev/ip ip_respond_to_echo_broadcast

If the result is not 0, this is a finding.","Configure the system to not respond to ICMP ECHO_REQUESTs sent to broadcast addresses.
# ndd -set /dev/ip ip_respond_to_echo_broadcast 0
Also add this command to a system startup script.","","","false","","","","","System Administrator","","M","Unclass","Solaris 10 SPARC Security Technical Implementation Guide :: Version 1, Release: 24 Benchmark Date: 25 Jan 2019","24","CCI-001551
The organization defines approved authorizations for controlling the flow of information between interconnected systems.
NIST SP 800-53 :: AC-4
NIST SP 800-53A :: AC-4.1 (ii)
NIST SP 800-53 Revision 4 :: AC-4

",
"V-22411","medium","GEN003604","SV-26624r2_rule","GEN003604","The system must not respond to ICMP timestamp requests sent to a broadcast address.","The processing of Internet Control Message Protocol (ICMP) timestamp requests increases the attack surface of the system.  Responding to broadcast ICMP timestamp requests facilitates network mapping and provides a vector for amplification attacks.","","Determine the type of zone that you are currently securing.
# zonename

If the zone is not the global zone, determine if any interfaces are exclusive to the zone:
# dladm show-link

If the output indicates ""insufficient privileges"" then this requirement is not applicable.

If the zone is the global zone or the non-global zone has exclusive interfaces verify the system does not respond to ICMP timestamp requests set to broadcast addresses.

# ndd /dev/ip ip_respond_to_echo_broadcast

If the result is not 0, this is a finding.","Configure the system to not respond to ICMP timestamp requests sent to broadcast addresses.
# ndd -set /dev/ip ip_respond_to_echo_broadcast 0
Also add this command to a system startup script.","","","false","","","","","System Administrator","","M","Unclass","Solaris 10 SPARC Security Technical Implementation Guide :: Version 1, Release: 24 Benchmark Date: 25 Jan 2019","24","CCI-001551
The organization defines approved authorizations for controlling the flow of information between interconnected systems.
NIST SP 800-53 :: AC-4
NIST SP 800-53A :: AC-4.1 (ii)
NIST SP 800-53 Revision 4 :: AC-4

",
"V-22412","medium","GEN003605","SV-26626r2_rule","GEN003605","The system must not apply reversed source routing to TCP responses.","Source-routed packets allow the source of the packet to suggest that routers forward the packet along a different path than configured on the router, which can be used to bypass network security measures.","","Determine the type of zone that you are currently securing.
# zonename

If the zone is not the global zone, determine if any interfaces are exclusive to the zone:
# dladm show-link

If the output indicates ""insufficient privileges"" then this requirement is not applicable.

If the zone is the global zone or the non-global zone has exclusive interfaces verify the system does not apply reversed source routing to TCP responses.

# ndd /dev/tcp tcp_rev_src_routes

If the result is not 0, this is a finding.","Configure the system to not apply reversed source routing to TCP responses.
# ndd -set /dev/tcp tcp_rev_src_routes 0
Also add this command to a system startup script.","","","false","","","","","System Administrator","","M","Unclass","Solaris 10 SPARC Security Technical Implementation Guide :: Version 1, Release: 24 Benchmark Date: 25 Jan 2019","24","CCI-001551
The organization defines approved authorizations for controlling the flow of information between interconnected systems.
NIST SP 800-53 :: AC-4
NIST SP 800-53A :: AC-4.1 (ii)
NIST SP 800-53 Revision 4 :: AC-4

",
"V-22413","medium","GEN003606","SV-29709r1_rule","GEN003606","The system must prevent local applications from generating source-routed packets.","Source-routed packets allow the source of the packet to suggest that routers forward the packet along a different path than configured on the router, which can be used to bypass network security measures.","ECSC-1","Check the system for an IPF rule blocking outgoing source-routed packets.

Procedure:
# ipfstat -o 

Examine the list for rules such as:
block out log quick all with opt lsrr
block out log quick all with opt ssrr

If the listed rules do not block both lsrr and ssrr options, this is a finding.","Edit /etc/ipf/ipf.conf and add rules to block outgoing source-routed packets, such as: 

block out log quick all with opt lsrr
block out log quick all with opt ssrr

Reload the IPF rules.
Procedure:

# ipf -Fa -A -f /etc/ipf/ipf.conf","","","false","","","","","System Administrator","","M","Unclass","Solaris 10 SPARC Security Technical Implementation Guide :: Version 1, Release: 24 Benchmark Date: 25 Jan 2019","24","CCI-001551
The organization defines approved authorizations for controlling the flow of information between interconnected systems.
NIST SP 800-53 :: AC-4
NIST SP 800-53A :: AC-4.1 (ii)
NIST SP 800-53 Revision 4 :: AC-4

",
"V-22414","medium","GEN003607","SV-29711r2_rule","GEN003607","The system must not accept source-routed IPv4 packets.","Source-routed packets allow the source of the packet to suggest that routers forward the packet along a different path than configured on the router, which can be used to bypass network security measures.  This requirement applies only to the handling of source-routed traffic destined to the system itself, not to traffic forwarded by the system to another, such as when IPv4 forwarding is enabled and the system is functioning as a router.","","Determine the type of zone that you are currently securing.
# zonename

If the zone is not the global zone, determine if any interfaces are exclusive to the zone:
# dladm show-link

If the output indicates ""insufficient privileges"" then this requirement is not applicable.

If the zone is the global zone or the non-global zone has exclusive interfaces check the system for an IPF rule blocking incoming source-routed packets. 

Procedure: # ipfstat -i 
 
Examine the list for rules such as: 
block in log quick all with opt lsrr
block in log quick all with opt ssrr

If the listed rules do not block incoming traffic with both lsrr and ssrr options, this is a finding.","Edit /etc/ipf/ipf.conf and add rules to block incoming source-routed packets, such as: 

block in log quick all with opt lsrr 
block in log quick all with opt ssrr

Reload the IPF rules.
Procedure:
# ipf -Fa -A -f /etc/ipf/ipf.conf","","","false","","","","","System Administrator","","M","Unclass","Solaris 10 SPARC Security Technical Implementation Guide :: Version 1, Release: 24 Benchmark Date: 25 Jan 2019","24","CCI-001551
The organization defines approved authorizations for controlling the flow of information between interconnected systems.
NIST SP 800-53 :: AC-4
NIST SP 800-53A :: AC-4.1 (ii)
NIST SP 800-53 Revision 4 :: AC-4

",
"V-22415","medium","GEN003608","SV-29603r2_rule","GEN003608","Proxy ARP must not be enabled on the system.","Proxy ARP allows a system to respond to ARP requests on one interface on behalf of hosts connected to another interface.  If this function is enabled when not required, addressing information may be leaked between the attached network segments.","","Determine if the system has non-local published ARP entries.

Procedure:
# arp -a

If any entries have the flag P and no flag L, they are non-local published entries, and this is a finding.","Remove non-local published ARP entries from the system.

Procedure:
# arp -d <host>

Check system initialization files for any commands creating published ARP entries (such as ""arp -s <host> <ether> pub"" or ""arp -f"") and removing them.","","","false","","","","","System Administrator","","M","Unclass","Solaris 10 SPARC Security Technical Implementation Guide :: Version 1, Release: 24 Benchmark Date: 25 Jan 2019","24","CCI-001551
The organization defines approved authorizations for controlling the flow of information between interconnected systems.
NIST SP 800-53 :: AC-4
NIST SP 800-53A :: AC-4.1 (ii)
NIST SP 800-53 Revision 4 :: AC-4

",
"V-22416","medium","GEN003609","SV-26630r2_rule","GEN003609","The system must ignore IPv4 ICMP redirect messages.","ICMP redirect messages are used by routers to inform hosts that a more direct route exists for a particular destination. These messages modify the host's route table and are unauthenticated.  An illicit ICMP redirect message could result in a man-in-the-middle attack.","","Determine the type of zone that you are currently securing.
# zonename

If the zone is not the global zone, determine if any interfaces are exclusive to the zone:
# dladm show-link

If the output indicates ""insufficient privileges"" then this requirement is not applicable.

If the zone is the global zone or the non-global zone has exclusive interfaces verify the system does not accept IPv4 ICMP redirect messages.

Procedure:
# ndd -get /dev/ip ip_ignore_redirect

If the result is not 1, this is a finding.","Configure the system to not accept IPv4 ICMP redirect messages.

Procedure:
# ndd -set /dev/ip ip_ignore_redirect 1

This command must also be added to a system startup script.","","","false","","","","","System Administrator","","M","Unclass","Solaris 10 SPARC Security Technical Implementation Guide :: Version 1, Release: 24 Benchmark Date: 25 Jan 2019","24","CCI-001503
The organization controls changes to the configuration settings in accordance with organizational policies and procedures.
NIST SP 800-53 :: CM-6 d
NIST SP 800-53A :: CM-6.1 (vi)
NIST SP 800-53 Revision 4 :: CM-6 d

CCI-001551
The organization defines approved authorizations for controlling the flow of information between interconnected systems.
NIST SP 800-53 :: AC-4
NIST SP 800-53A :: AC-4.1 (ii)
NIST SP 800-53 Revision 4 :: AC-4

",
"V-22417","medium","GEN003610","SV-26632r2_rule","GEN003610","The system must not send IPv4 ICMP redirects.","ICMP redirect messages are used by routers to inform hosts that a more direct route exists for a particular destination.  These messages contain information from the system's route table that could reveal portions of the network topology.","","Determine the type of zone that you are currently securing.
# zonename

If the zone is not the global zone, determine if any interfaces are exclusive to the zone:
# dladm show-link

If the output indicates ""insufficient privileges"" then this requirement is not applicable.

If the zone is the global zone or the non-global zone has exclusive interfaces verify the system does not send IPv4 ICMP redirect messages.

Procedure:
# ndd /dev/ip ip_send_redirects

If the result is not 0, this is a finding.","Configure the system to not send IPv4 ICMP redirect messages.

Procedure:
# ndd -set /dev/ip ip_send_redirects 0

Also add this command to a system startup script.","","","false","","","","","System Administrator","","M","Unclass","Solaris 10 SPARC Security Technical Implementation Guide :: Version 1, Release: 24 Benchmark Date: 25 Jan 2019","24","CCI-001551
The organization defines approved authorizations for controlling the flow of information between interconnected systems.
NIST SP 800-53 :: AC-4
NIST SP 800-53A :: AC-4.1 (ii)
NIST SP 800-53 Revision 4 :: AC-4

",
"V-22418","low","GEN003611","SV-29773r2_rule","GEN003611","The system must log martian packets.","Martian packets are packets containing addresses known by the system to be invalid.  Logging these messages allows the SA to identify misconfigurations or attacks in progress.","","If the system is not a global zone, this vulnerability is not applicable.

Determine if the system is configured to log martian packets.  Examine the IPF rules on the system.

Procedure:
# ipfstat -i

There must be rules logging inbound traffic containing invalid source addresses, which minimally include the system's own addresses and broadcast addresses for attached subnets.  If such rules do not exist, this is a finding.","Configure the system to log martian packets using IPF.  Add rules logging inbound traffic containing invalid source addresses, which minimally include the system's own addresses and broadcast addresses for attached subnets.

For example, consider a system with a single network connection having IP address 192.168.1.10 with a local subnet broadcast address of 192.168.1.255.  Packets with source addresses of 192.168.1.10 and 192.168.1.255 must be logged if received by the system from the network connection.

Edit /etc/ipf/ipf.conf and add the following rules, substituting local addresses and interface names:
block in log quick on ce0 from 192.168.1.10 to any
block in log quick on ce0 from 192.168.1.255 to any

Reload the IPF rules.
Procedure:
# ipf -Fa -A -f /etc/ipf/ipf.conf","","","false","","","","","System Administrator","","M","Unclass","Solaris 10 SPARC Security Technical Implementation Guide :: Version 1, Release: 24 Benchmark Date: 25 Jan 2019","24","CCI-000126
The organization determines that the organization-defined subset of the auditable events defined in AU-2 are to be audited within the information system.
NIST SP 800-53 :: AU-2 d
NIST SP 800-53A :: AU-2.1 (v)
NIST SP 800-53 Revision 4 :: AU-2 d

",
"V-22421","medium","GEN003619","SV-42308r1_rule","GEN003619","The system must not be configured for network bridging.","Some systems have the ability to bridge or switch frames (link-layer forwarding) between multiple interfaces. This can be useful in a variety of situations but, if enabled when not needed, has the potential to bypass network partitioning and security.","ECSC-1","Ask the system administrator if network bridging software is installed on the system or the system is configured for network bridging. If network bridging software is installed or the system is configured for network bridging, this is a finding.","Remove the network bridging software and configuration from the system.","","","false","","","","","System Administrator","","M","Unclass","Solaris 10 SPARC Security Technical Implementation Guide :: Version 1, Release: 24 Benchmark Date: 25 Jan 2019","24","CCI-001551
The organization defines approved authorizations for controlling the flow of information between interconnected systems.
NIST SP 800-53 :: AC-4
NIST SP 800-53A :: AC-4.1 (ii)
NIST SP 800-53 Revision 4 :: AC-4

",
"V-22422","low","GEN003650","SV-26638r3_rule","GEN003650","All local file systems must employ journaling or another mechanism ensuring file system consistency.","File system journaling, or logging, can allow reconstruction of file system data after a system crash, thus preserving the integrity of data that may have otherwise been lost.  Journaling file systems typically do not require consistent checks upon booting after a crash, which can improve system availability.  Some file systems employ other mechanisms to ensure consistency which also satisfy this requirement.","","Verify local file systems use journaling or another mechanism ensuring file system consistency.

Procedure:
# mount -v | grep '^/dev/' | egrep -v '(logging|vxfs|zfs|devfs)' | grep -v /dev/fd

If a mount is listed, this is a finding.","Convert local file systems to use journaling or another mechanism ensuring file system consistency.","","","false","","","","","System Administrator","","M","Unclass","Solaris 10 SPARC Security Technical Implementation Guide :: Version 1, Release: 24 Benchmark Date: 25 Jan 2019","24","CCI-000553
The information system implements transaction recovery for systems that are transaction-based.
NIST SP 800-53 :: CP-10 (2)
NIST SP 800-53A :: CP-10 (2).1
NIST SP 800-53 Revision 4 :: CP-10 (2)

",
"V-22423","medium","GEN003730","SV-39884r1_rule","GEN003730","The inetd.conf file must be group-owned by root, bin, or sys.","Failure to give ownership of sensitive files or utilities to system groups may provide unauthorized users with the potential to access sensitive information or change the system configuration which could weaken the system's security posture.","ECLP-1","Check the group ownership of the inetd.conf file.

Procedure:
# ls -alL /etc/inet/inetd.conf

If the file is not group-owned by root, bin, or sys, this is a finding.","Change the group ownership of the inetd.conf file.
Procedure:
# chgrp sys /etc/inet/inetd.conf","","","false","","","","","System Administrator","","M","Unclass","Solaris 10 SPARC Security Technical Implementation Guide :: Version 1, Release: 24 Benchmark Date: 25 Jan 2019","24","CCI-000225
The organization employs the concept of least privilege, allowing only authorized accesses for users (and processes acting on behalf of users) which are necessary to accomplish assigned tasks in accordance with organizational missions and business functions.
NIST SP 800-53 :: AC-6
NIST SP 800-53A :: AC-6.1
NIST SP 800-53 Revision 4 :: AC-6

",
"V-22424","medium","GEN003745","SV-26653r1_rule","GEN003745","The inetd.conf file must not have extended ACLs.","The Internet service daemon configuration files must be protected as malicious modification could cause Denial of Service or increase the attack surface of the system.","ECLP-1","Check the permissions of the inetd configuration file.
# ls -lL /etc/inet/inetd.conf
If the permissions include a ""+"", the file has an extended ACL and this is a finding.","Remove the extended ACL from the file.
# chmod A- /etc/inet/inetd.conf","","","false","","","","","System Administrator","","M","Unclass","Solaris 10 SPARC Security Technical Implementation Guide :: Version 1, Release: 24 Benchmark Date: 25 Jan 2019","24","CCI-000225
The organization employs the concept of least privilege, allowing only authorized accesses for users (and processes acting on behalf of users) which are necessary to accomplish assigned tasks in accordance with organizational missions and business functions.
NIST SP 800-53 :: AC-6
NIST SP 800-53A :: AC-6.1
NIST SP 800-53 Revision 4 :: AC-6

",
"V-22427","medium","GEN003770","SV-39903r1_rule","GEN003770","The services file must be group-owned by root, bin, or sys.","Failure to give ownership of system configuration files to root or a system group provides the designated owner and unauthorized users with the potential to change the system configuration which could weaken the system's security posture.","ECLP-1","Check the group ownership of the services file.

Procedure:
# ls -lL /etc/services

If the file is not group-owned by root, bin, or sys, this is a finding.","Change the group-owner of the services file.

Procedure:
# chgrp root /etc/services","","","false","","","","","System Administrator","","M","Unclass","Solaris 10 SPARC Security Technical Implementation Guide :: Version 1, Release: 24 Benchmark Date: 25 Jan 2019","24","CCI-000225
The organization employs the concept of least privilege, allowing only authorized accesses for users (and processes acting on behalf of users) which are necessary to accomplish assigned tasks in accordance with organizational missions and business functions.
NIST SP 800-53 :: AC-6
NIST SP 800-53A :: AC-6.1
NIST SP 800-53 Revision 4 :: AC-6

",
"V-22428","medium","GEN003790","SV-26660r1_rule","GEN003790","The services file must not have an extended ACL.","The services file is critical to the proper operation of network services and must be protected from unauthorized modification.  If the services file has an extended ACL, it may be possible for unauthorized users to modify the file.  Unauthorized modification could result in the failure of network services.","ECLP-1","Check the permissions of the /etc/services file.
# ls -lL /etc/services
If the permissions include a ""+"", the file has an extended ACL, this is a finding.","Remove the extended ACL from the file.
# chmod A- /etc/services","","","false","","","","","System Administrator","","M","Unclass","Solaris 10 SPARC Security Technical Implementation Guide :: Version 1, Release: 24 Benchmark Date: 25 Jan 2019","24","CCI-000225
The organization employs the concept of least privilege, allowing only authorized accesses for users (and processes acting on behalf of users) which are necessary to accomplish assigned tasks in accordance with organizational missions and business functions.
NIST SP 800-53 :: AC-6
NIST SP 800-53A :: AC-6.1
NIST SP 800-53 Revision 4 :: AC-6

",
"V-22429","medium","GEN003810","SV-26664r2_rule","GEN003810","The portmap or rpcbind service must not be running unless needed.","The portmap and rpcbind services increase the attack surface of the system and should only be used when needed.  The portmap or rpcbind services are used by a variety of services using remote procedure calls (RPCs).","","Check the status of the rpcbind service.

# svcs network/rpc/bind

If the service is online and is not documented as required, this is a finding.","Disable the portmap service.
# svcadm disable network/rpc/bind","","","false","","","","","System Administrator","","M","Unclass","Solaris 10 SPARC Security Technical Implementation Guide :: Version 1, Release: 24 Benchmark Date: 25 Jan 2019","24","CCI-001336
The organization retains individual training records for an organization-defined time period.
NIST SP 800-53 :: AT-4 b
NIST SP 800-53A :: AT-4.1 (iii)
NIST SP 800-53 Revision 4 :: AT-4 b

",
"V-22430","medium","GEN003815","SV-40810r1_rule","GEN003815","The portmap or rpcbind service must not be installed unless needed.","The portmap and rpcbind services increase the attack surface of the system and should only be used when needed.  The portmap or rpcbind services are used by a variety of services using Remote Procedure Calls (RPCs).","ECSC-1","If the system needs the portmap service to operate, this is not applicable.  The rpcbind program is part of a core Solaris package and cannot be removed.  Verify the permissions on the rpcbind file.
# ls -lL /usr/sbin/rpcbind
If the rpcbind service is not required and the rpcbind file has non-zero permissions, this is a finding.","Remove all permissions from the rpcbind file.

Procedure:
# chmod 0000 /usr/sbin/rpcbind","","","false","","","","","System Administrator","","M","Unclass","Solaris 10 SPARC Security Technical Implementation Guide :: Version 1, Release: 24 Benchmark Date: 25 Jan 2019","24","CCI-000305
The organization develops a list of software programs not authorized to execute on the information system.
NIST SP 800-53 :: CM-2 (4) (a)
NIST SP 800-53A :: CM-2 (4).1 (i)
NIST SP 800-53 :: CM-7 (2)
NIST SP 800-53A :: CM-7 (2).1 (i)

",
"V-22431","medium","GEN003825","SV-26668r1_rule","GEN003825","The rshd service must not be installed.","The rshd process provides a typically unencrypted, host-authenticated remote access service.  SSH should be used in place of this service.","DCPP-1","Check if the SUNWrcmdr package is installed.

Procedure:
# pkginfo SUNWrcmdr

If the package is installed, this is a finding.","Remove the SUNWrcmdr package.

Procedure:
# pkgrm SUNWrcmdr","","","false","","","","","System Administrator","","M","Unclass","Solaris 10 SPARC Security Technical Implementation Guide :: Version 1, Release: 24 Benchmark Date: 25 Jan 2019","24","CCI-000305
The organization develops a list of software programs not authorized to execute on the information system.
NIST SP 800-53 :: CM-2 (4) (a)
NIST SP 800-53A :: CM-2 (4).1 (i)
NIST SP 800-53 :: CM-7 (2)
NIST SP 800-53A :: CM-7 (2).1 (i)

",
"V-22432","medium","GEN003830","SV-39863r1_rule","GEN003830","The rlogind service must not be running.","The rlogind process provides a typically unencrypted, host-authenticated remote access service.  SSH should be used in place of this service.","DCPP-1","Determine if the rlogind service is running. 
# svcs rlogin

If the rlogin service is enabled, this is a finding.","Disable the rlogind service. 

# svcadm disable rlogin
# svcadm refresh inetd

","","","false","","","","","System Administrator","","M","Unclass","Solaris 10 SPARC Security Technical Implementation Guide :: Version 1, Release: 24 Benchmark Date: 25 Jan 2019","24","CCI-000068
The information system implements cryptographic mechanisms to protect the confidentiality of remote access sessions.
NIST SP 800-53 :: AC-17 (2)
NIST SP 800-53A :: AC-17 (2).1
NIST SP 800-53 Revision 4 :: AC-17 (2)

",
"V-22433","medium","GEN003835","SV-26670r1_rule","GEN003835","The rlogind service must not be installed.","The rlogind process provides a typically unencrypted, host-authenticated remote access service.  SSH should be used in place of this service.","DCPP-1","Check if the SUNWrcmdr package is installed.

Procedure:
# pkginfo SUNWrcmdr

If the package is installed, this is a finding.","Remove the SUNWrcmdr package.

Procedure:
# pkgrm SUNWrcmdr","","","false","","","","","System Administrator","","M","Unclass","Solaris 10 SPARC Security Technical Implementation Guide :: Version 1, Release: 24 Benchmark Date: 25 Jan 2019","24","CCI-000305
The organization develops a list of software programs not authorized to execute on the information system.
NIST SP 800-53 :: CM-2 (4) (a)
NIST SP 800-53A :: CM-2 (4).1 (i)
NIST SP 800-53 :: CM-7 (2)
NIST SP 800-53A :: CM-7 (2).1 (i)

",
"V-22434","medium","GEN003845","SV-26674r1_rule","GEN003845","The rexecd service must not be installed.","The rexecd process provides a typically unencrypted, host-authenticated remote access service.  SSH should be used in place of this service.","ECSC-1","Check if the SUNWrcmdr package is installed.

Procedure:
# pkginfo SUNWrcmdr

If the package is installed, this is a finding.","Remove the SUNWrcmdr package.

Procedure:
# pkgrm SUNWrcmdr","","","false","","","","","System Administrator","","M","Unclass","Solaris 10 SPARC Security Technical Implementation Guide :: Version 1, Release: 24 Benchmark Date: 25 Jan 2019","24","CCI-000305
The organization develops a list of software programs not authorized to execute on the information system.
NIST SP 800-53 :: CM-2 (4) (a)
NIST SP 800-53A :: CM-2 (4).1 (i)
NIST SP 800-53 :: CM-7 (2)
NIST SP 800-53A :: CM-7 (2).1 (i)

",
"V-22435","medium","GEN003930","SV-37456r2_rule","GEN003930","The hosts.lpd (or equivalent) file must be group-owned by root, bin, or sys.","Failure to give group ownership of the hosts.lpd (or equivalent) file to root, bin, sys, or system provides the members of the owning group and possible unauthorized users, with the potential to modify it.  Unauthorized modifications could disrupt access to local printers from authorized remote hosts or permit unauthorized remote access to local printers.","","Check the group ownership of the print service configuration files.

Procedure:

# ls -lL /etc/printers.conf /etc/apache/httpd-standalone-ipp.conf /etc/smb.conf /etc/sfw/smb.conf /etc/samba/smb.conf /etc/sfw/samba/smb.conf

If the files are not group-owned by root, bin, or sys, this is a finding.","Change the group owner of the print service configuration files. 
Procedure:

# chgrp bin /etc/apache/httpd-standalone-ipp.conf
# chgrp root /etc/printers.conf /etc/smb.conf /etc/sfw/smb.conf /etc/samba/smb.conf /etc/sfw/samba/smb.conf","","","false","","","","","System Administrator","","M","Unclass","Solaris 10 SPARC Security Technical Implementation Guide :: Version 1, Release: 24 Benchmark Date: 25 Jan 2019","24","CCI-000225
The organization employs the concept of least privilege, allowing only authorized accesses for users (and processes acting on behalf of users) which are necessary to accomplish assigned tasks in accordance with organizational missions and business functions.
NIST SP 800-53 :: AC-6
NIST SP 800-53A :: AC-6.1
NIST SP 800-53 Revision 4 :: AC-6

",
"V-22436","medium","GEN003950","SV-26678r2_rule","GEN003950","The hosts.lpd (or equivalent) file must not have an extended ACL.","Excessive permissions on the hosts.lpd (or equivalent) file may permit unauthorized modification.  Unauthorized modifications could disrupt access to local printers from authorized remote hosts or permit unauthorized remote access to local printers.","","Check the permissions of the print service configuration files.

Procedure:
# ls -lL /etc/apache/httpd-standalone-ipp.conf /etc/printers.conf /etc/smb.conf /etc/sfw/smb.conf /etc/samba/smb.conf /etc/sfw/samba/smb.conf

If the permissions on any file include a '+', the file has an extended ACL and this is a finding.
","Remove the extended ACLs from the files.
# chmod A- /etc/apache/httpd-standalone-ipp.conf /etc/printers.conf /etc/smb.conf /etc/sfw/smb.conf /etc/samba/smb.conf /etc/sfw/samba/smb.conf
","","","false","","","","","System Administrator","","M","Unclass","Solaris 10 SPARC Security Technical Implementation Guide :: Version 1, Release: 24 Benchmark Date: 25 Jan 2019","24","CCI-000225
The organization employs the concept of least privilege, allowing only authorized accesses for users (and processes acting on behalf of users) which are necessary to accomplish assigned tasks in accordance with organizational missions and business functions.
NIST SP 800-53 :: AC-6
NIST SP 800-53A :: AC-6.1
NIST SP 800-53 Revision 4 :: AC-6

",
"V-22437","medium","GEN004010","SV-26682r1_rule","GEN004010","The traceroute file must not have an extended ACL.","If an extended ACL exists on the traceroute executable file, it may provide unauthorized users with access to the file.  Malicious code could be inserted by an attacker and triggered whenever the traceroute command is executed by authorized users.  Additionally, if an unauthorized user is granted executable permissions to the traceroute command, it could be used to gain information about the network topology behind the firewall.  This information may allow an attacker to determine trusted routers and other network information possibly leading to system and network compromise.","ECLP-1","Check the permissions of the /usr/sbin/traceroute file.
# ls -lL /usr/contrib/bin/traceroute

If the permissions include a ""+"", the file has an extended ACL and this is a finding.","Remove the extended ACL from the file.
# chmod A- /usr/sbin/traceroute","","","false","","","","","System Administrator","","M","Unclass","Solaris 10 SPARC Security Technical Implementation Guide :: Version 1, Release: 24 Benchmark Date: 25 Jan 2019","24","CCI-000225
The organization employs the concept of least privilege, allowing only authorized accesses for users (and processes acting on behalf of users) which are necessary to accomplish assigned tasks in accordance with organizational missions and business functions.
NIST SP 800-53 :: AC-6
NIST SP 800-53A :: AC-6.1
NIST SP 800-53 Revision 4 :: AC-6

",
"V-22438","medium","GEN004370","SV-37458r1_rule","GEN004370","The aliases file must be group-owned by root, sys, smmsp, or bin.","If the alias file is not group-owned by root or a system group, an unauthorized user may modify the file to add aliases to run malicious code or redirect email.","ECLP-1","Find the alias files on the system.

Procedure:
# egrep '^O(A| AliasFile)' /etc/mail/sendmail.cf

If the ""alias file"" is an NIS or LDAP map, this check is not applicable. The default location is /etc/mail/aliases.

Check the group ownership of the alias file and the hashed version of it used by sendmail.

Procedure:
# ls -lL /etc/mail/aliases /etc/mail/aliases.db

If the file is not group-owned by root, sys, smmsp, or bin, this is a finding.","Change the group owner of the /etc/mail/aliases files.

Procedure:
# chgrp bin /etc/mail/aliases 
# chgrp smmsp /etc/mail/aliases.db","","","false","","","","","System Administrator","","M","Unclass","Solaris 10 SPARC Security Technical Implementation Guide :: Version 1, Release: 24 Benchmark Date: 25 Jan 2019","24","CCI-000225
The organization employs the concept of least privilege, allowing only authorized accesses for users (and processes acting on behalf of users) which are necessary to accomplish assigned tasks in accordance with organizational missions and business functions.
NIST SP 800-53 :: AC-6
NIST SP 800-53A :: AC-6.1
NIST SP 800-53 Revision 4 :: AC-6

",
"V-22439","medium","GEN004390","SV-26687r1_rule","GEN004390","The alias file must not have an extended ACL.","Excessive permissions on the aliases file may permit unauthorized modification.  If the alias file is modified by an unauthorized user, they may modify the file to run malicious code or redirect email.","ECLP-1","Find the alias files on the system.

Procedure:
# egrep '^O(A| AliasFile)' /etc/mail/sendmail.cf

If the ""alias file"" is an NIS or LDAP map, this check is not applicable. The default location is /etc/mail/aliases.

Check the permissions of the alias file and the hashed version of it used by sendmail.

Procedure:
# ls -lL /etc/mail/aliases /etc/mail/aliases.db

If the permissions include a ""+"", the file has an extended ACL and this is a finding.","Remove the extended ACL from the files.
# chmod A- /etc/mail/aliases /etc/mail/aliases.db","","","false","","","","","System Administrator","","M","Unclass","Solaris 10 SPARC Security Technical Implementation Guide :: Version 1, Release: 24 Benchmark Date: 25 Jan 2019","24","CCI-000225
The organization employs the concept of least privilege, allowing only authorized accesses for users (and processes acting on behalf of users) which are necessary to accomplish assigned tasks in accordance with organizational missions and business functions.
NIST SP 800-53 :: AC-6
NIST SP 800-53A :: AC-6.1
NIST SP 800-53 Revision 4 :: AC-6

",
"V-22440","medium","GEN004410","SV-39904r1_rule","GEN004410","Files executed through a mail aliases file must be group-owned by root, bin, or sys, and must reside within a directory group-owned by root, bin, or sys.","If a file executed through a mail aliases file is not group-owned by root or a system group, it may be subject to unauthorized modification.  Unauthorized modification of files executed through aliases may allow unauthorized users to attain root privileges.","ECLP-1","Examine the contents of the /etc/mail/aliases file.
For each file referenced, check the group ownership of the file.

Procedure:
# ls -lL <file referenced from aliases>

If the group owner of any file is not root, bin, or sys, this is a finding.","Change the group ownership of the file referenced from /etc/mail/aliases.

Procedure:
# chgrp root <file referenced from aliases>","","","false","","","","","System Administrator","","M","Unclass","Solaris 10 SPARC Security Technical Implementation Guide :: Version 1, Release: 24 Benchmark Date: 25 Jan 2019","24","CCI-000225
The organization employs the concept of least privilege, allowing only authorized accesses for users (and processes acting on behalf of users) which are necessary to accomplish assigned tasks in accordance with organizational missions and business functions.
NIST SP 800-53 :: AC-6
NIST SP 800-53A :: AC-6.1
NIST SP 800-53 Revision 4 :: AC-6

",
"V-22441","medium","GEN004430","SV-26696r1_rule","GEN004430","Files executed through a mail aliases file must not have extended ACLs.","Excessive permissions on files executed through a mail alias file could result in modification by an unauthorized user, execution of malicious code, and/or system compromise.","ECLP-1","Examine the contents of the /etc/mail/aliases file.
For each file referenced, check the permissions of the file.
# ls -lL [file referenced from aliases]
If the permissions include a ""+"", the file has an extended ACL and this is a finding.","Remove the extended ACL from the file.
# chmod A- [file referenced from aliases]","","","false","","","","","System Administrator","","M","Unclass","Solaris 10 SPARC Security Technical Implementation Guide :: Version 1, Release: 24 Benchmark Date: 25 Jan 2019","24","CCI-000225
The organization employs the concept of least privilege, allowing only authorized accesses for users (and processes acting on behalf of users) which are necessary to accomplish assigned tasks in accordance with organizational missions and business functions.
NIST SP 800-53 :: AC-6
NIST SP 800-53A :: AC-6.1
NIST SP 800-53 Revision 4 :: AC-6

",
"V-22442","medium","GEN004510","SV-26700r1_rule","GEN004510","The SMTP service log file must not have an extended ACL.","If the SMTP service log file has an extended ACL, unauthorized users may be allowed to access or to modify the log file.","ECLP-1","Examine /etc/syslog.conf and determine the log file(s) receiving logs for mail.crit, mail.debug, mail.*, or *.crit.
Check the permissions on these log files.
# ls -lL [log file]
If the permissions include a ""+"", the file has an extended ACL and this is a finding.","Remove the extended ACL from the file.
# chmod A- [log file]","","","false","","","","","System Administrator","","M","Unclass","Solaris 10 SPARC Security Technical Implementation Guide :: Version 1, Release: 24 Benchmark Date: 25 Jan 2019","24","CCI-000225
The organization employs the concept of least privilege, allowing only authorized accesses for users (and processes acting on behalf of users) which are necessary to accomplish assigned tasks in accordance with organizational missions and business functions.
NIST SP 800-53 :: AC-6
NIST SP 800-53A :: AC-6.1
NIST SP 800-53 Revision 4 :: AC-6

",
"V-22444","medium","GEN004930","SV-39905r1_rule","GEN004930","The ftpusers file must be group-owned by root, bin, or sys.","If the ftpusers file is not group-owned by root or a system group, an unauthorized user may modify the file to allow unauthorized accounts to use FTP.","ECLP-1","Check the group ownership of the ftpusers file.

Procedure:
# ls -lL /etc/ftpd/ftpusers /etc/vsftpd.ftpusers /etc/vsftpd/ftpusers

If the file is not group-owned by root, bin, or sys, this is a finding.","Change the group owner of the ftpusers file.

Procedure:
# chgrp root /etc/ftpusers","","","false","","","","","System Administrator","","M","Unclass","Solaris 10 SPARC Security Technical Implementation Guide :: Version 1, Release: 24 Benchmark Date: 25 Jan 2019","24","CCI-000225
The organization employs the concept of least privilege, allowing only authorized accesses for users (and processes acting on behalf of users) which are necessary to accomplish assigned tasks in accordance with organizational missions and business functions.
NIST SP 800-53 :: AC-6
NIST SP 800-53A :: AC-6.1
NIST SP 800-53 Revision 4 :: AC-6

",
"V-22445","medium","GEN004950","SV-26707r1_rule","GEN004950","The ftpusers file must not have an extended ACL.","Excessive permissions on the ftpusers file could permit unauthorized modification.  Unauthorized modification could result in Denial of Service to authorized FTP users or permit unauthorized users to access the FTP service.","ECLP-1","Check the permissions of the /etc/ftpd/ftpusers file.
# ls -lL /etc/ftpd/ftpusers
If the permissions include a ""+"", the file has an extended ACL and this is a finding.","Remove the extended ACL from the file.
# chmod A- /etc/ftpd/ftpusers","","","false","","","","","System Administrator","","M","Unclass","Solaris 10 SPARC Security Technical Implementation Guide :: Version 1, Release: 24 Benchmark Date: 25 Jan 2019","24","CCI-000225
The organization employs the concept of least privilege, allowing only authorized accesses for users (and processes acting on behalf of users) which are necessary to accomplish assigned tasks in accordance with organizational missions and business functions.
NIST SP 800-53 :: AC-6
NIST SP 800-53A :: AC-6.1
NIST SP 800-53 Revision 4 :: AC-6

",
"V-22446","medium","GEN005190","SV-26711r1_rule","GEN005190","The .Xauthority files must not have extended ACLs.",".Xauthority files ensure the user is authorized to access the specific X Windows host.  Extended ACLs may permit unauthorized modification of these files, which could lead to Denial of Service to authorized access or allow unauthorized access to be obtained.","ECLP-1","Check the file permissions for the .Xauthority files.
# ls -lL .Xauthority
If the permissions include a ""+"", the file has an extended ACL and this is a finding.
","Remove the extended ACL from the file.
# chmod A- .Xauthority","","","false","","","","","System Administrator","","M","Unclass","Solaris 10 SPARC Security Technical Implementation Guide :: Version 1, Release: 24 Benchmark Date: 25 Jan 2019","24","CCI-000225
The organization employs the concept of least privilege, allowing only authorized accesses for users (and processes acting on behalf of users) which are necessary to accomplish assigned tasks in accordance with organizational missions and business functions.
NIST SP 800-53 :: AC-6
NIST SP 800-53A :: AC-6.1
NIST SP 800-53 Revision 4 :: AC-6

",
"V-22447","medium","GEN005305","SV-26715r1_rule","GEN005305","The SNMP service must use only SNMPv3 or its successors.","SNMP Versions 1 and 2 are not considered secure. Without the strong authentication and privacy  provided by the SNMP Version 3 User-based Security Model (USM), an attacker or other unauthorized users may gain access to detailed system management information and use the information to launch attacks against the system.","DCPP-1","Verify the SNMP daemon is not configured to use the v1 or v2c security models.
# egrep '(v1|v2c|community|com2sec)' /etc/sma/snmp/snmpd.conf /var/sma_snmp/snmpd.conf /etc/snmp/conf/snmpd.conf /usr/sfw/lib/sma_snmp/snmpd.conf | grep -v '^#'
If any configuration is found, this is a finding.","Edit non-compliant snmpd.conf files and remove references to the v1, v2c, community, or com2sec.  Restart the SNMP service.
# svcadm restart svc:/application/management/sma:default","","","false","","","","","System Administrator","","M","Unclass","Solaris 10 SPARC Security Technical Implementation Guide :: Version 1, Release: 24 Benchmark Date: 25 Jan 2019","24","CCI-001435
The organization defines networking protocols within the information system deemed to be nonsecure.
NIST SP 800-53 :: AC-17 (8)
NIST SP 800-53A :: AC-17 (8).1 (i)

",
"V-22450","medium","GEN005350","SV-26727r1_rule","GEN005350","Management Information Base (MIB) files must not have extended ACLs.","The ability to read the MIB file could impart special knowledge to an intruder or malicious user about the ability to extract compromising information about the system or network.","ECLP-1","Check the modes for all Management Information Base (MIB) files on the system.

# find /etc/sma/snmp/ /etc/snmp/conf/ /var/sma_snmp/ /usr/sfw/lib/sma_snmp/ -type f | grep -i mib | egrep -v '\.conf$' | xargs ls -lL

If the permissions include a ""+"", the file has an extended ACL, this is a finding.","Remove the extended ACL from the file.
# chmod A- [mib file]","","","false","","","","","System Administrator","","M","Unclass","Solaris 10 SPARC Security Technical Implementation Guide :: Version 1, Release: 24 Benchmark Date: 25 Jan 2019","24","CCI-000225
The organization employs the concept of least privilege, allowing only authorized accesses for users (and processes acting on behalf of users) which are necessary to accomplish assigned tasks in accordance with organizational missions and business functions.
NIST SP 800-53 :: AC-6
NIST SP 800-53A :: AC-6.1
NIST SP 800-53 Revision 4 :: AC-6

",
"V-22451","medium","GEN005365","SV-26733r1_rule","GEN005365","The snmpd.conf file must be group-owned by root, sys, or bin.","The snmpd.conf file contains authenticators and must be protected from unauthorized access and modification.  If the file is not group-owned by a system group, it may be subject to access and modification from unauthorized users.","ECLP-1","Check the group ownership of the SNMP configuration files.

Procedure:
# ls -lL /etc/sma/snmp/snmpd.conf /var/sma_snmp/snmpd.conf /etc/snmp/conf/snmpd.conf /usr/sfw/lib/sma_snmp/snmpd.conf

If the files are not group-owned by root, sys, or bin, this is a finding.","Change the group ownership of the SNMP configuration file.

Procedure:
# chgrp root /etc/sma/snmp/snmpd.conf /var/sma_snmp/snmpd.conf /etc/snmp/conf/snmpd.conf /usr/sfw/lib/sma_snmp/snmpd.conf","","","false","","","","","System Administrator","","M","Unclass","Solaris 10 SPARC Security Technical Implementation Guide :: Version 1, Release: 24 Benchmark Date: 25 Jan 2019","24","CCI-000225
The organization employs the concept of least privilege, allowing only authorized accesses for users (and processes acting on behalf of users) which are necessary to accomplish assigned tasks in accordance with organizational missions and business functions.
NIST SP 800-53 :: AC-6
NIST SP 800-53A :: AC-6.1
NIST SP 800-53 Revision 4 :: AC-6

",
"V-22452","medium","GEN005375","SV-26737r1_rule","GEN005375","The snmpd.conf file must not have an extended ACL.","The snmpd.conf file contains authenticators and must be protected from unauthorized access and modification.","ECLP-1","Check the permissions of the SNMP configuration files.
# ls -lL/etc/sma/snmp/snmpd.conf /var/sma_snmp/snmpd.conf /etc/snmp/conf/snmpd.conf /usr/sfw/lib/sma_snmp/snmpd.conf
If the permissions include a ""+"", the file has an extended ACL and this is a finding.","Remove the extended ACL from the files.
# chmod A- /etc/sma/snmp/snmpd.conf /var/sma_snmp/snmpd.conf /etc/snmp/conf/snmpd.conf /usr/sfw/lib/sma_snmp/snmpd.conf","","","false","","","","","System Administrator","","M","Unclass","Solaris 10 SPARC Security Technical Implementation Guide :: Version 1, Release: 24 Benchmark Date: 25 Jan 2019","24","CCI-000225
The organization employs the concept of least privilege, allowing only authorized accesses for users (and processes acting on behalf of users) which are necessary to accomplish assigned tasks in accordance with organizational missions and business functions.
NIST SP 800-53 :: AC-6
NIST SP 800-53A :: AC-6.1
NIST SP 800-53 Revision 4 :: AC-6

",
"V-22453","medium","GEN005390","SV-26740r1_rule","GEN005390","The /etc/syslog.conf file must have mode 0640 or less permissive.","Unauthorized users must not be allowed to access or modify the /etc/syslog.conf file.","ECLP-1","Check the permissions of the syslog configuration file.
# ls -lL /etc/syslog.conf
If the mode of the file is more permissive than 0640, this is a finding.","Change the permissions of the syslog configuration file.
# chmod 0640 /etc/syslog.conf","","","false","","","","","System Administrator","","M","Unclass","Solaris 10 SPARC Security Technical Implementation Guide :: Version 1, Release: 24 Benchmark Date: 25 Jan 2019","24","CCI-000225
The organization employs the concept of least privilege, allowing only authorized accesses for users (and processes acting on behalf of users) which are necessary to accomplish assigned tasks in accordance with organizational missions and business functions.
NIST SP 800-53 :: AC-6
NIST SP 800-53A :: AC-6.1
NIST SP 800-53 Revision 4 :: AC-6

",
"V-22454","medium","GEN005395","SV-26743r1_rule","GEN005395","The /etc/syslog.conf file must not have an extended ACL.","Unauthorized users must not be allowed to access or modify the /etc/syslog.conf file.","ECLP-1","Check the permissions of the syslog configuration file.
# ls -lL /etc/syslog.conf
If the permissions include a ""+"", the file has an extended ACL and this is a finding.","Remove the extended ACL from the file.
# chmod A- /etc/syslog.conf","","","false","","","","","System Administrator","","M","Unclass","Solaris 10 SPARC Security Technical Implementation Guide :: Version 1, Release: 24 Benchmark Date: 25 Jan 2019","24","CCI-000225
The organization employs the concept of least privilege, allowing only authorized accesses for users (and processes acting on behalf of users) which are necessary to accomplish assigned tasks in accordance with organizational missions and business functions.
NIST SP 800-53 :: AC-6
NIST SP 800-53A :: AC-6.1
NIST SP 800-53 Revision 4 :: AC-6

",
"V-22455","medium","GEN005450","SV-26745r1_rule","GEN005450","The system must use a remote syslog server (log host).","A syslog server (log host) receives syslog messages from one or more systems.  This data can be used as an authoritative log source in the event a system is compromised and its local logs are suspect.","ECAT-1","Check the syslog configuration file for remote syslog servers.
# grep '@' /etc/syslog.conf | grep -v '^#'
If no line is returned, this is a finding.","Edit the syslog configuration file and add an appropriate remote syslog server.","","","false","","","","","System Administrator","","M","Unclass","Solaris 10 SPARC Security Technical Implementation Guide :: Version 1, Release: 24 Benchmark Date: 25 Jan 2019","24","CCI-000136
The organization centrally manages the content of audit records generated by organization defined information system components.
NIST SP 800-53 :: AU-3 (2)
NIST SP 800-53A :: AU-3 (2).1 (ii)

",
"V-22456","medium","GEN005501","SV-26749r1_rule","GEN005501","The SSH client must be configured to only use the SSHv2 protocol.","SSHv1 is not a DoD-approved protocol and has many well-known vulnerability exploits.  Exploits of the SSH client could provide access to the system with the privileges of the user running the client.","DCPP-1","Check the SSH client configuration for allowed protocol versions.
# grep -i protocol /etc/ssh/ssh_config | grep -v '^#' 
If the returned protocol configuration allows versions less than 2, this is a finding.","Edit the /etc/ssh/ssh_config file and add or edit a Protocol configuration line that does not allow versions less than 2.","","","false","","","","","System Administrator","","M","Unclass","Solaris 10 SPARC Security Technical Implementation Guide :: Version 1, Release: 24 Benchmark Date: 25 Jan 2019","24","CCI-001436
The organization disables organization defined networking protocols within the information system deemed to be nonsecure except for explicitly identified components in support of specific operational requirements.
NIST SP 800-53 :: AC-17 (8)
NIST SP 800-53A :: AC-17 (8).1 (ii)

",
"V-22457","medium","GEN005504","SV-26750r1_rule","GEN005504","The SSH daemon must only listen on management network addresses unless authorized for uses other than management.","The SSH daemon should only listen on network addresses designated for management traffic.  If the system has multiple network interfaces and SSH listens on addresses not designated for management traffic, the SSH service could be subject to unauthorized access.  If SSH is used for purposes other than management, such as providing an SFTP service, the list of approved listening addresses may be documented.","ECSC-1","Check the SSH daemon configuration for listening network addresses.
# grep -i Listen /etc/ssh/sshd_config | grep -v '^#'
If no configuration is returned, or if a returned Listen configuration contains addresses not designated for management traffic, this is a finding.","Edit the SSH daemon configuration to specify listening network addresses designated for management traffic.","","","true","","","","","System Administrator","","M","Unclass","Solaris 10 SPARC Security Technical Implementation Guide :: Version 1, Release: 24 Benchmark Date: 25 Jan 2019","24","CCI-000069
The information system routes all remote accesses through organization-defined number managed network access control points.
NIST SP 800-53 :: AC-17 (3)
NIST SP 800-53A :: AC-17 (3).1 (ii)
NIST SP 800-53 Revision 4 :: AC-17 (3)

",
"V-22458","medium","GEN005505","SV-41035r1_rule","GEN005505","The SSH daemon must be configured to only use FIPS 140-2 approved ciphers.","DoD information systems are required to use FIPS 140-2 approved ciphers.  SSHv2 ciphers meeting this requirement are 3DES and AES.","DCNR-1","Check the SSH daemon configuration for allowed ciphers.
# grep -i ciphers /etc/ssh/sshd_config | grep -v '^#' 
If no lines are returned, or the returned ciphers list contains any cipher not starting with 3des or aes, this is a finding.","Edit /etc/ssh/sshd_config and change or set the Ciphers line to the following.

Ciphers aes128-ctr, aes192-ctr, aes256-ctr","","","false","","","","","System Administrator","","M","Unclass","Solaris 10 SPARC Security Technical Implementation Guide :: Version 1, Release: 24 Benchmark Date: 25 Jan 2019","24","CCI-000068
The information system implements cryptographic mechanisms to protect the confidentiality of remote access sessions.
NIST SP 800-53 :: AC-17 (2)
NIST SP 800-53A :: AC-17 (2).1
NIST SP 800-53 Revision 4 :: AC-17 (2)

",
"V-22459","medium","GEN005506","SV-26752r2_rule","GEN005506","The SSH daemon must be configured to not use Cipher-Block Chaining (CBC) ciphers.","The Cipher-Block Chaining (CBC) mode of encryption as implemented in the SSHv2 protocol is vulnerable to chosen plain text attacks and must not be used.

","","Check the SSH daemon configuration for allowed ciphers.
# grep -i ciphers /etc/ssh/sshd_config | grep -v '^#' 
If no lines are returned, or the returned ciphers list contains any cipher ending with cbc, this is a finding.
","Edit /etc/ssh/sshd_config and add or edit the ""Ciphers"" line.  Only include ciphers that start with ""3des"" or ""aes"" and do not contain ""cbc"".  For the list of available ciphers for the particular version of your software, consult the sshd_config manpage.

Restart the SSH daemon.","","","false","","","","","System Administrator","","M","Unclass","Solaris 10 SPARC Security Technical Implementation Guide :: Version 1, Release: 24 Benchmark Date: 25 Jan 2019","24","CCI-000366
The organization implements the security configuration settings.
NIST SP 800-53 :: CM-6 b
NIST SP 800-53A :: CM-6.1 (iv)
NIST SP 800-53 Revision 4 :: CM-6 b

",
"V-22460","medium","GEN005507","SV-26753r2_rule","GEN005507","The SSH daemon must be configured to only use Message Authentication Codes (MACs) employing FIPS 140-2 approved cryptographic hash algorithms.","DoD information systems are required to use FIPS 140-2 approved cryptographic hash functions.","","Check the SSH daemon configuration for allowed MACs.

Procedure:
# grep -i macs /etc/ssh/sshd_config | grep -v '^#' 

If no lines are returned, or the returned MACs list contains any MAC that is not hmac-sha1 or a better hmac algorithm that is on the FIPS 140-2 approved list, this is a finding.","Edit the SSH daemon configuration and remove any MACs that are not hmac-sha1 or a better hmac algorithm that is on the FIPS 140-2 approved list. If necessary, add a MACs line.","","","false","","","","","System Administrator","","M","Unclass","Solaris 10 SPARC Security Technical Implementation Guide :: Version 1, Release: 24 Benchmark Date: 25 Jan 2019","24","CCI-001453
The information system implements cryptographic mechanisms to protect the integrity of remote access sessions.
NIST SP 800-53 :: AC-17 (2)
NIST SP 800-53A :: AC-17 (2).1
NIST SP 800-53 Revision 4 :: AC-17 (2)

",
"V-22461","medium","GEN005510","SV-26754r1_rule","GEN005510","The SSH client must be configured to only use FIPS 140-2 approved ciphers.","DoD information systems are required to use FIPS 140-2 approved ciphers.  SSHv2 ciphers meeting this requirement are 3DES and AES.","DCNR-1","Check the SSH client configuration for allowed ciphers.
# grep -i ciphers /etc/ssh/ssh_config | grep -v '^#' 
If no lines are returned, the returned ciphers list contains any cipher not starting with 3des or aes, this is a finding.","Edit /etc/ssh/ssh_config and add or edit the ""Ciphers"" line.  Only include ciphers that start with ""3des"" or ""aes"" and do not contain ""cbc"".  For the list of available ciphers for the particular version of your software, consult the ssh_config manpage.","","","false","","","","","System Administrator","","M","Unclass","Solaris 10 SPARC Security Technical Implementation Guide :: Version 1, Release: 24 Benchmark Date: 25 Jan 2019","24","CCI-000068
The information system implements cryptographic mechanisms to protect the confidentiality of remote access sessions.
NIST SP 800-53 :: AC-17 (2)
NIST SP 800-53A :: AC-17 (2).1
NIST SP 800-53 Revision 4 :: AC-17 (2)

",
"V-22462","medium","GEN005511","SV-26755r1_rule","GEN005511","The SSH client must be configured to not use CBC-based ciphers.","The Cipher-Block Chaining (CBC) mode of encryption as implemented in the SSHv2 protocol is vulnerable to chosen plain text attacks and must not be used.
","ECSC-1","Check the SSH client configuration for allowed ciphers.
# grep -i ciphers /etc/ssh/ssh_config | grep -v '^#' 
If no lines are returned, or the returned ciphers list contains any cipher ending with cbc, this is a finding.","Edit /etc/ssh/ssh_config and add or edit the ""Ciphers"" line.  Only include ciphers that start with ""3des"" or ""aes"" and do not contain ""cbc"".  For the list of available ciphers for the particular version of your software, consult the ssh_config manpage.","","","false","","","","","System Administrator","","M","Unclass","Solaris 10 SPARC Security Technical Implementation Guide :: Version 1, Release: 24 Benchmark Date: 25 Jan 2019","24","CCI-000366
The organization implements the security configuration settings.
NIST SP 800-53 :: CM-6 b
NIST SP 800-53A :: CM-6.1 (iv)
NIST SP 800-53 Revision 4 :: CM-6 b

",
"V-22463","medium","GEN005512","SV-26756r2_rule","GEN005512","The SSH client must be configured to only use Message Authentication Codes (MACs) employing FIPS 140-2 approved cryptographic hash algorithms.","DoD information systems are required to use FIPS 140-2 approved cryptographic hash functions.","","Check the SSH client configuration for allowed MACs.

Procedure:
# grep -i macs /etc/ssh/ssh_config | grep -v '^#' 

If no lines are returned, or the returned MACs list contains any MAC that is not hmac-sha1 or a better hmac algorithm that is on the FIPS 140-2 approved list, this is a finding.","Edit the SSH client configuration and remove any MACs that are not hmac-sha1 or a better hmac algorithm that is on the FIPS 140-2 approved list. If necessary, add a MACs line.","","","false","","","","","System Administrator","","M","Unclass","Solaris 10 SPARC Security Technical Implementation Guide :: Version 1, Release: 24 Benchmark Date: 25 Jan 2019","24","CCI-001453
The information system implements cryptographic mechanisms to protect the integrity of remote access sessions.
NIST SP 800-53 :: AC-17 (2)
NIST SP 800-53A :: AC-17 (2).1
NIST SP 800-53 Revision 4 :: AC-17 (2)

",
"V-22470","medium","GEN005521","SV-26763r1_rule","GEN005521","The SSH daemon must restrict login ability to specific users and/or groups.","Restricting SSH logins to a limited group of users, such as system administrators, prevents password-guessing and other SSH attacks from reaching system accounts and other accounts not authorized for SSH access.","ECLP-1","Check the SSH daemon configuration for the AllowGroups setting.
# grep -i AllowGroups /etc/ssh/sshd_config | grep -v '^#' 
If no lines are returned, this is a finding.","Edit the SSH daemon configuration and add an AllowGroups directive.","","","false","","","","","System Administrator","","M","Unclass","Solaris 10 SPARC Security Technical Implementation Guide :: Version 1, Release: 24 Benchmark Date: 25 Jan 2019","24","CCI-000225
The organization employs the concept of least privilege, allowing only authorized accesses for users (and processes acting on behalf of users) which are necessary to accomplish assigned tasks in accordance with organizational missions and business functions.
NIST SP 800-53 :: AC-6
NIST SP 800-53A :: AC-6.1
NIST SP 800-53 Revision 4 :: AC-6

",
"V-22471","medium","GEN005522","SV-26764r1_rule","GEN005522","The SSH public host key files must have mode 0644 or less permissive.","If a public host key file is modified by an unauthorized user, the SSH service may be compromised.","ECLP-1","Check the permissions for SSH public host key files.
# ls -lL /etc/ssh/*key.pub
If any file has a mode more permissive than 0644, this is a finding.","Change the permissions for the SSH public host key files.
# chmod 0644 /etc/ssh/*key.pub","","","false","","","","","System Administrator","","M","Unclass","Solaris 10 SPARC Security Technical Implementation Guide :: Version 1, Release: 24 Benchmark Date: 25 Jan 2019","24","CCI-000225
The organization employs the concept of least privilege, allowing only authorized accesses for users (and processes acting on behalf of users) which are necessary to accomplish assigned tasks in accordance with organizational missions and business functions.
NIST SP 800-53 :: AC-6
NIST SP 800-53A :: AC-6.1
NIST SP 800-53 Revision 4 :: AC-6

",
"V-22472","medium","GEN005523","SV-26765r1_rule","GEN005523","The SSH private host key files must have mode 0600 or less permissive.","If an unauthorized user obtains the private SSH host key file, the host could be impersonated.","ECLP-1","Check the permissions for SSH private host key files.
# ls -lL /etc/ssh/*key
If any file has a mode more permissive than 0600, this is a finding.","Change the permissions for the SSH private host key files.
# chmod 0600 /etc/ssh/*key","","","false","","","","","System Administrator","","M","Unclass","Solaris 10 SPARC Security Technical Implementation Guide :: Version 1, Release: 24 Benchmark Date: 25 Jan 2019","24","CCI-000225
The organization employs the concept of least privilege, allowing only authorized accesses for users (and processes acting on behalf of users) which are necessary to accomplish assigned tasks in accordance with organizational missions and business functions.
NIST SP 800-53 :: AC-6
NIST SP 800-53A :: AC-6.1
NIST SP 800-53 Revision 4 :: AC-6

",
"V-22473","low","GEN005524","SV-26766r1_rule","GEN005524","The SSH daemon must not permit GSSAPI authentication unless needed.","GSSAPI authentication is used to provide additional authentication mechanisms to applications. Allowing GSSAPI authentication through SSH exposes the system’s GSSAPI to remote hosts, increasing the attack surface of the system.  GSSAPI authentication must be disabled unless needed.","ECSC-1","Ask the SA if GSSAPI authentication is used for SSH authentication to the system.  If so, this is not applicable.

Check the SSH daemon configuration for the GSSAPI authentication setting.
# grep -i GSSAPIAuthentication /etc/ssh/sshd_config | grep -v '^#' 
If no lines are returned, or the setting is set to yes, this is a finding.","Edit the SSH daemon configuration and set (add if necessary) a GSSAPIAuthentication directive set to no.","","","false","","","","","System Administrator","","M","Unclass","Solaris 10 SPARC Security Technical Implementation Guide :: Version 1, Release: 24 Benchmark Date: 25 Jan 2019","24","CCI-000366
The organization implements the security configuration settings.
NIST SP 800-53 :: CM-6 b
NIST SP 800-53A :: CM-6.1 (iv)
NIST SP 800-53 Revision 4 :: CM-6 b

",
"V-22474","low","GEN005525","SV-26767r1_rule","GEN005525","The SSH client must not permit GSSAPI authentication unless needed.","GSSAPI authentication is used to provide additional authentication mechanisms to applications. Allowing GSSAPI authentication through SSH exposes the system’s GSSAPI to remote hosts, increasing the attack surface of the system.  GSSAPI authentication must be disabled unless needed.","ECSC-1","Check the SSH clients configuration for the GSSAPI authentication setting.
# grep -i GSSAPIAuthentication /etc/ssh/ssh_config | grep -v '^#' 
If no lines are returned, or the setting is set to yes, this is a finding.","Edit the SSH client configuration and set (add if necessary) a  GSSAPIAuthentication directive set to no.","","","false","","","","","System Administrator","","M","Unclass","Solaris 10 SPARC Security Technical Implementation Guide :: Version 1, Release: 24 Benchmark Date: 25 Jan 2019","24","CCI-000366
The organization implements the security configuration settings.
NIST SP 800-53 :: CM-6 b
NIST SP 800-53A :: CM-6.1 (iv)
NIST SP 800-53 Revision 4 :: CM-6 b

",
"V-22485","medium","GEN005536","SV-40400r1_rule","GEN005536","The SSH daemon must perform strict mode checking of home directory configuration files.","If other users have access to modify user-specific SSH configuration files, they may be able to log into the system as another user.","ECLP-1","Check the SSH daemon configuration for the StrictModes setting.
# grep -i StrictModes /etc/ssh/sshd_config | grep -v '^#'
If the setting is present and not set to yes, this is a finding.","Edit the SSH daemon configuration and change the StrictModes setting value to yes or remove it entirely. ","","","false","","","","","System Administrator","","M","Unclass","Solaris 10 SPARC Security Technical Implementation Guide :: Version 1, Release: 24 Benchmark Date: 25 Jan 2019","24","CCI-000225
The organization employs the concept of least privilege, allowing only authorized accesses for users (and processes acting on behalf of users) which are necessary to accomplish assigned tasks in accordance with organizational missions and business functions.
NIST SP 800-53 :: AC-6
NIST SP 800-53A :: AC-6.1
NIST SP 800-53 Revision 4 :: AC-6

",
"V-22487","medium","GEN005538","SV-40396r1_rule","GEN005538","The SSH daemon must not allow rhosts RSA authentication.
","If SSH permits rhosts RSA authentication, a user may be able to log in based on the keys of the host originating the request and not any user-specific authentication.","ECSC-1","Check the SSH daemon configuration for the RhostsRSAAuthentication setting.
# grep -i RhostsRSAAuthentication /etc/ssh/sshd_config | grep -v '^#'
If the setting is set to yes, this is a finding.","Edit the SSH daemon configuration and change the RhostsRSAAuthentication setting value to no or remove it entirely.","","","false","","","","","System Administrator","","M","Unclass","Solaris 10 SPARC Security Technical Implementation Guide :: Version 1, Release: 24 Benchmark Date: 25 Jan 2019","24","CCI-000366
The organization implements the security configuration settings.
NIST SP 800-53 :: CM-6 b
NIST SP 800-53A :: CM-6.1 (iv)
NIST SP 800-53 Revision 4 :: CM-6 b

",
"V-22488","medium","GEN005539","SV-26787r1_rule","GEN005539","The SSH daemon must not allow compression or must only allow compression after successful authentication.","If compression is allowed in an SSH connection prior to authentication, vulnerabilities in the compression software could result in compromise of the system from an unauthenticated connection, potentially with root privileges.","ECSC-1","Check the SSH daemon configuration for the Compression setting.
# grep -i Compression /etc/ssh/sshd_config | grep -v '^#' 
If the setting is not present, or set to yes, this is a finding.","Edit the SSH daemon configuration and add or edit the Compression setting value to no or delayed.","","","false","","","","","System Administrator","","M","Unclass","Solaris 10 SPARC Security Technical Implementation Guide :: Version 1, Release: 24 Benchmark Date: 25 Jan 2019","24","CCI-000366
The organization implements the security configuration settings.
NIST SP 800-53 :: CM-6 b
NIST SP 800-53A :: CM-6.1 (iv)
NIST SP 800-53 Revision 4 :: CM-6 b

",
"V-22489","medium","GEN005550","SV-40280r1_rule","GEN005550","The SSH daemon must be configured with the Department of Defense (DoD) login banner.","Failure to display the DoD logon banner prior to a logon attempt will negate legal proceedings resulting from unauthorized access to system resources.

The SSH service must be configured to display the DoD logon warning banner through the SSH daemon configuration.

The SSH daemon may also be used to provide SFTP service.  The warning banner configuration for SSH will apply to SFTP.","ECWM-1","Verify the SSH daemon is configured for logon warning banners.
# grep -i banner /etc/ssh/sshd_config | grep -v '^#'
# cat [banner file]
Verify the Banner configuration line is present and the file it references contains a login warning banner.

If the SSH daemon is not configured to display a logon warning banner, this is a finding.","Edit the SSH daemon configuration and add (or edit) a banner setting referencing a file containing a logon warning banner.

DoD Login Banners:

""You are accessing a U.S. Government (USG) Information System (IS) that is provided for USG-authorized use only.

By using this IS (which includes any device attached to this IS), you consent to the following conditions:

-The USG routinely intercepts and monitors communications on this IS for purposes including, but not limited to, penetration testing, COMSEC monitoring, network operations and defense, personnel misconduct (PM), law enforcement (LE), and counterintelligence (CI) investigations.

-At any time, the USG may inspect and seize data stored on this IS.

-Communications using, or data stored on, this IS are not private, are subject to routine monitoring, interception, and search, and may be disclosed or used for any USG-authorized purpose.

-This IS includes security measures (e.g., authentication and access controls) to protect USG interests--not for your personal benefit or privacy.

-Notwithstanding the above, using this IS does not constitute consent to PM, LE or CI investigative searching or monitoring of the content of privileged communications, or work product, related to personal representation or services by attorneys, psychotherapists, or clergy, and their assistants. Such communications and work product are private and confidential. See User Agreement for details.""

OR

""I've read & consent to terms in IS user agreem't.""   ","","","false","","","","","System Administrator","","M","Unclass","Solaris 10 SPARC Security Technical Implementation Guide :: Version 1, Release: 24 Benchmark Date: 25 Jan 2019","24","CCI-000048
The information system displays an organization-defined system use notification message or banner before granting access to the system that provides privacy and security notices consistent with applicable federal laws, Executive Orders, directives, policies, regulations, standards, and guidance.
NIST SP 800-53 :: AC-8 a
NIST SP 800-53A :: AC-8.1 (ii)
NIST SP 800-53 Revision 4 :: AC-8 a

",
"V-22490","medium","GEN005570","SV-26804r1_rule","GEN005570","The system must be configured with a default gateway for IPv6 if the system uses IPv6, unless the system is a router.","If a system has no default gateway defined, the system is at increased risk of man-in-the-middle, monitoring, and Denial of Service attacks.","ECSC-1","Check for a default route for IPv6.
# netstat -f inet6 -r | grep default
If the system uses IPv6, and no results are returned, this is a finding.","Add a default route for IPv6.
# route add -inet6 default <gateway>
Add this command to an init script.","","","false","","","","","System Administrator","","M","Unclass","Solaris 10 SPARC Security Technical Implementation Guide :: Version 1, Release: 24 Benchmark Date: 25 Jan 2019","24","CCI-000366
The organization implements the security configuration settings.
NIST SP 800-53 :: CM-6 b
NIST SP 800-53A :: CM-6.1 (iv)
NIST SP 800-53 Revision 4 :: CM-6 b

",
"V-22491","medium","GEN005610","SV-26810r1_rule","GEN005610","The system must not have IP forwarding for IPv6 enabled, unless the system is an IPv6 router.","If the system is configured for IP forwarding and is not a designated router, it could be used to bypass network security by providing a path for communication not filtered by network devices.","ECSC-1","Check if the system is configured for IPv6 forwarding.
# ndd /dev/ip6 ip6_forwarding
If the value is not 0, this is a finding.","Disable IPv6 forwarding.
# ndd -set /dev/ip6 ip6_forwarding 0
Edit startup scripts as necessary; add this command or remove commands setting the value to 1.","","","false","","","","","System Administrator","","M","Unclass","Solaris 10 SPARC Security Technical Implementation Guide :: Version 1, Release: 24 Benchmark Date: 25 Jan 2019","24","CCI-000366
The organization implements the security configuration settings.
NIST SP 800-53 :: CM-6 b
NIST SP 800-53A :: CM-6.1 (iv)
NIST SP 800-53 Revision 4 :: CM-6 b

",
"V-22492","medium","GEN005750","SV-26813r1_rule","GEN005750","The NFS export configuration file must be group-owned by root, bin, or sys.","Failure to give group ownership of the NFS export configuration file to root or system groups provides the designated group owner and possible unauthorized users with the potential to change system configuration which could weaken the system's security posture.","ECLP-1","Check the group ownership of the NFS export configuration file.

Procedure:
# ls -lL /etc/dfs/dfstab

If the file is not group-owned by root, bin, or sys, this is a finding.","Change the group ownership of the NFS export configuration file.

Procedure:
# chgrp root /etc/dfs/dfstab","","","false","","","","","System Administrator","","M","Unclass","Solaris 10 SPARC Security Technical Implementation Guide :: Version 1, Release: 24 Benchmark Date: 25 Jan 2019","24","CCI-000225
The organization employs the concept of least privilege, allowing only authorized accesses for users (and processes acting on behalf of users) which are necessary to accomplish assigned tasks in accordance with organizational missions and business functions.
NIST SP 800-53 :: AC-6
NIST SP 800-53A :: AC-6.1
NIST SP 800-53 Revision 4 :: AC-6

",
"V-22493","low","GEN005770","SV-26816r1_rule","GEN005770","The NFS exports configuration file must not have an extended ACL.","File system extended ACLs provide access to files beyond what is allowed by the mode numbers of the files.  Excessive permissions on the NFS export configuration file could allow unauthorized modification of the file, which could result in Denial of Service to authorized NFS exports and the creation of additional unauthorized exports.","ECLP-1","Check the group ownership of the NFS export configuration file.
# ls -lL /etc/dfs/dfstab
If the permissions include a ""+"", the file has an extended ACL and this is a finding.","Remove the extended ACL from the file.
# chmod A- /etc/dfs/dfstab","","","false","","","","","System Administrator","","M","Unclass","Solaris 10 SPARC Security Technical Implementation Guide :: Version 1, Release: 24 Benchmark Date: 25 Jan 2019","24","CCI-000225
The organization employs the concept of least privilege, allowing only authorized accesses for users (and processes acting on behalf of users) which are necessary to accomplish assigned tasks in accordance with organizational missions and business functions.
NIST SP 800-53 :: AC-6
NIST SP 800-53A :: AC-6.1
NIST SP 800-53 Revision 4 :: AC-6

",
"V-22496","medium","GEN005810","SV-26821r2_rule","GEN005810","All NFS exported system files and system directories must be group-owned by root, bin, or sys.","Failure to give group ownership of sensitive files or directories to root provides the members of the owning group with the potential to access sensitive information or change system configuration which could weaken the system's security posture.","ECLP-1","List the exports.
# cat /etc/dfs/dfstab
OR
# more /etc/dfs/sharetab

For each export, check the ownership information.
# ls -ldL <export>
If the directory is not group-owned by root, sys, or bin this is a finding.","Change the group owner of the export directory.
# chgrp root <export>","","","false","","","","","System Administrator","","M","Unclass","Solaris 10 SPARC Security Technical Implementation Guide :: Version 1, Release: 24 Benchmark Date: 25 Jan 2019","24","CCI-000225
The organization employs the concept of least privilege, allowing only authorized accesses for users (and processes acting on behalf of users) which are necessary to accomplish assigned tasks in accordance with organizational missions and business functions.
NIST SP 800-53 :: AC-6
NIST SP 800-53A :: AC-6.1
NIST SP 800-53 Revision 4 :: AC-6

",
"V-22497","medium","GEN006150","SV-26824r2_rule","GEN006150","The smb.conf file must not have an extended ACL.","Excessive permissions could endanger the security of the Samba configuration file and, ultimately, the system and network.","","Check the group ownership of the Samba configuration file. Default locations for this file include /etc, /etc/sfw, /etc/samba, and /etc/sfw/samba.  If the system has Samba installed in non-standard locations, also check the smb.conf in those locations.

Procedure:
# ls -lL /etc/smb.conf /etc/sfw/smb.conf /etc/samba/smb.conf /etc/sfw/samba/smb.conf
If the permissions include a ""+"", the file has an extended ACL and this is a finding.
","Remove the extended ACL from the file.
# chmod A- /etc/smb.conf /etc/sfw/smb.conf /etc/samba/smb.conf /etc/sfw/samba/smb.conf
","","","false","","","","","System Administrator","","M","Unclass","Solaris 10 SPARC Security Technical Implementation Guide :: Version 1, Release: 24 Benchmark Date: 25 Jan 2019","24","CCI-000225
The organization employs the concept of least privilege, allowing only authorized accesses for users (and processes acting on behalf of users) which are necessary to accomplish assigned tasks in accordance with organizational missions and business functions.
NIST SP 800-53 :: AC-6
NIST SP 800-53A :: AC-6.1
NIST SP 800-53 Revision 4 :: AC-6

",
"V-22498","medium","GEN006210","SV-26828r1_rule","GEN006210","The smbpasswd file must not have an extended ACL.","If the permissions of the smbpasswd file are too permissive, the smbpasswd file may be maliciously accessed or modified, potentially resulting in the compromise of Samba accounts.","ECLP-1","Check the group ownership of the Samba configuration file.
# ls -lL /etc/sfw/private/smbpasswd
If the permissions include a ""+"", the file has an extended ACL and this is a finding.","Remove the extended ACL from the file.
# chmod A- /etc/sfw/private/smbpasswd","","","false","","","","","System Administrator","","M","Unclass","Solaris 10 SPARC Security Technical Implementation Guide :: Version 1, Release: 24 Benchmark Date: 25 Jan 2019","24","CCI-000225
The organization employs the concept of least privilege, allowing only authorized accesses for users (and processes acting on behalf of users) which are necessary to accomplish assigned tasks in accordance with organizational missions and business functions.
NIST SP 800-53 :: AC-6
NIST SP 800-53A :: AC-6.1
NIST SP 800-53 Revision 4 :: AC-6

",
"V-22499","medium","GEN006225","SV-40295r2_rule","GEN006225","Samba must be configured to use an authentication mechanism other than ""share.""","Samba share authentication does not provide for individual user identification and must not be used.","","Check the security mode of the Samba configuration. Default locations for this file include /etc, /etc/sfw, /etc/samba, and /etc/sfw/samba.  If the system has Samba installed in non-standard locations, also check the smb.conf in those locations.

Procedure:
# grep -i security /etc/smb.conf /etc/sfw/smb.conf /etc/samba/smb.conf /etc/sfw/samba/smb.conf
If the security mode is share, this is a finding.
","Edit the smb.conf file and change the security setting to user or another valid setting other than share. ","","","false","","","","","System Administrator","","M","Unclass","Solaris 10 SPARC Security Technical Implementation Guide :: Version 1, Release: 24 Benchmark Date: 25 Jan 2019","24","CCI-000366
The organization implements the security configuration settings.
NIST SP 800-53 :: CM-6 b
NIST SP 800-53A :: CM-6.1 (iv)
NIST SP 800-53 Revision 4 :: CM-6 b

",
"V-22500","medium","GEN006230","SV-40296r2_rule","GEN006230","Samba must be configured to use encrypted passwords.","Samba must be configured to protect authenticators.  If Samba passwords are not encrypted for storage, plain-text user passwords may be read by those with access to the Samba password file.","","Check the encryption setting of the Samba configuration.

Procedure:
# grep -i 'encrypt passwords' /etc/smb.conf /etc/sfw/smb.conf /etc/samba/smb.conf /etc/sfw/samba/smb.conf
If the setting is not present, or not set to yes, this is a finding.
","Edit the smb.conf file and change the encrypt passwords setting to yes.","","","false","","","","","System Administrator","","M","Unclass","Solaris 10 SPARC Security Technical Implementation Guide :: Version 1, Release: 24 Benchmark Date: 25 Jan 2019","24","CCI-000366
The organization implements the security configuration settings.
NIST SP 800-53 :: CM-6 b
NIST SP 800-53A :: CM-6.1 (iv)
NIST SP 800-53 Revision 4 :: CM-6 b

",
"V-22501","medium","GEN006235","SV-40297r2_rule","GEN006235","Samba must be configured to not allow guest access to shares.","Guest access to shares permits anonymous access and is not permitted.","","Check the encryption setting for the Samba configuration. Default locations for this file include /etc, /etc/sfw, /etc/samba, and /etc/sfw/samba.  If the system has Samba installed in non-standard locations, also check the smb.conf in those locations.

Procedure:
# grep -i 'guest ok' /etc/smb.conf /etc/sfw/smb.conf /etc/samba/smb.conf /etc/sfw/samba/smb.conf
If the setting exists and is set to yes, this is a finding.
","Edit the smb.conf file and change the guest ok setting to no.   ","","","false","","","","","System Administrator","","M","Unclass","Solaris 10 SPARC Security Technical Implementation Guide :: Version 1, Release: 24 Benchmark Date: 25 Jan 2019","24","CCI-000366
The organization implements the security configuration settings.
NIST SP 800-53 :: CM-6 b
NIST SP 800-53A :: CM-6.1 (iv)
NIST SP 800-53 Revision 4 :: CM-6 b

",
"V-22502","medium","GEN006270","SV-26835r1_rule","GEN006270","The /etc/news/hosts.nntp file must not have an extended ACL.","File system extended ACLs provide access to files beyond what is allowed by the mode numbers of the files.  Excessive permissions on the hosts.nntp file may allow unauthorized modification which could lead to Denial of Service to authorized users or provide access to unauthorized users.","ECLP-1","Check the permissions of the file.
# ls -lL /etc/news/hosts.nntp
If the permissions include a ""+"", the file has an extended ACL, this is a finding.","Remove the extended ACL from the file.
# chmod A- /etc/news/hosts.nntp","","","false","","","","","System Administrator","","M","Unclass","Solaris 10 SPARC Security Technical Implementation Guide :: Version 1, Release: 24 Benchmark Date: 25 Jan 2019","24","CCI-000225
The organization employs the concept of least privilege, allowing only authorized accesses for users (and processes acting on behalf of users) which are necessary to accomplish assigned tasks in accordance with organizational missions and business functions.
NIST SP 800-53 :: AC-6
NIST SP 800-53A :: AC-6.1
NIST SP 800-53 Revision 4 :: AC-6

",
"V-22503","medium","GEN006290","SV-26842r1_rule","GEN006290","The /etc/news/hosts.nntp.nolimit file must not have an extended ACL.","File system extended ACLs provide access to files beyond what is allowed by the mode numbers of the files.  Excessive permissions on the hosts.nntp.nolimit file may allow unauthorized modification which could lead to Denial of Service to authorized users or provide access to unauthorized users.","ECLP-1","Check the permissions of the file.
# ls -lL /etc/news/hosts.nntp.nolimit
If the permissions include a ""+"", the file has an extended ACL and this is a finding.","Remove the extended ACL from the file.
# chmod A- /etc/news/hosts.nntp.nolimit","","","false","","","","","System Administrator","","M","Unclass","Solaris 10 SPARC Security Technical Implementation Guide :: Version 1, Release: 24 Benchmark Date: 25 Jan 2019","24","CCI-000225
The organization employs the concept of least privilege, allowing only authorized accesses for users (and processes acting on behalf of users) which are necessary to accomplish assigned tasks in accordance with organizational missions and business functions.
NIST SP 800-53 :: AC-6
NIST SP 800-53A :: AC-6.1
NIST SP 800-53 Revision 4 :: AC-6

",
"V-22504","medium","GEN006310","SV-26846r1_rule","GEN006310","The /etc/news/nnrp.access file must not have an extended ACL.","File system extended ACLs provide access to files beyond what is allowed by the mode numbers of the files.  Excessive permissions on the nnrp.access file may allow unauthorized modification which could lead to Denial of Service to authorized users or provide access to unauthorized users.","ECLP-1","Check the permissions of the file.
# ls -lL /etc/news/nnrp.access
If the permissions include a ""+"", the file has an extended ACL and this is a finding.","Remove the extended ACL from the file.
# chmod A- /etc/news/nnrp.access","","","false","","","","","System Administrator","","M","Unclass","Solaris 10 SPARC Security Technical Implementation Guide :: Version 1, Release: 24 Benchmark Date: 25 Jan 2019","24","CCI-000225
The organization employs the concept of least privilege, allowing only authorized accesses for users (and processes acting on behalf of users) which are necessary to accomplish assigned tasks in accordance with organizational missions and business functions.
NIST SP 800-53 :: AC-6
NIST SP 800-53A :: AC-6.1
NIST SP 800-53 Revision 4 :: AC-6

",
"V-22505","medium","GEN006330","SV-26850r1_rule","GEN006330","The /etc/news/passwd.nntp file must not have an extended ACL.","Extended ACLs may provide excessive permissions on the  /etc/news/passwd.nntp file, which may permit unauthorized  access or modification to the NNTP configuration.","ECLP-1","Check the permissions of the file.
# ls -lL /etc/news/passwd.nntp
If the permissions include a ""+"", the file has an extended ACL, this is a finding.","Remove the extended ACL from the file.
# chmod A- /etc/news/passwd.nntp","","","false","","","","","System Administrator","","M","Unclass","Solaris 10 SPARC Security Technical Implementation Guide :: Version 1, Release: 24 Benchmark Date: 25 Jan 2019","24","CCI-000225
The organization employs the concept of least privilege, allowing only authorized accesses for users (and processes acting on behalf of users) which are necessary to accomplish assigned tasks in accordance with organizational missions and business functions.
NIST SP 800-53 :: AC-6
NIST SP 800-53A :: AC-6.1
NIST SP 800-53 Revision 4 :: AC-6

",
"V-22506","medium","GEN006565","SV-26857r1_rule","GEN006565","The system package management tool must be used to verify system software periodically.","Verification using the system package management tool can be used to determine that system software has not been tampered with.

This requirement is not applicable to systems not using package management tools.","ECAT-1","Check the root crontab (crontab -l) for the presence of a package check command, such as, pkgchk -n.

If no such cron job is found, this is a finding.","Add a cron job to run a package verification command, such as, pkgchk -n.","","","false","","","","","System Administrator","","M","Unclass","Solaris 10 SPARC Security Technical Implementation Guide :: Version 1, Release: 24 Benchmark Date: 25 Jan 2019","24","CCI-000366
The organization implements the security configuration settings.
NIST SP 800-53 :: CM-6 b
NIST SP 800-53A :: CM-6.1 (iv)
NIST SP 800-53 Revision 4 :: CM-6 b

CCI-000698
The organization requires the developer of the information system, system component, or information system service to enable integrity verification of software and firmware components.
NIST SP 800-53 :: SA-10 (1)
NIST SP 800-53A :: SA-10 (1).1
NIST SP 800-53 Revision 4 :: SA-10 (1)

",
"V-22507","low","GEN006570","SV-26858r1_rule","GEN006570","The file integrity tool must be configured to verify ACLs.","ACLs can provide permissions beyond those permitted through the file mode and must be verified by file integrity tools.","ECAT-1","If using AIDE, verify the configuration contains the acl option for all monitored files and directories.  Here is an example AIDE configuration fragment.

SampleRule = p+i+l+n+u+g+s+m+c+acl+xattrs+sha256
/bin SampleRule

If the acl option is not present, this is a finding.

If using a different file integrity tool, check the configuration per tool documentation.","If using AIDE, edit the configuration and add the acl option for all monitored files and directories.

If using a different file integrity tool, configure ACL checking per the tool's documentation.","","","false","","","","","System Administrator","","M","Unclass","Solaris 10 SPARC Security Technical Implementation Guide :: Version 1, Release: 24 Benchmark Date: 25 Jan 2019","24","CCI-001297
The information system detects unauthorized changes to software and information.
NIST SP 800-53 :: SI-7
NIST SP 800-53A :: SI-7.1

",
"V-22508","low","GEN006571","SV-26860r1_rule","GEN006571","The file integrity tool must be configured to verify extended attributes.","Extended attributes in file systems are used to contain arbitrary data and file metadata with security implications.","ECAT-1","If using AIDE, verify the configuration contains the xattrs option for all monitored files and directories.  Here is an example AIDE configuration fragment.

SampleRule = p+i+l+n+u+g+s+m+c+acl+xattrs+sha256
/bin SampleRule

If the xattrs option is not present, this is a finding.

If using a different file integrity tool, check the configuration per tool documentation.","If using AIDE, edit the configuration and add the xattrs option for all monitored files and directories.

If using a different file integrity tool, configure extended attributes checking per the tool's documentation.","","","false","","","","","System Administrator","","M","Unclass","Solaris 10 SPARC Security Technical Implementation Guide :: Version 1, Release: 24 Benchmark Date: 25 Jan 2019","24","CCI-001297
The information system detects unauthorized changes to software and information.
NIST SP 800-53 :: SI-7
NIST SP 800-53A :: SI-7.1

",
"V-22509","low","GEN006575","SV-26861r1_rule","GEN006575","The file integrity tool must use FIPS 140-2 approved cryptographic hashes for validating file contents.","File integrity tools often use cryptographic hashes for verifying that file contents have not been altered.  These hashes must be FIPS 140-2 approved.","ECSC-1","If using AIDE, verify the configuration contains the sha256 or sha512 options for all monitored files and directories.  Here is an example AIDE configuration fragment.

SampleRule = p+i+l+n+u+g+s+m+c+acl+xattrs+sha256
/bin SampleRule

If either the sha256 or sha512 option is not present, this is a finding.

If using a different file integrity tool, check the configuration per tool documentation.","If using AIDE, edit the configuration and add the sha256 or sha512 option for all monitored files and directories.

If using a different file integrity tool, configure FIPS 140-2 approved cryptographic hashes per the tool's documentation.","","","false","","","","","System Administrator","","M","Unclass","Solaris 10 SPARC Security Technical Implementation Guide :: Version 1, Release: 24 Benchmark Date: 25 Jan 2019","24","CCI-001297
The information system detects unauthorized changes to software and information.
NIST SP 800-53 :: SI-7
NIST SP 800-53A :: SI-7.1

",
"V-22530","medium","GEN007480","SV-26894r1_rule","GEN007480","The Reliable Datagram Sockets (RDS) protocol must be disabled or not installed unless required.","The Reliable Datagram Sockets (RDS) protocol is a relatively new protocol developed by Oracle for communication between the nodes of a cluster.  Binding this protocol to the network stack increases the attack surface of the host.  Unprivileged local processes may be able to cause the system to dynamically load a protocol handler by opening a socket using the protocol.","ECSC-1","Ask the SA if RDS is required by application software running on the system.  If so, this is not applicable.

Verify the RDS protocol handler is not installed.
# pkginfo | grep SUNWrds
If no results are returned, this is not a finding.

Verify the RDS protocol handler is prevented from dynamic loading.
# grep ""exclude: rds"" /etc/system
If no result is returned, this is a finding.","Remove the RDS protocol handler package.
# pkgrm SUNWrds

OR

Prevent the RDS protocol handler from dynamic loading.
# echo ""exclude: rds"" >> /etc/system","","","false","","","","","System Administrator","","M","Unclass","Solaris 10 SPARC Security Technical Implementation Guide :: Version 1, Release: 24 Benchmark Date: 25 Jan 2019","24","CCI-000382
The organization configures the information system to prohibit or restrict the use of organization defined functions, ports, protocols, and/or services.
NIST SP 800-53 :: CM-7
NIST SP 800-53A :: CM-7.1 (iii)
NIST SP 800-53 Revision 4 :: CM-7 b

",
"V-22533","medium","GEN007540","SV-26902r1_rule","GEN007540","The Transparent Inter-Process Communication (TIPC) protocol must be disabled or not installed.","The Transparent Inter-Process Communication (TIPC) protocol is a relatively new cluster communications protocol developed by Ericsson.  Binding this protocol to the network stack increases the attack surface of the host.   Unprivileged local processes may be able to cause the kernel to dynamically load a protocol handler by opening a socket using the protocol.","ECSC-1","Verify the TIPC protocol handler package is not installed.
# pkginfo | grep SUNWtipc
If the TIPC protocol handler package is not installed,  this is not a finding

Verify the TIPC protocol handler is prevented from dynamic loading.
# grep ""exclude: tipc"" /etc/system
If no result is returned, this is a finding.","Remove the TIPC protocol handler package.
# pkgrm SUNWtipc

OR

Prevent the TIPC protocol handler from dynamic loading.
# echo ""exclude: tipc"" >> /etc/system","","","false","","","","","System Administrator","","M","Unclass","Solaris 10 SPARC Security Technical Implementation Guide :: Version 1, Release: 24 Benchmark Date: 25 Jan 2019","24","CCI-000382
The organization configures the information system to prohibit or restrict the use of organization defined functions, ports, protocols, and/or services.
NIST SP 800-53 :: CM-7
NIST SP 800-53A :: CM-7.1 (iii)
NIST SP 800-53 Revision 4 :: CM-7 b

",
"V-22545","medium","GEN007780","SV-26921r1_rule","GEN007780","The system must not have 6to4 enabled.","6to4 is an IPv6 transition mechanism that involves tunneling IPv6 packets encapsulated in IPv4 packets on an ad-hoc basis.  This is not a preferred transition strategy and increases the attack surface of the system.","ECSC-1","# ifconfig -a
If a tunnel interface is displayed with an IPv4 tunnel source address, an IPv6 interface address, and no tunnel destination address, this is a finding.","Disable the active 6to4 tunnel.
# ifconfig <tunnel> down

Check the /etc/hostname* files for startup configuration for the tunnel, and edit or delete as appropriate to prevent the tunnel creation on startup. ","","","false","","","","","System Administrator","","M","Unclass","Solaris 10 SPARC Security Technical Implementation Guide :: Version 1, Release: 24 Benchmark Date: 25 Jan 2019","24","CCI-001551
The organization defines approved authorizations for controlling the flow of information between interconnected systems.
NIST SP 800-53 :: AC-4
NIST SP 800-53A :: AC-4.1 (ii)
NIST SP 800-53 Revision 4 :: AC-4

",
"V-22547","medium","GEN007820","SV-26927r1_rule","GEN007820","The system must not have IP tunnels configured.","IP tunneling mechanisms can be used to bypass network filtering.","ECSC-1","Check for any IP tunnels.
# ifconfig -a | grep 'ip.*tun'
If any results are returned, this is a finding.","Disable the tunnels.
# ifconfig <tunnel> down
Remove the startup configuration for the tunnels.
# rm /etc/hostname.<tunnel>","","","false","","","","","System Administrator","","M","Unclass","Solaris 10 SPARC Security Technical Implementation Guide :: Version 1, Release: 24 Benchmark Date: 25 Jan 2019","24","CCI-001551
The organization defines approved authorizations for controlling the flow of information between interconnected systems.
NIST SP 800-53 :: AC-4
NIST SP 800-53A :: AC-4.1 (ii)
NIST SP 800-53 Revision 4 :: AC-4

",
"V-22548","medium","GEN007840","SV-26931r1_rule","GEN007840","The DHCP client must be disabled if not needed.","DHCP allows for the unauthenticated configuration of network parameters on the system by exchanging information with a DHCP server.","ECSC-1","Verify no interface is configured to use DHCP.
# ls /etc/dhcp.*
If any file is found, this is a finding.","Delete the DHCP client configuration.
# rm /etc/dhcp.*","","","false","","","","","System Administrator","","M","Unclass","Solaris 10 SPARC Security Technical Implementation Guide :: Version 1, Release: 24 Benchmark Date: 25 Jan 2019","24","CCI-000366
The organization implements the security configuration settings.
NIST SP 800-53 :: CM-6 b
NIST SP 800-53A :: CM-6.1 (iv)
NIST SP 800-53 Revision 4 :: CM-6 b

",
"V-22550","medium","GEN007860","SV-26937r2_rule","GEN007860","The system must ignore IPv6 ICMP redirect messages.","ICMP redirect messages are used by routers to inform hosts that a more direct route exists for a particular destination. These messages modify the host's route table and are unauthenticated. An illicit ICMP redirect message could result in a man-in-the-middle attack.","","Determine the type of zone that you are currently securing.
# zonename

If the zone is not the global zone, determine if any interfaces are exclusive to the zone:
# dladm show-link

If the output indicates ""insufficient privileges"" then this requirement is not applicable.

If the zone is the global zone or the non-global zone has exclusive interfaces verify the system is configured to ignore IPv6 ICMP redirect messages.
# ndd /dev/ip6 ip6_ignore_redirect

If the returned value is not 1, this is a finding.","Configure the system to ignore IPv6 ICMP redirect messages.
# ndd -set /dev/ip6 ip6_ignore_redirect 1
Also add this command to a system startup script.","","","false","","","","","System Administrator","","M","Unclass","Solaris 10 SPARC Security Technical Implementation Guide :: Version 1, Release: 24 Benchmark Date: 25 Jan 2019","24","CCI-001551
The organization defines approved authorizations for controlling the flow of information between interconnected systems.
NIST SP 800-53 :: AC-4
NIST SP 800-53A :: AC-4.1 (ii)
NIST SP 800-53 Revision 4 :: AC-4

",
"V-22551","medium","GEN007880","SV-26938r2_rule","GEN007880","The system must not send IPv6 ICMP redirects.","ICMP redirect messages are used by routers to inform hosts that a more direct route exists for a particular destination. These messages contain information from the system's route table revealing  portions of the network topology.","","Determine the type of zone that you are currently securing.
# zonename

If the zone is not the global zone, determine if any interfaces are exclusive to the zone:
# dladm show-link

If the output indicates ""insufficient privileges"" then this requirement is not applicable.

If the zone is the global zone or the non-global zone has exclusive interfaces verify the system is configured to not send IPv6 ICMP redirect messages.
# ndd /dev/ip6 ip6_send_redirects

If the returned value is not 0, this is a finding.","Configure the system to not send IPv6 ICMP redirect messages.
# ndd -set /dev/ip6 ip6_send_redirects 0

Also, add this command to a system startup script.","","","false","","","","","System Administrator","","M","Unclass","Solaris 10 SPARC Security Technical Implementation Guide :: Version 1, Release: 24 Benchmark Date: 25 Jan 2019","24","CCI-001551
The organization defines approved authorizations for controlling the flow of information between interconnected systems.
NIST SP 800-53 :: AC-4
NIST SP 800-53A :: AC-4.1 (ii)
NIST SP 800-53 Revision 4 :: AC-4

",
"V-22552","medium","GEN007900","SV-26227r1_rule","GEN007900","The system must use an appropriate reverse-path filter for IPv6 network traffic, if the system uses IPv6.","Reverse-path filtering provides protection against spoofed source addresses by causing the system to discard packets with source addresses for which the system has no route or if the route does not point towards the interface on which the packet arrived. Depending on the role of the system, reverse-path filtering may cause legitimate traffic to be discarded and, therefore, should be used with a more permissive mode or filter, or not at all. Whenever possible, reverse-path filtering should be used.","ECSC-1","Determine if the system uses a reverse-path filter for IPv6 network traffic. If it does not, this is a finding.","Configure the system to use a reverse-path filter for IPv6 network traffic.","","","false","","","","","System Administrator","","M","Unclass","Solaris 10 SPARC Security Technical Implementation Guide :: Version 1, Release: 24 Benchmark Date: 25 Jan 2019","24","CCI-001551
The organization defines approved authorizations for controlling the flow of information between interconnected systems.
NIST SP 800-53 :: AC-4
NIST SP 800-53A :: AC-4.1 (ii)
NIST SP 800-53 Revision 4 :: AC-4

",
"V-22553","medium","GEN007920","SV-26940r2_rule","GEN007920","The system must not forward IPv6 source-routed packets.","Source-routed packets allow the source of the packet to suggest that routers forward the packet along a different path than configured on the router, which can be used to bypass network security measures.  This requirement applies only to the forwarding of source-routed traffic, such as when IPv6 forwarding is enabled and the system is functioning as a router.  ","","Determine the type of zone that you are currently securing.
# zonename

If the zone is not the global zone, determine if any interfaces are exclusive to the zone:
# dladm show-link

If the output indicates ""insufficient privileges"" then this requirement is not applicable.

If the zone is the global zone or the non-global zone has exclusive interfaces verify the system is configured to not forward IPv6 source-routed packets.
# ndd /dev/ip6 ip6_forward_src_routed

If the returned value is not 0, this is a finding.","Configure the system to not forward IPv6 source-routed packets.
# ndd -set /dev/ip6 ip6_forward_src_routed 0

Also, add this command to a system startup script.","","","false","","","","","System Administrator","","M","Unclass","Solaris 10 SPARC Security Technical Implementation Guide :: Version 1, Release: 24 Benchmark Date: 25 Jan 2019","24","CCI-001551
The organization defines approved authorizations for controlling the flow of information between interconnected systems.
NIST SP 800-53 :: AC-4
NIST SP 800-53A :: AC-4.1 (ii)
NIST SP 800-53 Revision 4 :: AC-4

",
"V-22555","medium","GEN007980","SV-41038r1_rule","GEN007980","If the system is using LDAP for authentication or account information, the system must use a TLS connection using FIPS 140-2 approved cryptographic algorithms.","LDAP can be used to provide user authentication and account information, which are vital to system security. Communication between an LDAP server and a host using LDAP requires protection.","DCNR-1","Check if the system is using NSS LDAP.
# grep -v '^#' /etc/nsswitch.conf | grep ldap
If no lines are returned, this vulnerability is not applicable.

Verify TLS is used for client authentications to the server
# grep ""NS_LDAP_AUTH="" /var/ldap/ldap_client_file
If any of the authentication methods used do not begin with ""tls:"", this is a finding.

Retrieve the list of LDAP servers.
# grep ""NS_LDAP_SERVERS="" /var/ldap/client_file
Use the certutil to verify the cipher(s) used for every server.
# certutil -L -n < host nickname > -d /var/ldap
If any of the TLS connections do not use FIPS 140-2 approved cryptographic algorithms, this is a finding.","Configure all LDAP authentications and connections to be encrypted using TLS and FIPS 140-2 approved cryptographic algorithms.","","","false","","","","","System Administrator","","M","Unclass","Solaris 10 SPARC Security Technical Implementation Guide :: Version 1, Release: 24 Benchmark Date: 25 Jan 2019","24","CCI-001453
The information system implements cryptographic mechanisms to protect the integrity of remote access sessions.
NIST SP 800-53 :: AC-17 (2)
NIST SP 800-53A :: AC-17 (2).1
NIST SP 800-53 Revision 4 :: AC-17 (2)

",
"V-22559","medium","GEN008060","SV-40726r1_rule","GEN008060","If the system is using LDAP for authentication or account information the LDAP client configuration file must have mode 0600 or less permissive.","LDAP can be used to provide user authentication and account information, which are vital to system security.  The LDAP client configuration must be protected from unauthorized modification.","ECLP-1","Verify the permissions of the files.
# ls -lL /var/ldap/ldap_client_file /var/ldap/ldap_client_cred
If the mode of either file is more permissive than 0600, this is a finding.","Change the permissions of the files.
# chmod 0600 /var/ldap/ldap_client_file /var/ldap/ldap_client_cred","","","false","","","","","System Administrator","","M","Unclass","Solaris 10 SPARC Security Technical Implementation Guide :: Version 1, Release: 24 Benchmark Date: 25 Jan 2019","24","CCI-000225
The organization employs the concept of least privilege, allowing only authorized accesses for users (and processes acting on behalf of users) which are necessary to accomplish assigned tasks in accordance with organizational missions and business functions.
NIST SP 800-53 :: AC-6
NIST SP 800-53A :: AC-6.1
NIST SP 800-53 Revision 4 :: AC-6

",
"V-22560","medium","GEN008080","SV-40727r1_rule","GEN008080","If the system is using LDAP for authentication or account information, the LDAP configuration file must be owned by root.","LDAP can be used to provide user authentication and account information, which are vital to system security.  The LDAP client configuration must be protected from unauthorized modification.","ECLP-1","Verify the ownership of the files.
# ls -lL /var/ldap/ldap_client_file /var/ldap/ldap_client_cred
If the files are not owned by root, this is a finding.","Change the owner of the files.
# chown root /var/ldap/ldap_client_file /var/ldap/ldap_client_cred","","","false","","","","","System Administrator","","M","Unclass","Solaris 10 SPARC Security Technical Implementation Guide :: Version 1, Release: 24 Benchmark Date: 25 Jan 2019","24","CCI-000225
The organization employs the concept of least privilege, allowing only authorized accesses for users (and processes acting on behalf of users) which are necessary to accomplish assigned tasks in accordance with organizational missions and business functions.
NIST SP 800-53 :: AC-6
NIST SP 800-53A :: AC-6.1
NIST SP 800-53 Revision 4 :: AC-6

",
"V-22561","medium","GEN008100","SV-39906r1_rule","GEN008100","If the system is using LDAP for authentication or account information, the LDAP configuration file must be group-owned by root, bin, or sys.","LDAP can be used to provide user authentication and account information, which are vital to system security.  The LDAP client configuration must be protected from unauthorized modification.","ECLP-1","Check the group ownership of the files.

Procedure:
# ls -lL /var/ldap/ldap_client_file /var/ldap/ldap_client_cred

If the files are not group-owned by root, bin, or sys, this is a finding.","Change the group-owner of the files to root, bin, or sys.

Procedure:
# chgrp root /var/ldap/ldap_client_file /var/ldap/ldap_client_cred","","","false","","","","","System Administrator","","M","Unclass","Solaris 10 SPARC Security Technical Implementation Guide :: Version 1, Release: 24 Benchmark Date: 25 Jan 2019","24","CCI-000225
The organization employs the concept of least privilege, allowing only authorized accesses for users (and processes acting on behalf of users) which are necessary to accomplish assigned tasks in accordance with organizational missions and business functions.
NIST SP 800-53 :: AC-6
NIST SP 800-53A :: AC-6.1
NIST SP 800-53 Revision 4 :: AC-6

",
"V-22562","medium","GEN008120","SV-40728r1_rule","GEN008120","If the system is using LDAP for authentication or account information, the /etc/ldap.conf (or equivalent) file must not have an extended ACL.","LDAP can be used to provide user authentication and account information, which are vital to system security.  The LDAP client configuration must be protected from unauthorized modification.","ECLP-1","Verify the permissions of the files.
# ls -lL /var/ldap/ldap_client_file /var/ldap/ldap_client_cred
If the permissions include a ""+"", the files have an extended ACL, this is a finding.","Remove the extended ACL from the files.
# chmod A- /var/ldap/ldap_client_file /var/ldap/ldap_client_cred","","","false","","","","","System Administrator","","M","Unclass","Solaris 10 SPARC Security Technical Implementation Guide :: Version 1, Release: 24 Benchmark Date: 25 Jan 2019","24","CCI-000225
The organization employs the concept of least privilege, allowing only authorized accesses for users (and processes acting on behalf of users) which are necessary to accomplish assigned tasks in accordance with organizational missions and business functions.
NIST SP 800-53 :: AC-6
NIST SP 800-53A :: AC-6.1
NIST SP 800-53 Revision 4 :: AC-6

",
"V-22563","medium","GEN008140","SV-40755r1_rule","GEN008140","If the system is using LDAP for authentication or account information, the TLS certificate authority file and/or directory (as appropriate) must be owned by root.","LDAP can be used to provide user authentication and account information, which are vital to system security.  The LDAP client configuration must be protected from unauthorized modification.","ECLP-1","Check if the system is using NSS LDAP.
# grep -v '^#' /etc/nsswitch.conf | grep ldap
If no lines are returned, this vulnerability is not applicable.

Verify the ownership of the certificate database files.
# ls -lL /var/ldap/cert8.db /var/ldap/key3.db /var/ldap/secmod.db
If the owner of any of the files is not root, this is a finding.","Change the ownership of the certificate database files.
# chown root /var/ldap/cert8.db /var/ldap/key3.db /var/ldap/secmod.db","","","false","","","","","System Administrator","","M","Unclass","Solaris 10 SPARC Security Technical Implementation Guide :: Version 1, Release: 24 Benchmark Date: 25 Jan 2019","24","CCI-000225
The organization employs the concept of least privilege, allowing only authorized accesses for users (and processes acting on behalf of users) which are necessary to accomplish assigned tasks in accordance with organizational missions and business functions.
NIST SP 800-53 :: AC-6
NIST SP 800-53A :: AC-6.1
NIST SP 800-53 Revision 4 :: AC-6

",
"V-22564","medium","GEN008160","SV-39907r1_rule","GEN008160","If the system is using LDAP for authentication or account information, the TLS certificate authority file and/or directory (as appropriate) must be group-owned by root, bin, or sys.","LDAP can be used to provide user authentication and account information, which are vital to system security.  The LDAP client configuration must be protected from unauthorized modification","ECLP-1","Check if the system is using NSS LDAP.
# grep -v '^#' /etc/nsswitch.conf | grep ldap
If no lines are returned, this vulnerability is not applicable.

Verify the group ownership of the certificate database files.
# ls -lL /var/ldap/cert8.db /var/ldap/key3.db /var/ldap/secmod.db
If the group owner of any of the files is not root, bin, or sys, this is a finding.","Change the group ownership of the certificate database files.
# chgrp root /var/ldap/cert8.db /var/ldap/key3.db /var/ldap/secmod.db","","","false","","","","","System Administrator","","M","Unclass","Solaris 10 SPARC Security Technical Implementation Guide :: Version 1, Release: 24 Benchmark Date: 25 Jan 2019","24","CCI-000225
The organization employs the concept of least privilege, allowing only authorized accesses for users (and processes acting on behalf of users) which are necessary to accomplish assigned tasks in accordance with organizational missions and business functions.
NIST SP 800-53 :: AC-6
NIST SP 800-53A :: AC-6.1
NIST SP 800-53 Revision 4 :: AC-6

",
"V-22565","medium","GEN008180","SV-40760r1_rule","GEN008180","If the system is using LDAP for authentication or account information, the TLS certificate authority file and/or directory (as appropriate) must have mode 0644 (0755 for directories) or less permissive.","LDAP can be used to provide user authentication and account information, which are vital to system security.  The LDAP client configuration must be protected from unauthorized modification.","ECLP-1","Check if the system is using NSS LDAP.
# grep -v '^#' /etc/nsswitch.conf | grep ldap
If no lines are returned, this vulnerability is not applicable.

Verify the mode of the certificate database files.
# ls -lL /var/ldap/cert8.db /var/ldap/key3.db /var/ldap/secmod.db
If the mode of any of the files is more permissive than 0644, this is a finding.","Change the mode of the certificate database files.
# chmod 0644 /var/ldap/cert8.db /var/ldap/key3.db /var/ldap/secmod.db

NOTE:  Some SAs may prefer to set the permissions to 0600.  This is acceptable.","","","false","","","","","System Administrator","","M","Unclass","Solaris 10 SPARC Security Technical Implementation Guide :: Version 1, Release: 24 Benchmark Date: 25 Jan 2019","24","CCI-000225
The organization employs the concept of least privilege, allowing only authorized accesses for users (and processes acting on behalf of users) which are necessary to accomplish assigned tasks in accordance with organizational missions and business functions.
NIST SP 800-53 :: AC-6
NIST SP 800-53A :: AC-6.1
NIST SP 800-53 Revision 4 :: AC-6

",
"V-22566","medium","GEN008200","SV-37427r1_rule","GEN008200","If the system is using LDAP for authentication or account information, the LDAP TLS certificate authority file and/or directory (as appropriate) must not have an extended ACL.","LDAP can be used to provide user authentication and account information, which are vital to system security.  The LDAP client configuration must be protected from unauthorized modification.","ECLP-1","Check if the system is using NSS LDAP.
# grep -v '^#' /etc/nsswitch.conf | grep ldap
If no lines are returned, this vulnerability is not applicable.

Verify the permissions of the certificate database files.
# ls -lL /var/ldap/cert8.db /var/ldap/key3.db /var/ldap/secmod.db
If the permissions of any of the files contain a ""+"", and extended ACL is present, this is a finding.","Remove the extended ACL from the certificate database files.
# chmod A- /var/ldap/cert8.db /var/ldap/key3.db /var/ldap/secmod.db","","","false","","","","","System Administrator","","M","Unclass","Solaris 10 SPARC Security Technical Implementation Guide :: Version 1, Release: 24 Benchmark Date: 25 Jan 2019","24","CCI-000225
The organization employs the concept of least privilege, allowing only authorized accesses for users (and processes acting on behalf of users) which are necessary to accomplish assigned tasks in accordance with organizational missions and business functions.
NIST SP 800-53 :: AC-6
NIST SP 800-53A :: AC-6.1
NIST SP 800-53 Revision 4 :: AC-6

",
"V-22577","low","GEN008440","SV-26965r1_rule","GEN008440","Automated file system mounting tools must not be enabled unless needed.","Automated file system mounting tools may provide unprivileged users with the ability to access local media and network shares.  If this access is not necessary for the system’s operation, it must be disabled to reduce the risk of unauthorized access to these resources.","ECSC-1","If the autofs service is needed, this vulnerability is not applicable.
Check if the autofs service is running.
# svcs svc:/system/filesystem/autofs
If the autofs service is online this is a finding.","Stop and disable the autofs service.
# svcadm disable autofs
","","","false","","","","","System Administrator","","M","Unclass","Solaris 10 SPARC Security Technical Implementation Guide :: Version 1, Release: 24 Benchmark Date: 25 Jan 2019","24","CCI-000366
The organization implements the security configuration settings.
NIST SP 800-53 :: CM-6 b
NIST SP 800-53A :: CM-6.1 (iv)
NIST SP 800-53 Revision 4 :: CM-6 b

",
"V-22578","low","GEN008460","SV-26968r1_rule","GEN008460","The system must have USB disabled unless needed.","USB is a common computer peripheral interface.  USB devices may include storage devices that could be used to install malicious software on a system or exfiltrate data.
","ECSC-1","If the system needs USB, this vulnerability is not applicable.
Verify the SUNWusb package is installed.
# pkginfo SUNWusb
If the package is installed, this is a finding.","Remove the SUNWusb package.
# pkgrm SUNWusb","","","true","","","","","System Administrator","","M","Unclass","Solaris 10 SPARC Security Technical Implementation Guide :: Version 1, Release: 24 Benchmark Date: 25 Jan 2019","24","CCI-000366
The organization implements the security configuration settings.
NIST SP 800-53 :: CM-6 b
NIST SP 800-53A :: CM-6.1 (iv)
NIST SP 800-53 Revision 4 :: CM-6 b

",
"V-22579","low","GEN008480","SV-26970r4_rule","GEN008480","The system must have USB Mass Storage disabled unless needed.","USB is a common computer peripheral interface.  USB devices may include storage devices that could be used to install malicious software on a system or exfiltrate data.","","If the system needs a particular USB driver for storage, this vulnerability is not applicable.

Check the current loaded kernel modules:

# modinfo | grep usb_ac
# modinfo | grep usb_as
# modinfo | grep hid
# modinfo | grep scsa2usb
# modinfo | grep usbprn
# modinfo | grep usbser_edge

If any command produces output, this is a finding.

Check the configuration of the /etc/system file:

# grep 'exclude: usb_ac' /etc/system
# grep 'exclude: usb_as' /etc/system
# grep 'exclude: hid' /etc/system
# grep 'exclude: scsa2usb' /etc/system
# grep 'exclude: usbprn' /etc/system
# grep 'exclude: usbser_edge' /etc/system

If no results are returned from any particular command, this is a finding.","Prevent the USB drivers from loading:
# echo ""exclude: usb_ac"" >> /etc/system   
# echo ""exclude: usb_as"" >> /etc/system 
# echo ""exclude: hid"" >> /etc/system 
# echo ""exclude: scsa2usb"" >> /etc/system 
# echo ""exclude: usbprn"" >> /etc/system 
# echo ""exclude: usbser_edge"" >> /etc/system 

The system must be restarted for these changes to take effect.","","","true","","","","","System Administrator","","M","Unclass","Solaris 10 SPARC Security Technical Implementation Guide :: Version 1, Release: 24 Benchmark Date: 25 Jan 2019","24","CCI-000366
The organization implements the security configuration settings.
NIST SP 800-53 :: CM-6 b
NIST SP 800-53A :: CM-6.1 (iv)
NIST SP 800-53 Revision 4 :: CM-6 b

",
"V-22580","low","GEN008500","SV-26972r1_rule","GEN008500","The system must have IEEE 1394 (Firewire) disabled unless needed.","Firewire is a common computer peripheral interface.  Firewire devices may include storage devices that could be used to install malicious software on a system or exfiltrate data.","ECSC-1","If the system needs IEEE 1394 (Firewire), this is not applicable.
Check if the firewire module is not disabled.
# grep 'exclude: s1394' /etc/system
If no results are returned, this is a finding.","Disable the firewire module.

# echo ""exclude: s1394"" >> /etc/system

Reboot for the changes to take effect.","","","true","","","","","System Administrator","","M","Unclass","Solaris 10 SPARC Security Technical Implementation Guide :: Version 1, Release: 24 Benchmark Date: 25 Jan 2019","24","CCI-000366
The organization implements the security configuration settings.
NIST SP 800-53 :: CM-6 b
NIST SP 800-53A :: CM-6.1 (iv)
NIST SP 800-53 Revision 4 :: CM-6 b

",
"V-22582","medium","GEN008520","SV-26974r3_rule","GEN008520","The system must employ a local firewall.","A local firewall protects the system from exposing unnecessary or undocumented network services to the local enclave.  If a system within the enclave is compromised, firewall protection on an individual system continues to protect it from attack.","","Determine the zone that you are currently securing.

# zonename

If the command output is ""global"", only the ""phys"" and ""SR-IOV"" interfaces assigned to the global zone require inspection. If using a non-Global zone, all ""phys"" and ""SR-IOV"" interfaces assigned to the zone require inspection.

Determine if the system is using a local firewall.
# svcs network/ipfilter
If the service is not online, this is a finding.","Enable the system's local firewall.
# svcadm enable network/ipfilter","","","false","","","","","System Administrator","","M","Unclass","Solaris 10 SPARC Security Technical Implementation Guide :: Version 1, Release: 24 Benchmark Date: 25 Jan 2019","24","CCI-001118
The information system implements host-based boundary protection mechanisms for servers, workstations, and mobile devices.
NIST SP 800-53 :: SC-7 (12)
NIST SP 800-53A :: SC-7 (12).1

",
"V-22583","medium","GEN008540","SV-26976r2_rule","GEN008540","The system's local firewall must implement a deny-all, allow-by-exception policy.","A local firewall protects the system from exposing unnecessary or undocumented network services to the local enclave.  If a system within the enclave is compromised, firewall protection on an individual system continues to protect it from attack.","","If the system is not a global zone, this vulnerability is not applicable.

Check the firewall rules for a default deny rule. 
# ipfstat -i

An example of a default deny rule is:
block in log quick on ne3 from any to any.

If there is no default deny rule, this is a finding.","Edit /etc/ipf/ipf.conf and add a default deny rule.
Restart the ipfilter service.
# svcadm restart network/ipfilter","","","false","","","","","System Administrator","","M","Unclass","Solaris 10 SPARC Security Technical Implementation Guide :: Version 1, Release: 24 Benchmark Date: 25 Jan 2019","24","CCI-001109
The information system at managed interfaces denies network communications traffic by default and allows network communications traffic by exception (i.e., deny all, permit by exception).
NIST SP 800-53 :: SC-7 (5)
NIST SP 800-53A :: SC-7 (5).1 (i) (ii)
NIST SP 800-53 Revision 4 :: SC-7 (5)

",
"V-22588","low","GEN008800","SV-26991r1_rule","GEN008800","The system package management tool must cryptographically verify the authenticity of software packages during installation.","To prevent the installation of software from unauthorized sources, the system package management tool must use cryptographic algorithms to verify the packages are authentic.","ECSC-1","Verify package signature validation is not disabled.
# grep ""authentication=quit"" /var/sadm/install/admin/default
If no configuration is returned, this is a finding.","Edit /var/sadm/install/admin/default and set the authentication setting to quit.","","","false","","","","","System Administrator","","M","Unclass","Solaris 10 SPARC Security Technical Implementation Guide :: Version 1, Release: 24 Benchmark Date: 25 Jan 2019","24","CCI-000351
The organization defines critical software programs that the information system will prevent from being installed if such software programs are not signed with a recognized and approved certificate.
NIST SP 800-53 :: CM-5 (3)
NIST SP 800-53A :: CM-5 (3).1 (i)

",
"V-22589","low","GEN008820","SV-40814r1_rule","GEN008820","The system package management tool must not automatically obtain updates.","System package management tools can obtain a list of updates and patches from a package repository and make this information available to the SA for review and action. Using a package repository outside of the organization's control, presents a risk that malicious packages could be introduced.","ECSC-1","Determine if the system package management tool is configured to automatically obtain updated packages using the cron or at utilities.

# grep smpatch /var/spool/cron/crontabs/* /var/spool/cron/atjobs/*

If smpatch is called with the add, update, or remove subcommands, this is a finding.","Disable any cron or at jobs running smpatch.

# crontab -e < user running smpatch >
# atrm < id of at job running smpatch >","","","false","","","","","System Administrator","","M","Unclass","Solaris 10 SPARC Security Technical Implementation Guide :: Version 1, Release: 24 Benchmark Date: 25 Jan 2019","24","CCI-001233
The organization employs automated mechanisms on an organization-defined frequency to determine the state of information system components with regard to flaw remediation.
NIST SP 800-53 :: SI-2 (2)
NIST SP 800-53A :: SI-2 (2).1 (ii)
NIST SP 800-53 Revision 4 :: SI-2 (2)

",
"V-22599","medium","GEN000000-SOL00110","SV-27004r1_rule","GEN000000-SOL00110","The /etc/security/audit_user file must not have an extended ACL.","Audit_user is a sensitive file that, if compromised, would allow a malicious user to select auditing parameters to ignore their sessions.  This would allow malicious operations the auditing subsystem would not detect for that user.  It could also result in long-term system compromise possibly leading to the compromise of other systems and networks.","ECLP-1","Check the permissions of the file.
# ls -lL /etc/security/audit_user
If the permissions of the file contain a ""+"", an extended ACL is present, this is a finding.","Remove the extended ACL from the file.
# chmod A- /etc/security/audit_user","","","false","","","","","System Administrator","","M","Unclass","Solaris 10 SPARC Security Technical Implementation Guide :: Version 1, Release: 24 Benchmark Date: 25 Jan 2019","24","CCI-000225
The organization employs the concept of least privilege, allowing only authorized accesses for users (and processes acting on behalf of users) which are necessary to accomplish assigned tasks in accordance with organizational missions and business functions.
NIST SP 800-53 :: AC-6
NIST SP 800-53A :: AC-6.1
NIST SP 800-53 Revision 4 :: AC-6

",
"V-22600","medium","GEN000000-SOL00250","SV-27013r1_rule","GEN000000-SOL00250","The /usr/aset/userlist file must be group-owned by root.","The /usr/aset/userlist file is critical to system security and must be protected from unauthorized access.","ECLP-1","Check the group ownership of the file.
# ls -lLd /usr/aset/userlist
If the group owner of the file is not root, this is a finding.","Change the group ownership of the file.
# chgrp root /usr/aset/userlist","","","false","","","","","System Administrator","","M","Unclass","Solaris 10 SPARC Security Technical Implementation Guide :: Version 1, Release: 24 Benchmark Date: 25 Jan 2019","24","CCI-000225
The organization employs the concept of least privilege, allowing only authorized accesses for users (and processes acting on behalf of users) which are necessary to accomplish assigned tasks in accordance with organizational missions and business functions.
NIST SP 800-53 :: AC-6
NIST SP 800-53A :: AC-6.1
NIST SP 800-53 Revision 4 :: AC-6

",
"V-22601","medium","GEN000000-SOL00270","SV-27015r1_rule","GEN000000-SOL00270","The /usr/aset/userlist file must not have an extended ACL.","File system ACLs can provide access to files beyond what is allowed by the mode numbers of the files.","ECLP-1","Check the permissions of the file.
# ls -lLd /usr/aset/userlist
If the permissions of the file or directory contains a ""+"", an extended ACL is present, this is a finding.","Remove the extended ACL from the file. 
# chmod A- /usr/aset/userlist","","","false","","","","","System Administrator","","M","Unclass","Solaris 10 SPARC Security Technical Implementation Guide :: Version 1, Release: 24 Benchmark Date: 25 Jan 2019","24","CCI-000225
The organization employs the concept of least privilege, allowing only authorized accesses for users (and processes acting on behalf of users) which are necessary to accomplish assigned tasks in accordance with organizational missions and business functions.
NIST SP 800-53 :: AC-6
NIST SP 800-53A :: AC-6.1
NIST SP 800-53 Revision 4 :: AC-6

",
"V-22603","medium","GEN000000-SOL00540","SV-27016r2_rule","GEN000000-SOL00540","The /etc/zones directory, and its contents, must be owned by root.","Solaris zones configuration files must be protected against illicit creation, modification, and deletion.","ECLP-1","Check the ownership of the files and directories.

# ls -lLdR /etc/zones

If the owner of the file is not root, this is a finding.
If zones are not installed on the system, this is not a finding.","Change the ownership of the files and directories.
# chown -R root /etc/zones","","","false","","","","","System Administrator","","M","Unclass","Solaris 10 SPARC Security Technical Implementation Guide :: Version 1, Release: 24 Benchmark Date: 25 Jan 2019","24","CCI-000225
The organization employs the concept of least privilege, allowing only authorized accesses for users (and processes acting on behalf of users) which are necessary to accomplish assigned tasks in accordance with organizational missions and business functions.
NIST SP 800-53 :: AC-6
NIST SP 800-53A :: AC-6.1
NIST SP 800-53 Revision 4 :: AC-6

",
"V-22604","medium","GEN000000-SOL00560","SV-27018r2_rule","GEN000000-SOL00560","The /etc/zones directory, and its contents, must be group-owned by root, sys, or bin.","Solaris zones configuration files must be protected against illicit creation, modification, and deletion.","ECLP-1","Check the group ownership of the files and directories.

# ls -lLRa /etc/zones

If the group owner of the directory and all files is not root, sys, or bin, this is a finding.

If zones are not installed on the system, this is not a finding.","Change the group ownership of the files and directories.
# chgrp -R sys /etc/zones
# chgrp root /etc/zones/*.xml
# chgrp bin /etc/zones/SUN*.xml","","","false","","","","","System Administrator","","M","Unclass","Solaris 10 SPARC Security Technical Implementation Guide :: Version 1, Release: 24 Benchmark Date: 25 Jan 2019","24","CCI-000225
The organization employs the concept of least privilege, allowing only authorized accesses for users (and processes acting on behalf of users) which are necessary to accomplish assigned tasks in accordance with organizational missions and business functions.
NIST SP 800-53 :: AC-6
NIST SP 800-53A :: AC-6.1
NIST SP 800-53 Revision 4 :: AC-6

",
"V-22605","medium","GEN000000-SOL00580","SV-27019r2_rule","GEN000000-SOL00580","The /etc/zones directory, and its contents, must not be group- or world-writable.","Solaris zones configuration files must be protected against illicit creation, modification, and deletion.","ECLP-1","Check the permissions of the files and directories.

# ls -lLdR /etc/zones

If the mode of a directory is more permissive than 0755, or the mode of a file more permissive than 0644, this is a finding.

If zones are not installed on the system, this is not a finding.","Change the mode of the file or directory.

# chmod 0644 <file>
For directories:
# chmod 0755 <directory>","","","false","","","","","System Administrator","","M","Unclass","Solaris 10 SPARC Security Technical Implementation Guide :: Version 1, Release: 24 Benchmark Date: 25 Jan 2019","24","CCI-000225
The organization employs the concept of least privilege, allowing only authorized accesses for users (and processes acting on behalf of users) which are necessary to accomplish assigned tasks in accordance with organizational missions and business functions.
NIST SP 800-53 :: AC-6
NIST SP 800-53A :: AC-6.1
NIST SP 800-53 Revision 4 :: AC-6

",
"V-22606","medium","GEN000000-SOL00600","SV-27020r2_rule","GEN000000-SOL00600","The /etc/zones directory, and its contents, must not have an extended ACL.","Solaris zones configuration files must be protected against illicit creation, modification, and deletion.","ECLP-1","Check the permissions of the file.
# ls -lLd /etc/zones
# ls -lLR /etc/zones
If the permissions of the file or directory contains a ""+"", an extended ACL is present, this is a finding.

If zones are not installed on the system, this is not a finding.","Remove  the extended ACL from the file.
# chmod A- <file>","","","false","","","","","System Administrator","","M","Unclass","Solaris 10 SPARC Security Technical Implementation Guide :: Version 1, Release: 24 Benchmark Date: 25 Jan 2019","24","CCI-000225
The organization employs the concept of least privilege, allowing only authorized accesses for users (and processes acting on behalf of users) which are necessary to accomplish assigned tasks in accordance with organizational missions and business functions.
NIST SP 800-53 :: AC-6
NIST SP 800-53A :: AC-6.1
NIST SP 800-53 Revision 4 :: AC-6

",
"V-22607","medium","GEN000000-SOL00620","SV-27022r1_rule","GEN000000-SOL00620","The inherit-pkg-dir zone option must be set to none or the system default list defined for sparse root zones.","Solaris zones have the capability to inherit elements of the global zone's filesystem, which reduces the amount storage required for a zone, but also limits the flexibility of the zone.  The inherit-pkg-dir option defines which paths are shared between the zones.  If set incorrectly, private information from the global zone could be made available to the non-global zone.  This option must be set to none (for a whole-root non-global zone), the vendor-specified list of paths for sparse-root non-global zones, or a list specified by the SA for operational reasons which has been justified and documented with the IAO.","ECLP-1","If the system is not a global zone, this vulnerability is not applicable.
List the non-global zones on the system.
# zoneadm list -vi
List the configuration for each zone.
# zonecfg -z <zone> info
Check the inherit-pkg-dir lines.  If no such lines exist, this is not a finding.  If the lines contain only those defined for sparse root zones (/lib, /platform, /sbin, /usr), this is not a finding.  Otherwise, this is a finding.","Remove the inherit-pkg-dir lines or the directories not defined for sparse root zones.
# zonecfg -z <zone> remove inherit-pkg-dir=<somedir>","","","false","","","","","System Administrator","","M","Unclass","Solaris 10 SPARC Security Technical Implementation Guide :: Version 1, Release: 24 Benchmark Date: 25 Jan 2019","24","CCI-000225
The organization employs the concept of least privilege, allowing only authorized accesses for users (and processes acting on behalf of users) which are necessary to accomplish assigned tasks in accordance with organizational missions and business functions.
NIST SP 800-53 :: AC-6
NIST SP 800-53A :: AC-6.1
NIST SP 800-53 Revision 4 :: AC-6

CCI-000366
The organization implements the security configuration settings.
NIST SP 800-53 :: CM-6 b
NIST SP 800-53A :: CM-6.1 (iv)
NIST SP 800-53 Revision 4 :: CM-6 b

",
"V-22608","medium","GEN000000-SOL00640","SV-27023r1_rule","GEN000000-SOL00640","The limitpriv zone option must be set to the vendor default or less permissive.","Solaris zones can be assigned privileges generally reserved for the global zone using the limitpriv zone option.  Any privilege assignments in excess of the vendor defaults may provide the ability for a non-global zone to compromise the global zone.","ECLP-1","If the system is not a global zone, this vulnerability is not applicable.
List the non-global zones on the system.
# zoneadm list -vi
List the configuration for each zone.
# zonecfg -z <zone> info
Check the limitpriv lines.  If a line set other than default, this is a finding.  If limitpriv is not set, this is not a finding.","Change the limitpriv setting to default.
# zonecfg -z <zone> set limitpriv=default","","","false","","","","","System Administrator","","M","Unclass","Solaris 10 SPARC Security Technical Implementation Guide :: Version 1, Release: 24 Benchmark Date: 25 Jan 2019","24","CCI-000225
The organization employs the concept of least privilege, allowing only authorized accesses for users (and processes acting on behalf of users) which are necessary to accomplish assigned tasks in accordance with organizational missions and business functions.
NIST SP 800-53 :: AC-6
NIST SP 800-53A :: AC-6.1
NIST SP 800-53 Revision 4 :: AC-6

CCI-000366
The organization implements the security configuration settings.
NIST SP 800-53 :: CM-6 b
NIST SP 800-53A :: CM-6.1 (iv)
NIST SP 800-53 Revision 4 :: CM-6 b

",
"V-22609","medium","GEN000000-SOL00660","SV-27024r2_rule","GEN000000-SOL00660","The physical devices must not be assigned to non-global zones.","Solaris non-global zones can be assigned physical hardware devices.  This increases the risk of such a non-global zone having the capability to compromise the global zone.","","If the system is not a global zone, this vulnerability is not applicable.
List the non-global zones on the system.
# zoneadm list -vi
List the configuration for each zone.
# zonecfg -z <zone> info
Check for device lines.  If such a line exists, this is a finding.","Remove all device assignments from the non-global zone.
# zonecfg -z <zone> remove device <device>","","","false","","","","","System Administrator","","M","Unclass","Solaris 10 SPARC Security Technical Implementation Guide :: Version 1, Release: 24 Benchmark Date: 25 Jan 2019","24","CCI-000225
The organization employs the concept of least privilege, allowing only authorized accesses for users (and processes acting on behalf of users) which are necessary to accomplish assigned tasks in accordance with organizational missions and business functions.
NIST SP 800-53 :: AC-6
NIST SP 800-53A :: AC-6.1
NIST SP 800-53 Revision 4 :: AC-6

CCI-000366
The organization implements the security configuration settings.
NIST SP 800-53 :: CM-6 b
NIST SP 800-53A :: CM-6.1 (iv)
NIST SP 800-53 Revision 4 :: CM-6 b

",
"V-22665","medium","GEN005590","SV-39878r1_rule","GEN005590","The system must not be running any routing protocol daemons, unless the system is a router.","Routing protocol daemons are typically used on routers to exchange network topology information with other routers.  If this software is used when not required, system network information may be unnecessarily transmitted across the network.","ECSC-1","Check for any running routing protocol daemons.
# svcs -a | grep online | egrep '(ospf|route|bgp|zebra|quagga)'
OR
# ps -ef | egrep '(ospf|route|bgp|zebra|quagga)'
If any routing protocol daemons are listed, this is a finding.","Disable any routing protocol daemons.

# svcadm disable <routing protocol daemon>","","","false","","","","","System Administrator","","M","Unclass","Solaris 10 SPARC Security Technical Implementation Guide :: Version 1, Release: 24 Benchmark Date: 25 Jan 2019","24","CCI-000366
The organization implements the security configuration settings.
NIST SP 800-53 :: CM-6 b
NIST SP 800-53A :: CM-6.1 (iv)
NIST SP 800-53 Revision 4 :: CM-6 b

",
"V-22702","medium","GEN002690","SV-27277r1_rule","GEN002690","System audit logs must be group-owned by root, bin, or sys.","Sensitive system and user information could provide a malicious user with enough information to penetrate further into the system.","ECLP-1, ECTP-1","Determine the location of audit logs and then check the group-ownership.

Procedure:
# more /etc/security/audit_control
# ls -lLd <audit log dir>

If any audit log file is not group-owned by root, bin, or sys, this is a finding.","Change the group ownership of the audit log file(s).

Procedure:
# chgrp root <audit log file>","","","false","","","","","System Administrator","","M","Unclass","Solaris 10 SPARC Security Technical Implementation Guide :: Version 1, Release: 24 Benchmark Date: 25 Jan 2019","24","CCI-000162
The information system protects audit information from unauthorized access.
NIST SP 800-53 :: AU-9
NIST SP 800-53A :: AU-9.1
NIST SP 800-53 Revision 4 :: AU-9

CCI-000163
The information system protects audit information from unauthorized modification.
NIST SP 800-53 :: AU-9
NIST SP 800-53A :: AU-9.1
NIST SP 800-53 Revision 4 :: AU-9

",
"V-23732","medium","GEN000410","SV-39879r1_rule","GEN000410","The FTPS/FTP service on the system must be configured with the Department of Defense (DoD) login banner.","Failure to display the logon banner prior to a logon attempt will negate legal proceedings resulting from unauthorized access to system resources.

NOTE: SFTP and FTPS are encrypted alternatives to FTP that should be used in place of FTP. SFTP is implemented by the SSH service and uses its banner configuration.
","ECWM-1","FTP to the system.
# ftp localhost
Check for either of the following login banners based on the character limitations imposed by the system. An exact match is required. If one of these banners is not displayed, this is a finding. If the system does not run the FTP service, this is not applicable.

DoD Login Banners:

""You are accessing a U.S. Government (USG) Information System (IS) that is provided for USG-authorized use only.

By using this IS (which includes any device attached to this IS), you consent to the following conditions:

-The USG routinely intercepts and monitors communications on this IS for purposes including, but not limited to, penetration testing, COMSEC monitoring, network operations and defense, personnel misconduct (PM), law enforcement (LE), and counterintelligence (CI) investigations.

-At any time, the USG may inspect and seize data stored on this IS.

-Communications using, or data stored on, this IS are not private, are subject to routine monitoring, interception, and search, and may be disclosed or used for any USG-authorized purpose.

-This IS includes security measures (e.g., authentication and access controls) to protect USG interests--not for your personal benefit or privacy.

-Notwithstanding the above, using this IS does not constitute consent to PM, LE or CI investigative searching or monitoring of the content of privileged communications, or work product, related to personal representation or services by attorneys, psychotherapists, or clergy, and their assistants. Such communications and work product are private and confidential. See User Agreement for details.""

OR

""I've read & consent to terms in IS user agreem't.""","Edit /etc/ftpd/ftpaccess and add or edit the BANNER parameter (""banner /etc/ftpd/banner.msg"").
# vi /etc/ftpd/ftpaccess

Add one of the DoD Login Banners (based on the character limitations imposed by the system) to the /etc/ftpd/banner.msg file.
# vi /etc/ftpd/banner.msg

DoD Login Banners:

""You are accessing a U.S. Government (USG) Information System (IS) that is provided for USG-authorized use only.

By using this IS (which includes any device attached to this IS), you consent to the following conditions:

-The USG routinely intercepts and monitors communications on this IS for purposes including, but not limited to, penetration testing, COMSEC monitoring, network operations and defense, personnel misconduct (PM), law enforcement (LE), and counterintelligence (CI) investigations.

-At any time, the USG may inspect and seize data stored on this IS.

-Communications using, or data stored on, this IS are not private, are subject to routine monitoring, interception, and search, and may be disclosed or used for any USG-authorized purpose.

-This IS includes security measures (e.g., authentication and access controls) to protect USG interests--not for your personal benefit or privacy.

-Notwithstanding the above, using this IS does not constitute consent to PM, LE or CI investigative searching or monitoring of the content of privileged communications, or work product, related to personal representation or services by attorneys, psychotherapists, or clergy, and their assistants. Such communications and work product are private and confidential. See User Agreement for details.""

OR

""I've read & consent to terms in IS user agreem't.""","","","false","","","","","System Administrator","","M","Unclass","Solaris 10 SPARC Security Technical Implementation Guide :: Version 1, Release: 24 Benchmark Date: 25 Jan 2019","24","CCI-000048
The information system displays an organization-defined system use notification message or banner before granting access to the system that provides privacy and security notices consistent with applicable federal laws, Executive Orders, directives, policies, regulations, standards, and guidance.
NIST SP 800-53 :: AC-8 a
NIST SP 800-53A :: AC-8.1 (ii)
NIST SP 800-53 Revision 4 :: AC-8 a

",
"V-23738","low","GEN003623","SV-28628r2_rule","GEN003623","The system must use a separate file system for the system audit data path.","The use of separate file systems for different paths can protect the system from failures resulting from a file system becoming full or failing.","","Determine the audit log data path.
# grep ""^dir:"" /etc/security/audit_control

Determine if the audit log data path is a separate filesystem.
# df -h <audit data path>  

If the returned mount point is ""/"" this is a finding.","Migrate the system audit data path onto a separate file system.","","","false","","","","","System Administrator","","M","Unclass","Solaris 10 SPARC Security Technical Implementation Guide :: Version 1, Release: 24 Benchmark Date: 25 Jan 2019","24","CCI-001208
The organization partitions the information system into components residing in separate physical domains (or environments) as deemed necessary.
NIST SP 800-53 :: SC-32
NIST SP 800-53A :: SC-32.1

",
"V-23739","low","GEN003624","SV-28632r1_rule","GEN003624","The system must use a separate filesystem for /tmp (or equivalent).","The use of separate filesystems for different paths can protect the system from failures resulting from a filesystem becoming full or failing.","ECSC-1","Determine if the /tmp path is a separate file system.
# grep /tmp /etc/vfstab
If no result is returned, /tmp is not on a separate file system, this is a finding.
If the returned result indicates that /tmp is mounted on a memory or swap based file system, this is not a finding
","Migrate the /tmp path onto a separate file system.","","","false","","","","","System Administrator","","M","Unclass","Solaris 10 SPARC Security Technical Implementation Guide :: Version 1, Release: 24 Benchmark Date: 25 Jan 2019","24","CCI-001208
The organization partitions the information system into components residing in separate physical domains (or environments) as deemed necessary.
NIST SP 800-53 :: SC-32
NIST SP 800-53A :: SC-32.1

",
"V-23741","medium","GEN003601","SV-28639r2_rule","GEN003601","TCP backlog queue sizes must be set appropriately.","To provide some mitigation to TCP DoS attacks, the TCP backlog queue sizes must be set to at least 1280 or in accordance with product-specific guidelines.","","Determine the type of zone that you are currently securing.
# zonename

If the zone is not the global zone, determine if any interfaces are exclusive to the zone:
# dladm show-link

If the output indicates ""insufficient privileges"" then this requirement is not applicable.

If the zone is the global zone or the non-global zone has exclusive interfaces determine the network settings.

Procedure:
# ndd /dev/tcp tcp_conn_req_max_q0

If the returned value is not 1280 or greater, this is a finding.

Procedure:
# ndd /dev/tcp tcp_conn_req_max_q

If the returned value is not 1024, this is a finding.","Procedure:
# ndd -set /dev/tcp tcp_conn_req_max_q0 1280
# ndd -set /dev/tcp tcp_conn_req_max_q 1024

Ensure these commands are also present in system startup scripts.","","","false","","","","","System Administrator","","M","Unclass","Solaris 10 SPARC Security Technical Implementation Guide :: Version 1, Release: 24 Benchmark Date: 25 Jan 2019","24","CCI-000366
The organization implements the security configuration settings.
NIST SP 800-53 :: CM-6 b
NIST SP 800-53A :: CM-6.1 (iv)
NIST SP 800-53 Revision 4 :: CM-6 b

",
"V-23952","medium","GEN004710","SV-28908r1_rule","GEN004710","Mail relaying must be restricted.","If unrestricted mail relaying is permitted, unauthorized senders could use this host as a mail relay for the purpose of sending SPAM or other unauthorized activity.","ECSC-1","If the system uses Sendmail, locate the sendmail.cf file.
Procedure:
# find / -name sendmail.cf

Determine if Sendmail only binds to loopback addresses by examining the DaemonPortOptions configuration options.
Procedure:
# grep -i ""O DaemonPortOptions"" </path/to/sendmail.cf>

If there are uncommented DaemonPortOptions lines, and all such lines specify system loopback addresses, this is not a finding.

Otherwise, determine if Sendmail is configured to allow open relay operation.
Procedure:
# find / -name sendmail.mc
# grep -i promiscuous_relay </path/to/sendmail.mc>

If the promiscuous relay feature is enabled, this is a finding.

If the system uses Postfix, locate the main.cf file.
Procedure:
# find / -name main.cf

Determine if Postfix only binds to loopback addresses by examining the inet_interfaces line.
Procedure:
# grep inet_interfaces </path/to/main.cf>

If inet_interfaces is set to loopback-only or contains only loopback addresses, such as 127.0.0.1 and [::1], Postfix is not listening on external network interfaces, this is not a finding.

Otherwise, determine if Postfix is configured to restrict clients permitted to relay mail by examining the smtpd_client_restrictions line.
Procedure:
# grep smtpd_client_restrictions </path/to/main.cf>

If the smtpd_client_restrictions line is missing, or does not contain reject, this is a finding. If the line contains permit before reject, this is a finding. 

If the system is using other SMTP software, consult the software's documentation for procedures to verify mail relaying is restricted.","If the system uses Sendmail, edit the sendmail.mc file and remove the promiscuous_relay configuration.  Rebuild the sendmail.cf file from the modified sendmail.mc and restart the service.  If the system does not need to receive mail from external hosts, add one or more DaemonPortOptions lines referencing system loopback addresses (such as ""O DaemonPortOptions=Addr=127.0.0.1,Port=smtp,Name=MTA"") and remove lines containing non-loopback addresses.  Restart the service.

If the system uses Postfix, edit the main.cf file and add or edit the smtpd_client_restrictions line to have contents permit mynetworks, reject or a similarly restrictive rule.  If the system does not need to receive mail from external hosts, add or edit the inet_interfaces line to have contents loopback-only or a set of loopback addresses for the system.  Restart the service.

If the system is using other SMTP software, consult the software's documentation for procedures to restrict mail relaying.","","","false","","","","","System Administrator","","M","Unclass","Solaris 10 SPARC Security Technical Implementation Guide :: Version 1, Release: 24 Benchmark Date: 25 Jan 2019","24","CCI-001305
The organization employs spam protection mechanisms  at information system entry and exit points to detect and take action on unsolicited messages transported by electronic mail, electronic mail attachments, web accesses, removable media, or other common means.
NIST SP 800-53 :: SI-8 a
NIST SP 800-53A :: SI-8.1 (i)

",
"V-23972","medium","GEN007950","SV-29785r2_rule","GEN007950","The system must not respond to ICMPv6 echo requests sent to a broadcast address.","Responding to broadcast ICMP echo requests facilitates network mapping and provides a vector for amplification attacks.","","Determine the type of zone that you are currently securing.
# zonename

If the zone is not the global zone, determine if any interfaces are exclusive to the zone:
# dladm show-link

If the output indicates ""insufficient privileges"" then this requirement is not applicable.

If the zone is the global zone or the non-global zone has exclusive interfaces determine if the system is configured to ignore IPv6 multicast ICMP echo-requests.

Procedure:
# ndd -get /dev/ip ip6_respond_to_echo_multicast

If the result is not 0, this is a finding.","Configure the system to not respond to IPv6 multicast ICMP echo-requests.

Procedure:
# ndd -set /dev/ip ip6_respond_to_echo_multicast 0

This command must also be added to a system startup script.","","","false","","","","","System Administrator","","M","Unclass","Solaris 10 SPARC Security Technical Implementation Guide :: Version 1, Release: 24 Benchmark Date: 25 Jan 2019","24","CCI-000366
The organization implements the security configuration settings.
NIST SP 800-53 :: CM-6 b
NIST SP 800-53A :: CM-6.1 (iv)
NIST SP 800-53 Revision 4 :: CM-6 b

",
"V-24331","medium","GEN000402","SV-39880r1_rule","GEN000402","The Department of Defense (DoD) login banner must be displayed immediately prior to, or as part of, graphical desktop environment login prompts.","Failure to display the login banner prior to a logon attempt will negate legal proceedings resulting from unauthorized access to system resources.

This requirement applies to graphical desktop environments provided by the system to locally attached displays and input devices as well as to graphical desktop environments provided to remote systems, including thin clients.","ECWM-1","If the system does not use XWindows, this is not applicable.

Check the ""Dtlogin*greeting.labelString"" parameter in /etc/dt/config/C/Xresources for either of the following login banners based on the character limitations imposed by the system. An exact match is required. If one of these banners is not displayed, this is a finding.  If the file does not exist, this is a finding.

""You are accessing a U.S. Government (USG) Information System (IS) that is provided for USG-authorized use only.

By using this IS (which includes any device attached to this IS), you consent to the following conditions:

-The USG routinely intercepts and monitors communications on this IS for purposes including, but not limited to, penetration testing, COMSEC monitoring, network operations and defense, personnel misconduct (PM), law enforcement (LE), and counterintelligence (CI) investigations.

-At any time, the USG may inspect and seize data stored on this IS.

-Communications using, or data stored on, this IS are not private, are subject to routine monitoring, interception, and search, and may be disclosed or used for any USG-authorized purpose.

-This IS includes security measures (e.g., authentication and access controls) to protect USG interests--not for your personal benefit or privacy.

-Notwithstanding the above, using this IS does not constitute consent to PM, LE or CI investigative searching or monitoring of the content of privileged communications, or work product, related to personal representation or services by attorneys, psychotherapists, or clergy, and their assistants. Such communications and work product are private and confidential. See User Agreement for details. ""

OR

""I've read & consent to terms in IS user agreem't.""","Create/update /etc/dt/config/C/Xresources with Dtlogin*greeting.labelString: [DoD login banner text].

DoD Login Banners:

""You are accessing a U.S. Government (USG) Information System (IS) that is provided for USG-authorized use only.

By using this IS (which includes any device attached to this IS), you consent to the following conditions:

-The USG routinely intercepts and monitors communications on this IS for purposes including, but not limited to, penetration testing, COMSEC monitoring, network operations and defense, personnel misconduct (PM), law enforcement (LE), and counterintelligence (CI) investigations.

-At any time, the USG may inspect and seize data stored on this IS.

-Communications using, or data stored on, this IS are not private, are subject to routine monitoring, interception, and search, and may be disclosed or used for any USG-authorized purpose.

-This IS includes security measures (e.g., authentication and access controls) to protect USG interests--not for your personal benefit or privacy.

-Notwithstanding the above, using this IS does not constitute consent to PM, LE or CI investigative searching or monitoring of the content of privileged communications, or work product, related to personal representation or services by attorneys, psychotherapists, or clergy, and their assistants. Such communications and work product are private and confidential. See User Agreement for details.""

OR

""I've read & consent to terms in IS user agreem't.""","","","false","","","","","System Administrator","","M","Unclass","Solaris 10 SPARC Security Technical Implementation Guide :: Version 1, Release: 24 Benchmark Date: 25 Jan 2019","24","CCI-000048
The information system displays an organization-defined system use notification message or banner before granting access to the system that provides privacy and security notices consistent with applicable federal laws, Executive Orders, directives, policies, regulations, standards, and guidance.
NIST SP 800-53 :: AC-8 a
NIST SP 800-53A :: AC-8.1 (ii)
NIST SP 800-53 Revision 4 :: AC-8 a

",
"V-24347","medium","GEN009120","SV-30004r2_rule","GEN009120","The system, if capable, must be configured to require the use of a CAC, PIV compliant hardware token, or Alternate Logon Token (ALT) for authentication.","In accordance with CTO 07-015 PKI authentication is required. This provides stronger, two-factor authentication than using a username/password.

NOTE: The following are exempt from this, however, they must meet all password requirements and must be documented with the IAO:

- Stand-alone systems.
- Application Accounts.
- Students or unpaid employees (such as, interns) who are not eligible to receive or not in receipt of a CAC, PIV, or ALT.
- Warfighters and support personnel located at operational tactical locations conducting wartime operations that are not collocated with RAPIDS workstations to issue CAC; are not eligible for CAC or do not have the capability to use ALT.
- Test systems that have an Interim Approval to Test (IATT) and provide protection via separate VPN, firewall, or security measures preventing access to network and system components from outside the protection boundary documented in the IATT.","","Consult vendor documentation to determine if the system is capable of CAC authentication. If it is not, this is not applicable.

Interview the SA to determine if all accounts not exempted by policy are using CAC authentication. If non-exempt accounts are not using CAC authentication, this is a finding.
","Consult vendor documentation to determine the procedures necessary for configuring CAC authentication. Configure all accounts required by policy to use CAC authentication.","","","false","","","","","System Administrator","","M","Unclass","Solaris 10 SPARC Security Technical Implementation Guide :: Version 1, Release: 24 Benchmark Date: 25 Jan 2019","24","CCI-000768
The information system implements multifactor authentication for local access to non-privileged accounts.
NIST SP 800-53 :: IA-2 (4)
NIST SP 800-53A :: IA-2 (4).1
NIST SP 800-53 Revision 4 :: IA-2 (4)

",
"V-24357","low","GEN002870","SV-39881r2_rule","GEN002870","The system must be configured to send audit records to a remote audit server.","Audit records contain evidence that can be used in the investigation of compromised systems.  To prevent this evidence from compromise, it must be sent to a separate system continuously. Methods for sending audit records include, but are not limited to, system audit tools used to send logs directly to another host or through the system's syslog service to another host.","","Audit records may be sent to a remote server in two ways, via an NFS mount of the audit directory, or via the audit_syslog plugin (if available).

NFS:
Check the ""dir"" parameter in /etc/security/audit_control.  If the directory is on an NFS mount to a remote server, there is no finding.

SYSLOG:
Check the ""plugin"" parameter in /etc/security/audit_control.  Confirm that the audit_syslog.so* plugin is listed with ""p_flags=all"".
# grep audit_syslog.so /etc/security/audit_control
Check that syslogd is sending messages to a remote server (GEN005450):
# grep '@' /etc/syslog.conf | grep -v '^#'
If both auditd is configured to send audit records to syslog, and syslogd is configured to send messages to a remote server, there is no finding.

If auditd is saving audit records on a local directory, and audit records are not being sent to a remote server via syslog, this is a finding. ","Update the /etc/security/audit_control file to save audit records to a remote NFS mount.

dir:<remote NFS directory>

OR

If the /usr/lib/security/audit_syslog.so* exists, update the /etc/security/audit_control file to send all audit records to syslog and update /etc/syslog.conf to send all audit messages to a remote server.

/etc/security/audit_control:
plugin:name=audit_syslog.so.1; p_flags=all

/etc/syslog.conf:
audit.*                      @<remote syslog server>","","","false","","","","","System Administrator","","M","Unclass","Solaris 10 SPARC Security Technical Implementation Guide :: Version 1, Release: 24 Benchmark Date: 25 Jan 2019","24","CCI-000136
The organization centrally manages the content of audit records generated by organization defined information system components.
NIST SP 800-53 :: AU-3 (2)
NIST SP 800-53A :: AU-3 (2).1 (ii)

",
"V-24386","high","GEN003850","SV-39864r1_rule","GEN003850","The telnet daemon must not be running.","The telnet daemon provides a typically unencrypted remote access service which does not provide for the confidentiality and integrity of user passwords or the remote session.  If a privileged user were to log on using this service, the privileged user password could be compromised.","DCPP-1","Determine if the telnet daemon is running. 

# svcs telnet

If the telnet service is enabled, this is a finding.","Disable the telnet daemon. 

# svcadm disable telnet
# svcadm refresh inetd
","","","false","GEN003850","","","If an enabled telnet daemon is configured to only allow encrypted sessions, such as with Kerberos or the use of encrypted network tunnels, the risk of exposing sensitive information is mitigated, and this is not a finding.","System Administrator","","M","Unclass","Solaris 10 SPARC Security Technical Implementation Guide :: Version 1, Release: 24 Benchmark Date: 25 Jan 2019","24","CCI-000197
The information system, for password-based authentication, transmits only encrypted representations of passwords.
NIST SP 800-53 :: IA-5 (1) (c)
NIST SP 800-53A :: IA-5 (1).1 (v)
NIST SP 800-53 Revision 4 :: IA-5 (1) (c)

",
"V-72771","medium","GEN007841","SV-87413r1_rule","GEN007841","Wireless network adapters must be disabled.","The use of wireless networking can introduce many different attack vectors into the organization’s network. Common attack vectors such as malicious association and ad hoc networks will allow an attacker to spoof a wireless access point (AP), allowing validated systems to connect to the malicious AP and enabling the attacker to monitor and record network traffic. These malicious APs can also serve to create a man-in-the-middle attack or be used to create a denial of service to valid network resources.","","This is N/A for systems that do not have wireless network adapters.

Verify that there are no wireless interfaces configured on the system:

# ifconfig -a


eth0      Link encap:Ethernet  HWaddr b8:ac:6f:65:31:e5  
          inet addr:192.168.2.100  Bcast:192.168.2.255  Mask:255.255.255.0
          inet6 addr: fe80::baac:6fff:fe65:31e5/64 Scope:Link
          UP BROADCAST RUNNING MULTICAST  MTU:1500  Metric:1
          RX packets:2697529 errors:0 dropped:0 overruns:0 frame:0
          TX packets:2630541 errors:0 dropped:0 overruns:0 carrier:0
          collisions:0 txqueuelen:1000 
          RX bytes:2159382827 (2.0 GiB)  TX bytes:1389552776 (1.2 GiB)
          Interrupt:17 

lo        Link encap:Local Loopback  
          inet addr:127.0.0.1  Mask:255.0.0.0
          inet6 addr: ::1/128 Scope:Host
          UP LOOPBACK RUNNING  MTU:16436  Metric:1
          RX packets:2849 errors:0 dropped:0 overruns:0 frame:0
          TX packets:2849 errors:0 dropped:0 overruns:0 carrier:0
          collisions:0 txqueuelen:0 
          RX bytes:2778290 (2.6 MiB)  TX bytes:2778290 (2.6 MiB)


If a wireless interface is configured, it must be documented and approved by the local Authorizing Official.

If a wireless interface is configured and has not been documented and approved, this is a finding.
","Configure the system to disable all wireless network interfaces.","","","false","","","","","","","M","Unclass","Solaris 10 SPARC Security Technical Implementation Guide :: Version 1, Release: 24 Benchmark Date: 25 Jan 2019","24","CCI-001443
The information system protects wireless access to the system using authentication of users and/or devices.
NIST SP 800-53 :: AC-18 (1)
NIST SP 800-53A :: AC-18 (1).1
NIST SP 800-53 Revision 4 :: AC-18 (1)

CCI-001444
The information system protects wireless access to the system using encryption.
NIST SP 800-53 :: AC-18 (1)
NIST SP 800-53A :: AC-18 (1).1
NIST SP 800-53 Revision 4 :: AC-18 (1)

CCI-002418
The information system protects the confidentiality and/or integrity of transmitted information.
NIST SP 800-53 Revision 4 :: SC-8

",